"Lad Aaret forandres og væltes omkring,
vi drikke saa rolig ved tidernes Sving;
ved Maaneders Skifte og Dagenes Fald
vi føle, vi vide dog stedse vort Kald.

Lad Vinteren kun true med Frost og med Slud,
den vil os kun hindre at vove os ud;
naar Vinduet skingrer med Stormens Allarm,
saa sidde vi inde, og drikke os varm.

Og kommer saa Vaaren med mildere Luft,
saa dufter vor Punsch mellem Blomsternes Duft.
Da spiller i Glasset den Qvægende Taar,
og byde Velkommen den yndige Vaar.

Naar Sommeren tænder en hedere Brand,
kun Tossen da gaaer og sig slukker med Vand;
nei! Phoebus os raader, naar Heden er størst,
at slukke i Punschen al Hede og Tørst.

Saa kommer Bacchus, vor Glæde, vor Trøst
og bringer til os den velsignede Høst;
den modnende Drue da vinker os hen
at drikke, og drikke og drikke igjen!"
"Min Søn, om Du vil i Verden frem,
    Saa buk;
Og tie til Tingen, Du finder slem,
    Og buk.
Viid, Du est fattig, thi maa Du bukke,
Og skiønt Du vel kan i Løndom sukke,
    Saa tie, buk atter,
    Hold Munden, buk atter,
    Og tie!

Naar Stormand møder Dig paa Din Vei,
    Saa buk,
Og siger han til Dit Ønske Nei,
    Saa buk;
Og holdt Du Ham for en ussel Taabe,
Saa husk, Du vandrer i Ringheds Kaabe,
    Og tie, buk atter,
    Hold Munden, buk atter,
    Og tie!

Naar Viismand prædiker for Dig tidt,
    Saa buk;
Skiøndt Du det har med Din Barnskoe slidt,
    Saa buk.
En Viisling lider saa lidt Din Tale,
Som Vinter lides af kuldskier Svale;
    Og tie, buk atter,
    Hold Munden, buk atter,
    Og tie!

Om nogen brovter med sit: bey mir!
    Da buk,
Og harmes Du ved han dumme: hier!
    Saa buk.
Thi viid, han lønnes med Guld og Ære,
At Du skal Konster og Viisdom lære,
    Og tie, buk atter,
    Hold Munden, buk atter,
    Og tie!

Naar Tungen traver paa Fruen fast,
    Saa buk;
Med Svaret har det slet ingen Hast,
    Kun buk;
End tar den reent paa at gallopere,
Saa lad som ventede Du end meere,
    Og tie, buk atter,
    Hold Munden, buk atter,
    Og tie!

Og seer Du Daarlighed fiern og nær,
    Saa buk.
Om alting galt og forstyrret er,
    Saa buk.
Hvad bryder Du Dig om Folk og Riger?
Drik Punsch, vær doven, og fjas med Piger,
    Og tie, buk atter,
    Hold Munden, buk atter,
    Og tie!

Op spottets haanlig med Skrivt og Gud,
    Saa buk.
Og skielder nogen Din Konge ud„
    Saa buk.
Og lyster Hovmand Dit Gods at tage,
Hvad heller Kys af Din Ægtemage,
    Og tie, buk atter,
    Hold Munden, buk atter,
    Og tie!

End slæbte, miskiendt Du Dig ihiel,
    Saa buk,
Og frister Grovhed alligevel,
    Saa buk;
Og faaer Du Uslingen, som kun skryder,
Til Formand fat, som med Stolthed byder,
    Og tie, buk atter,
    Hold Munden, buk atter,
    Og tie!

Kun Graven ændser, min kiere Ven,
    Ei buk,
Og hisset kiender og Dommeren,
    Ei buk;
Men til Du ligger i Graven rolig,
Og Frihed finder i Aanders Boelig,
    Til da, buk stedse!
    Hold Munden, buk stedse!
    Og tie!"
"Dagen segned til Hvile,
tavs er den dunkle Jord.
Solkuglens sidste Pile
saa matte i Havet for.
Dagen segned til Hvile,
Natten staar afgrundsstor,
Stjernerne funkle, og smile
ned til den dunkle Jord.

Fader, til dig alene
vender jeg mig i min Nød;
Lysets Kilde, den rene,
er Fjende af Mørke og Død.
Fader, til dig alene
vender jeg mig i min Nød:
Verden rakte mig Stene,
mæt du mig med Livets Brød!

Fader og Gud i det høje,
skænk mig din dybe Fred,
lad dit kærlige Øje
følge ethvert mit Fjed!
Fader og Gud i det høje,
skænk mig din dybe Fred,
lær mig min Bøn at føje,
at du kan glædes derved!

Fader, paa dig vil jeg kalde,
Dagen mig gik imod;
Verden rakte mig Galde,
læsk du mig med Livets Flod!
Fader, paa dig vil jeg kalde,
Dagen mig gik imod:
lad mig ej snuble og falde
led min vaklende Fod!"
"Vi følges af Kristus, vor Broder.
I Skyggernes Dal, i Forvirringens Land,
paa Færd over Tvivlens det kulsorte Vand,
vi følges af Kristus, vor Broder.

Vi hjælpes af Kristus, vor Broder.
Naar Mismodets Slanger og giftige Kryb
vil gnave vor Hjerterods inderste Dyb,
vi hjælpes af Kristus, vor Broder.

Vi elskes af Kristus, vor Broder.
Naar Verden os møder med Kulde og Trods,
naar alt, vi har kært, vil sig vende fra os,
vi elskes af Kristus, vor Broder.

Vi trøstes af Kristus, vor Broder.
I Dødens den mørke, den iskolde Nat,
af alle de jordiske Venner forladt,
vi trøstes af Kristus, vor Broder.

Vi følges af Kristus, vor Broder.
Paa Pilegrimsfærden fra Gravdybets Rand
fjernt, fjernt imod Himmelens evige Land
vi følges af Kristus, vor Broder."
"O stakkels Sjæl,
i Bøn for Almagts Trone knæl!
Din Synd og Skam
da slettes vil af Ham,
og al din Sone-Bod
blir Anger-Taarens bitre Flod,
thi Gud er god!

O bange Sjæl!
Ej Slangen bider mer din Hæl;
vær uforsagt,
thi brudt er Helveds Magt;
ja, fat kun Haab og Mod,
oprykt er Mørkets onde Rod,
thi Gud er god!

O trygge Sjæl!
i Mørkets Skygger mer ej dvæl!
Fra Gravens Gru
du vende glad din Hu,
og gaa med frejdig Fod
det lyse Livets Land imod,
thi Gud er god!"
"Ja Vinen fryder Mandens Bryst;
thi gav Gud Druen Saft.
Ved Viin og Sang og skyldfri Lyst
vi vinde Manddoms Kraft.
Den Glade vorder gjerne graa;
thi klinker først, og synger saa
hvad Luther skrevet har:
""At uden Viin og Sang og Viv
er du en Nar dit hele Liv!""
og her er ingen Nar.

Os fryder Sangens Harmoni
i trofast Vennelag.
Den skaber, som ved Trylleri
os Nat til klare Dag.
Thi hviler efter Dagens Sved,
og klinker saa, og synger med,
hvad Luther skrevet har:
""At uden Viin og Sang og Viv
er du en Nar dit hele Liv!""
og her er ingen Nar.

Den vennehulde Quindes Smiil
begeistrer os til Daad,
til Kraft mod Kummers hvasse Piil,
og Dødens sidste Braad.
Thi hver, som vorder gjerne graa,
nu kysse først, og synge saa,
hvad Luther skrevet har:
""At uden Viin og Sang og Viv
er du en Nar dit hele Liv!""
og her er ingen Nar."
"Datter af Ungdom, Munterhed,
følg os i hvert af vor Banes Fjed!
Uden dig jo Livet er
kun et møisomt Besvær.
Du er den, som det skjænker sit ypperste Værd!
Sorg hjelper lidt;
men den Credit
os skaffer?:
Nei, Daaren kun
for Lykkens Fund
sig straffer. :
Kom, Brødre! da,
før vi herfra
gaae til Mama
Proserpina,
og lad os nytte den forundte Glædesstund!"
"Hvor var det skjønt, ifald vi kunde med hverandre,
før vi til Eden gaae,
hernede blandt vor Jords Naragtigheder vandre
syv, otte hundred’ Aar.

Men da Moer Eva har os denne Spas fordærvet,
og Plads ved Englefad
har sine kjere Børn langt snarere erhvervet,
end de der sidde gad.

Saa, Brødre! lader os ei slige Daarer være,
at døse Tiden bort;
snart Klogskab vil saa lumsk vor Munterhed hentære
dens Rose blomstrer kort.

Vist siger Man, vor Jord er fuld af Skarn og Plager,
og der er noget i;
men, tro mig! Verden er just, som man den sig tager,
et snurrigt Maskapi.

Ja sæt! vi kunde i vor egen Lod udfinde
lidt mere sort end hvidt,
er jo hver Time, vi kan Sorg og Gigt afvinde,
den reneste Profit.

Bort altsaa, Yngling! bort med hver ubuden Grille,
der mørkner Livets Fryd;
tænk Amors Tryllerie, saa vil dit Øie spille,
hans Bud er: lee, og nyd!

Hvo vi Pligt opfylde?
Thi, Brødre! skjænker i!
Og lad med fulde Glas os Glædens Guddom hylde,
Skaal dens Philosophie!"
"De er klædt i Havets Vande,
Bølgeslør omkring dem regner
og de spæde Jomfruformer
i en Styrt af Folder tegner,

mens de løfter Afrodite
op af Dybets Modergemme
mod den gyldne Solens Kilde,
hun kan Dryp for Dryp fornemme.

Ja, der stænker Sol fraoven,
som det fine Hoved døber,
Himmellyset hendes Bryster
som to Foraarsknopper støber.

Afrodite — Herskerinde
er du alt, sivslanke Kvinde,
en Libelle født af Havet,
draget, løftet som i Blinde,

højt af Fødselshjælper-Hænder
mod den blanke Himmel baaret,
hvorfra Solen som et Springvand
risler hedt dig over Haaret:

Se, nu fødes Elskerinden,
nu besjæles Moderskødet,
Livets Ophav, Livets Hensigt
— du er Altet, du er Ødet!

Du er den, som alting skaber,
du er den, hvem alt begærer.
Alt, hvad lever, dig besvangrer,
alt, hvad elsker, du fortærer.

Evig Jomfru, alles Skøge,
bolerisk og ubesmittet
fra hvert Favntag gaar du genfødt
med din kyske Chiton glittet.

Solens Springvand paa dig sprøjter.
Mens dens Guldsæd dig bestænker,
spiller Skøgen Dobbelfløjte,
Bruden Røgelse dig skænker."
"Og der blev tyst i Sindet, fredlyst stille;
det var, som Hjærtet hørte op at slaa,
mens ud i Luften langt jeg for mig saa’,
hvor Aftensolens Viftestraaler spille.

— Din Haand i min, du søde Roselille!
her vil vi sidde bag Gardinet skjult
og se, hvor Skæret blusser flammegult,
og Skyerne i Vest sig taarne vilde.

Ind bølger Duften fra Jasminers Klynger,
saa hed, saa sansetung med sødlig Pirren;
en Lyd i Luften af en Svales Svirren;
i Aftenbrisen Drueløvet gynger.

Springvandets Draaber plaske ned i Kummen
og nynne dryppende som Melodier.
— Ja, vi vil sidde her, mens begge tier,
og synke hen i salig, sød Forstummen.

Din Haand i min! ... Vi vil, min Roselille,
os drømme bort i Aftenhimlens Blaa:
der bliver tyst i Sindet, fredlyst stille ...
... det er, som Hjærtet hørte op at slaa ..."
"Den brede Dal, den vide Fjord
sig slynger blank om Næs og Nor
med Køer højt i Græs til Bov,
med Damp fra Sumpens side Jord,
mens Mærkeblomster hvide gror
og Sivet suser som en Skov.

Højt op paa dette Bakkedrag,
hvor Vinden tager Nakketag
og driver os langs Fjorden ud,
hvor Strømmen bølger norden ud,
vi gaa i muntert Snakkelag.
De andre langsomt sakke bag
— vi lege vil den lyse Nat
Tagfat helt ud til Kattegat.

Dèr staar den røde Maane op
bag Bakkens lave Blaanetop,
rund som en rød Eidammerost
den luer modent i August.
Mod Bakkens Kam vi skraane op
og løbe lunefuldt i Slyng
igennem al den brune Lyng.

Hør nu det første Maageskrig
fra Havet, der en Taage lig
remdamper under Højens Fod
og risler ind sin Vuggesang
i Takten til din smukke Gang
og Hymnen i dit unge Blod.

Saa staa vi her ved Kattegat
dybt i den sølvermatte Nat.
De Bølger smaa i Klynge lo,
og vi fik til at synge Ro.
Jeg tager dig om Livet fat:
Saa gaa vi over Kattegat
ad Maanens gyldne Gyngebro!"
"Hvert Foraar udsaar Haabet sin Sæd,
som Jorden forjættende favner,
men Høsten bringer kun sparsomme Fold,
og Haabet ryger i Avner.

Aarhundredet udsaar spirende Kim,
der skal føre „Slægten“ frem;
maaske før et Tiaar er rundet ud,
er Udsæden gaaet i Glem.

Slægten vil bygge et Babelstaarn:
i Himlen skal ind der rykkes; —
det styrter i Grus; paa den sunkne Ruin
nye Babler der bygges.

Hvert Slægtled er et Gigantertog,
der stormer Olympen med Brag:
Evig den selv samme Ungdomstrods,
der lider sit Nederlag.

En stedse rullende Bølgegang
med skiftende Hæven og Sænken —
Prometheus, der higer mod Frihedsluft,
men slider forgæves i Lænken.

En Kamp, der raser med fælles Maal
— raser i hvert el Bryst;
men Løfter, man tog af sin Vaartids Sæd,
blev aldrig løste i Høst.

Hver Morgen hejses i Solens Lys
Banneret — Fremskridtets røde;
mod Aften er det en falmet Klud —
og alle „de unge“ døde.

Men Kampen fornyes af næste Slægt
og tærer paany dens Marv;
— dog, Haabet at storme Olympen engang
er Slægternes evige Arv."
"Fra dette Hjem, hvis klare Ruder vendte
Mod Mark og Sund og Byens fjerne Taarne,
Er vandret forhen, af Begejstring baarne,
De Mænd, der Ledefyr for Danmark tændte.

I disse Rum en Fe har haft til Huse,
Der Blomsterløg i frugtbar Muldjord gemte
Og unge Sind til Harpeklange stemte
Og var dem selve Modersmaalets Muse.

Hvad her er grot, ej kunde Glemsel smuldre,
Men Takken har sig til en Borgvagt sanket
Og atter Tag og Stolper nysat ranket
Og løftet Mindet højt paa stærke Skuldre.

Vidt over Land nu toner Mindebruset:
Det gamle Træ har Øksen ikke hugget,
Men faste Mure har paany sig lukket
Om Genien, der bor i Bakkehuset."
"Jeg vaagned en Sommermorgen i det skønne rige Land
og stirred i Rhonedalens dybe Søers Spejle,
saa rosenfarvede Skyer om grønne Bjerge sejle
og dejlige Popler blinke langs det kviksølvhvide Vand
— den kyske Morgen tindred over det rige Land.

Jeg sejled ned ad Seinen fra det daarende Paris:
Skove steg bag Skove, og Spir af Løvet dukked.
En Urskov af Kultur sine Trylleringe lukked
omkring min Flugt, der ligned den letberuste Bi’s,
naar den summer fra Kuben ud i et Sommerparadis.

Jeg gled ad glemte Stier i en øde gammel Park
— Duften stod i Stimer fra blomsterfyldte Linde —
jeg stirred dybt i Græsset efter et ædelt Minde,
et stolt og jernklædt Fodspor af den stolte Jeanne d’Arc,
der førte som en Fylgje sit Folk ad Krigens Mark.

Rejste en gotisk Borg sine Taarne tindetungt,
mit Hjerte skjalv i Gangen over Broens skøre Vippe
Dér stod i Portens Gab, rank med sit Nøgleknippe,
Borgkastellanens Datter — Øjnene skinned ungt —
og alle de rustne Fløje drejed sig mindetungt.

Hen over den hvide Pande faldt Rudernes Prismeskær.
Hun gled ad Flisegulvet med sin adelige Ynde,
og hendes Læbers Linjer syntes tavst at nynne
hede Korsfarerstrofer for en begejstret Hær.
Og blændet gled jeg gennem det regnbuflakte Skær.

Og Kastelianens Datter sænked sit Øjelaag
men løfted sin klare Stemme i Borgens hvalte Sale —
under de høje Buer den kvidred som en Svale:
I Guder, hvor hun talte sit skønne Modersprog!
— mod alle Salens Skjolde klingende Røsten, slog."
"Parnas-Bevogter, elskte Peter Nansen,
til hvem de danske Muser søger hen,
som selv — o Sorg! — har lagt din gyldne Pen,
men stadig ejer hele Digtersansen;

i Dag skal altsaa Jubilæumskransen
en Krone sætte paa dit store N,
og hyldes skal de danske Skjaldes Ven
for egne Værker, som ej tabte Glansen.

Hør dog, hvor alle Gyldendalens Bier
— Arbejdere og Dronninger og Droner —
en henrykt Summen til din Ære toner.

Tak for dit Venskabs rene Melodier,
og gid — saa gør du dine Bier glade —
din Lavrbærkrone skyde friske Blade!"
"Jeg sidder i Stuen, er træt, er mat,
min Pegasus lider af Harespat,
saa gerne den vilde mig løfte fra Stol
og hædre dig ved en høj Kapriol.

Hyp, hyp, gamle Vallak! forsøg dog et Spring —
klikker det, gør det jo ingen Ting.
For Olaf han véd, at din Rytters Hjerte
brænder for ham som en gammeldags Kerte.

Ja Olaf, min Doktor for indeklemt Spleen,
du muntrer mig op som den lifligste Vin.
Naar Lunet var halvdødt, og Halsen var tør,
du gengav mig tit mit gamle Humør.

Du sprudler og knitrer — Champagnevin lig —
og sejrer mod Surmuleriet i Krig —
Geniets Ild fra dit øje straaler.
Du bryder dig ej om justerede Skaaler.

Du har et uovervindeligt Mod,
det skummer og bruser, dit Kuntnerblod,
Derfor en slapsvanset Kritiker bliver
forarget paa dig ...: „Han overdriver”.

Tag Fyren i Nakken! Leg Himmelspræt
med ham og den jordbundne Krybdyr-Æt!
Løft Snærpernes Skørter, spænd Ben for hver lumpen
Anstændigheds-Snob, saa han falder paa Rumpen.

Og bringer det Sved, saa søg du din Ro
hos Mille og Børn i Bredgadens Bo.
Sug ind saa stille de Dufte blide!
hæld Væde paa Hjemmets Roser, de hvide!"
"Til Babilon! Til Babilon
gaaer Vejen over Havets blaa,
og Vejen den er brolagt med
de tusind runde Bølger smaa.

Og Vandet det er miledybt,
paa Bunden staaer der Grav ved Grav,
en Kirkegaard, en stille Krypt,
det uudforskelige Hav!

Og Flores staaer paa Skibets Dæk
i Graaskindskappen musegraa,
og stirrer paa det brede Vand
og kan ej se sig mæt derpaa.

Det gemmer intet Aasyns Træk,
kun Himlen ses i dette Spejl,
og ude fjærnt i Kimingen
vugger der sig et enligt Sejl.

Til Babilon! Til Babilon!
synger den lette Sommervind.
Til Babilon! Til Babilon!
klinger det atter i hans Sind.

Her er saa fredeligt, saa tyst
ved solklar Dag, i Stjerneskær,
her er saa grænseløst, saa frit,
og alt saa fjærnt og dog saa nær.

Og den, som elsker helt og fuldt,
han kender ej til Ensomhed,
der staaer en Stjerne i hans Bryst,
en skønnere, naar Sol gaaer ned.

O, Blanseflor, min hvide Blomst,
Du fylder Verden med din Duft;
der er af dine Øjnes Glans
et Smil i denne blanke Luft.

Jeg føler det, Du er mig nær
ved Stjernenat, ved solklar Dag,
jeg føler i den milde Vind
velsignende dit Aandedrag.

O, Blanseflor, min hvide Blomst,
Du lever visselig endnu,
hvor skulde nogen kunne dø,
der elskes inderligt som Du.

... Men der er langt til Babilon,
saa dyb er Livets dunkle Strøm,
og tidt, naar man til Bunden saa,
var Livets bedste Lyst kun Drøm"
"Ja, hvad er Kvinders Længsel
og Kvinders Begær?
En aldrig slukket Trang
at være nær, den man har kær.

At fatte om hans Hoved,
at glatte paa hans Haar,
at gi’ ham af sin Ømhed
saa meget man formaar.

At hviske ved hans Øre
og smile mod hans Mund,
og gemmes ved hans Skulder
en lønlig Aftenstund.

Og hvis hans Kys blir vilde
og knugende hans Arm,
at smyge sig ind til ham
saa føjelig og varm.

At pusle mod hans Legem
saa legende, man kan,
at være ham til Vilje,
naar hans Blod er i Brand.

— Ja, hvad er Kvinders Længsel
og Kvinders Begær:
Evindeligt at bøje sig
for den, man har kær.

— —
Se, saadan synger Karen,
og Karen ved en Del;
men passer det for andre mon,
end for ung Karen selv?"
"Oh, Moder Jord,
vaagn op af din Slummer,
kast Isdynen af dig,
og det kolde, hvide Lagen!
— Du har sovet saa længe, Moder Jord,
alt for længe har den varet, din tunge Vintersøvn.
        — Se, Nattens Mulm er taget af, Moder Jord,
        se, Døgn for Døgn svinder Mørketiden bort;
        se, Lyset er kommet tilbage
        og de gode, lange Dage;
        — og det Blink, som Solen kaster
        mod vor frosne Rudes Rim,
        det har Straaler, der forjætter —
        — Vaar forjætter Solens Straaler.

Oh, Moder Jord,
se, her staar vi om dit Leje,
frysende og ventende
og spændte af Forlængsel.
        Hvor er Brisen, Moder Jord,
        mættet af Grødeduft og Muld,
        som vi er vante at fornemme
        paa den Tid, vi kalder Jævndøgn,
        — paa den Tid, da vi kan vaagne
        Martsmorgen henad Fem
        og se Dagens Lysning sive ind i Kamret?

        Hvor er den grønnende Sæd, Moder Jord?
        Hvor er de spirende Blomster, Moder Jord?
        Hvor er den gule Følfod
        paa Grøftekantens Skrænt,
        og den lille hvide Lilje,
        vi er vante at finde
        i Læ indunder Havens høje Hæk?
Sne finder vi, Moder Jord,
og en alt Liv lammende Skorpe af Is;
men af Spirer og Blomster ikke Spor,
        — ikke Spor!

        For vor Rude sidder Spurven
        tigger bønligt om en Krumme;
        der er ingen Mad at finde
        for en lille sulten Fugl;
        — og i Stalden strækker Koen,
        vakt af Solens Glimt paa Væggen,
        Mulen mimrende i Vejret,
        brøler mod den stængte Glug;
        — brøler ud sin syge Længsel
        efter Grøde, efter Vaar,
        efter Græs og grønne Vange.
        Og vi, dine Børn, Moder Jord,
        — aa, hvor vi længes imod Foraar!

Vort Sind bliver pirreligt og sygt,
— som den kuldesprukne Hud paa vore Hænder —
om vi evindeligt skal staa og stirre
paa dit Lagen af Sne, Moder Jord,
og paa alle Tings isnende Død.

Oh, Moder Jord,
vaagn op af din Slummer,
kast Isdynen af dig
og det kolde hvide Lagen!
Hør os Moder Jord!
Hør vor ømme Bøn!"
"Duftende Enge og kornrige Vange,
sølverblaae Vover om skovkranste Kyst,
gyngende Snekker og jublende Sange,
det er vort Fædrelands Vælde og Lyst.

Tidt pløjer Dansken de fjerneste Bølger,
stundom han færdes i fremmede Land;
stedse dog Mindet om Danmark ham følger,
tryller ham sødt til dets elskede Strand.

Høit have Konger ved store Bedrifter,
Helte ved kjæk og berømmelig Færd,
Skjalde ved Sange, og Vise ved Skrifter
hævdet vort Danriges ældgamle Værd.

End troner Kraften i Egenes Skygger,
Frihed end boer under Nordboens Tag,
Ætten af Kæmper vor Arne betrygger,
Retfærd omsvæver vort Banner og Flag.

Retfærd og Frihed vort Løsen monn’ være:
Dem ikkun hylder den nordiske Mand!
Fred om vor Hytte, og Skjold om vor Ære!
Himlen velsigne vor Drot og vort Land!"
"Tunge, mørke Natteskyer
Op ad Himlen drager,
Hjem til Skovs af Marken flyer
Hist de sorte Krager,
Skumringen sig breder ud,
Det er mørkt omsider.
Vær os nær, du kjære Gud,
Medens Natten lider.

Vær mig nær, thi uden Dig
Ensomhed mig truer;
Vær mig nær, thi uden Dig
Jeg for Mørket gruer;
Hold mig med Din Faderhaand,
Saa jeg Dig fornemmer,
Fri mig ud af Mørkets Baand.
Saa min Frygt jeg glæmmer.

Lad mig føle, hver Gang naar
Verden bli’r mig øde,
At Du, Fader, hos mig staar,
Og i saadan Møde;
Og naar Natten i mit Bryst
Hjærtet vil omlejre,
O, da skjænk mig Livsens Trøst,
Vind mig Lysets Sejre.

Og naar Dødens Nat en Gang
Over mig sig sænker,
Lad mig høre Morgensang,
Før end ret jeg tænker,
Dine Fugles Morgensang
I den høje Sommer,
Dér, hvor Dag er al Tid lang,
Natten aldrig kommer.

Tung og mørk den tavse Nat
Over Jorden spænder,
Hist kun bag et Vindve mat
Vaagelys der brænder.
Du, som lindrer Sorg og Nød,
Al vor Synd forlader,
Lyser op den mørke Død,
Tak! Du Lysets Fader!"
"Sé, nu stiger Solen af Havets Skjød,
Luft og Bølge blusser i Brand, i Glød;
Hvilken salig Jubel, skjønt Alt er tyst,
Medens Lyset lander paa Verdens Kyst.

Jeg vil aande Luften i fulde Drag,
Synge Gud en Sang for den lyse Dag,
Takke ham, at Morgnen mig end er sød,
At mig Dagen fryder, trods Synd og Død.

Takke ham, som gav mig, naar Sol staar op,
Selv at føle Morgen i Sjæl og Krop,
At al Mørkhed svinder og Sjælevé,
Blot jeg trygt vil sige: Din Vilje ské!

O, at jeg tør favne Dig, skære Dag,
Kalde Dig med Navne, min Sjæls Behag,
Alle gode Navne, som bedst jeg véd:
Moder, Søster, Elskte: min Kjærlighed!

Lysvæld bag ved Lysvæld i Himlen ind,
Did, hvorfra den kommer nu, Morgnens Vind,
Ret, som om den aanded af Lyset ud — —
O, Du milde Fader, min Skaber, Gud!

Lad mig nu kun drage ad natmørkt Hav,
Lad mig ikkun stævne imod min Grav:
Livets Gud mig skjærmer, jeg er hans Barn,
Ud hans Haand mig river af Dødens Garn.

Sé, da stiger Solen af Hav paany,
Alle Dødens Skygger for evig fly,
O, for Sejers-Jubel, for salig Lyst:
Lyset stander stille paa Livets Kyst!"
"Vi pløjed, og vi saa’de
vor Sæd i sorten Jord,
saa bad vi ham os hjælpe,
som højt i Himlen bor.
Og han lod Snefald hegne
mod Frosten barsk og haard,
han lod det tø og regne
og varme mildt i Vaar!
Alle gode Gaver,
de kommer oven ned,
saa tak da Gud, ja, pris dog Gud
for al hans Kjærlighed.

Det er jo ham, hvis Vilje
opholder alle Ting,
han klæder Markens Lilje
og runder Himlens Ring.
Ham lyder Vind og Vove,
ham rører Ravnens Nød,
hvi skulde ej hans Smaabørn
da og faa dagligt Brød?
Alle gode Gaver,
de kommer oven ned,
saa tak da Gud, ja, pris dog Gud
for al hans Kjærlighed.

Ja, tak, du kjære Fader
saa mild, saa rig og rund,
for Korn i Hæs og Lader,
for godt i allen Stund.
Vi kan jo intet give,
som nogen Ting er værd,
men tag vort stakkels Hjerte,
saa ringe som det er!
Alle gode Gaver,
de kommer oven ned,
saa tak da Gud, ja, pris dog Gud
for al hans Kjærlighed."
"Bag Jordens Bryst, i Klippehiertets Kamre,
        Hvor Mørkets Edderkop sit Garn udspænder,
        Ad enlig Sti, som Foden ikke kiender,
        En Biergmand gaaer, hvor Dybets Vandfald jamre.

De golde Steen, liig onde Tanker, klamre
        Sig om Krystallerne med stærke Hænder;
        Da hugger han, mens Lampen stille brænder,
        Det ædle Guld af Klippen ud med Hamre.

Jeg steg som han ned i mit Hiertes Kløfter,
        Og Sorgens tunge Hammer skal jeg svinge
        Til jeg det rene Guld for Dag kan bringe.

Det ligger dybt, og langsomt jeg det løfter;
        Men midt i dybest Nat, blandt Taagedampe,
        Din Kiærlighed, Madonna! er min Lampe"
"Madonna, vil en selsom Drøm du høre?
        Ved Himlens Dør jeg stod, sorgfuld i Sinde;
        Jeg skimted Herlighedens Glands derinde,
        Og Sang af Engle naaede svagt mit Øre.

Luk op, Sanct Peder! bad jeg, lad dig røre!
        Da lød en Røst fra Morgenskyens Tinde:
        Vend om og føg dig først en Elskerinde;
        Thi kun for To jeg aabner Himlens Døre.

Det var Gud Amor selv, der til mig mæled;
        Han Portner var, og Nøglerne de tvende
        Af Guld og Sølv, saae jeg, han holdt ihænde.

Flyv, lette Sang! af Haab og Frygt besiælet,
        Hen hvor min Rose staaer i Blomstervrimlen,
        Og hvisk: Madonna, hielp ham ind i Himlen!"
"Dybe, stille,
        Stærke, milde
Guddoms Ord fra Himmel-Havn!
        Blidt de kalde
        Hjerter alle
I den gode Hyrdes Navn,
Vidner om hvad os er givet:
Jesus er vor Vei til Livet.

        Frelser kjære!
        Tak Dig være
For Din Naade mod vor Jord!
        Tiden rinder.
        Verden svinder.
Evig dog bestaaer Dit Ord!
Med Dit Ord Din Naade varer
Er vort Værn mod alle Farer.

        Drag de mange
        Sjæle bange
Til Dig ved Din Helligaand!
        Allevegne
        Døden segne
For Din stærke Frelser-Haand!
Før os an paa Livets Veie!
Før os ind til Livets Eie!"
"Kom lad os drikke egen Skaal:
Gud lade Smaafolk leve!
Der er et Væsen og en Skraal,
naar Kongen gjør en Greve.
Opløftes Een i Herrestand
og faaer et broget Vaaben,
da tænker strax en Borgermand:
""nu seer han Himlen aaben.""

""Den Mand nu svømmer som en Fisk
i bare Lyst og Ære,
tør til de Store tale frisk,
ja kalde dem Monfrere.
Han nu saa prægtig age kan
med sex udvalgte Hopper,
der kneise vel saa stolt som han
med deres blanke Topper.""

""Naar der er Stads i Kongens Gaard,
han sans Facon kan møde,
mens Hundrede ved Døren staaer
og klemme sig til døde.
Han ved en stor Solennitet
seer Kongen paa sin Trone,
ja, dandser gar en Menuet
med en blaa Ridders Kone.""

Saa pleier gjerne mindre Mand
den større at misunde;
men, Brødre! vi, som har Forstand,
vi bytted ingenlunde.
Det værner ingen Herlighed
mod mørke, sure Dage:
ja, Fyrster tit maae trækkes med
kjedsommest Tvang og Plage.

Mon, for Eksempel, Kongerne
som vi kan Venskab holde?
Mon de, liig os, fornøiede
kan sidde om en Bolle,
og, ved uskyldig Spøg og Fjas,
Travail og Gjeld kan glemme,
og klinke med de fulde Glas,
og Selskabs-Sang istemme?

nei, stakkels Potentater kan
ei Livets Goder nyde,
ei med fortrolig Ligemand
og Ven og Punsch sig fryde:
De see og høre idel Kunst
hos bøielige Svende,
som med en evig Viraksdunst
hver Sandhed fra dem gjenne.

Men Skaal for hver den Jordens Gud,
der frit som Smaafolk tænker,
og som en Kjæmpe bryder ud
af Etiquettens Lænker;
der alt med egne Øine seer,
og selv sig Den opleder,
som for de Byrder, som han bær,
ham huuslig Fryd bereder."
"Ei Guld og Gods jeg spørger om,
naar jeg har Sjelero.
Er Sundhed kun min Eiendom,
er jeg saa saare fro.
Og altid rørt mod Himlen klang
min Morgen og min Aftensang.

Saa mangen Een er grumme riig,
har Penge, Huus og Gaard,
og vil dog aldrig glæde sig,
hver Stund fortræd ham spaaer.
Skjøndt nok han har, han vil end meer,
og daglig høres Klager fleer.

Ham Jorden er en Jammerdal,
og tykkes mig saa god,
den har jo glæder uden Tal,
den ingen favne lod.
Selv Oldenborren Maiens Priis
udsurrer paa sin ringe Viis.

Og os til føie smykke sig
jo Bjerg og Eng og Skov,
og fjern og nær saa lystelig
gjenlyder Almagts Lov.
Ved Arbeid synger Lærken jo
og Nattergalen ved vor Ro.

Og naar den gyldne Soel opgaaer,
og alt forgyldes her,
og Alt i stolte Blomster staaer,
og Agren Vipper bær,
da tænker jeg: at denne Pragt
blev til min Lyst ved Herrens Magt.

Da lever jeg og priser Gud,
og hjerteglad jeg er,
og tænker: o! hvor mener Gud
det godt med Mennesker!
Thi skal min Sjel taknemmelig
ved al Guds Godhed fryde sig."
"Vist ingen Amazone
Den første Strømpe bandt:
En nordisk, yndig Kone
Den ædle Kunst opfandt.
Paa Glutter ømt hun saae,
Hvor frøs de kjære Smaa!

Da tog hun fire Pinde,
Og Knuder slog derom,
Og af en ulden Tvinde
To Strømper snart fremkom;
Hun sagde: „Pusling, bie!
„Put kjønt dit Been heri!”

Da smiled’ glad den Moder!
Thi Strømpen varmed’ brav;
Og alle sine Poder
Hun saadan Varme gav.
Snart Manden Strømper bar;
Sidst fik hun selv et Par.

Fred med den fromme Qvinde!
(Hun vist i Himlen boer)
Af hendes Strikkepinde
Blev Nytten saare stor;
Enhver, som nu kan gaae,
Har bundne Strømper paa.

Hvor morsomt er det ikke,
Med Nøglet i sit Skjød,
Sin Strømpe selv at strikke,
Og sysle for sit Brød!
En Stakkel faaer den Mand,
Hvis Brud ei strikke kan."
"Før Noah Tid var Adams Børn kun Tosser,
de nøde kun det halve Liv;
med Pigerne de dreve Narrensposser1,
og det var alt der’ Tidsfordriv.
:|: De kjendte ei den ædle Kraft,
der ligger skjult i Druens Saft. :|:

I Verdens Vaar dog bedre Druer vare,
vor Kunst har ei Naturen naaed’;
men tænk engang!  hvor de var store Narre,
der saadan Frugt paa Ranken aad.
:|: Derfor kom og en Strøm af Vand,
og drukned dem, Mand for Mand. :|:

saa saare dum var Lameks Søn dog ikke,
han pressed Saft; ham være Tak!
Men Vinen selv forstod han ei at drikke,
thi han sig fuld i Eenrum drak.
:|: Derfor bekom han og til Løn,
at udlees af sin yngste Søn. :|:

Maaskee først Cham opfandt den Kunst at drikke,
og drak i Selskab med sin Søn;
men vor Papa, og Sem forstod den ikke,
de drak vel nok, men drak i Løn;
:|: og gid kun ei der’ Afkom fik,
i Arv fra dem den samme Skik. :|:

Den brave Loth, som vi bør ellers hædre,
thi han i Viin fandt stor Behag,
han gjorde det just ikke meget bedre;
thi han med Quinder drak i Lag.
:|: Og hvo med dem har tømt en Pot,
den samme Fare staaer som Loth. :|:

I Japhets Slægt en større Tosse gives,
en Kongesøn i Albion;
han vælge skal, hvordan han vil aflives
hvad Frihed gi’er ei Albion —
:|: Hans Valg hvor faldt det Manden ind —
at ville døe i et Fad Viin! :|:

O Viisdoms Maal, o Held for vore Dage!
Vi Mænd, som Klubber først opfandt!
Vi ønske ei den gyldne Tid tilbage,
ved Byttet vi kun lidet vandt.
:|: At drikke i en Klub som vor,
er meer end alle gyldne Aar. :|:"
"Var Odin ei den Viseste i Norden,
en Gud saa stolt, som vel Homerus har?
Han vredtes kun, og Himlen brølte Torden,
:|: han tænkte: Danmark bliv! og Danmark var. :|:

Men hvad var vel hans Glæde her paa Jorden,
mon evig Kamp, og evig Vaabenbrag?
Var hans Musik en uophørlig Torden?
:|: Var Troner kun hans Attraa Nat og Dag? :|:

Nei, nei! saa vild var vor Valfader ikke;
hans Lyst var Sang, og Øl og Mjød til Drik;
han slog kun for i Ro at kunne drikke,
:|: og fyldte Bægres Klang var hans Musik. :|:

Men da han blev omsider kjed af Jorden,
saa skabte han et varigt Himmerig —
en Salighed for Kjæmperne i Norden,
:|: et Valhalla til Fryd for dem og sig. :|:

Thor tog et Fjeld blandt Norges Marmorklipper,
og vendte det, og satte det til Bord,
derpaa stod Kruos med Mjød, som aldrig slipper,
:|: og Bragi blev til Gud for Sangen gjort. :|:

Valhalla stod Elysium til skamme,
Valfader drak, før han foer heden hen,
en vældig Drik, og skal sig i det samme,
:|: og foer til Valhalla, og drak igjen. :|:

Hver Skandinav fik Lyst til Asgaards Glæde,
og elsked’ Dyd, og øved’ Heltedaad
for der at faae blandt Aserne et Sæde,
:|: han smilede ad Dødens hvasse Braad. :|:

Saa gjorde og hiin stolte danske Konge,
som sin Tyran bød Orme stinge død;
Man hørte ham i Pinen glad at synge:
:|: ""jeg gaaer til Odins Sal at drikke Mjød."" :|:

Og var der vel en Helt paa danske Slette,
som Valhal vis i Kampen veeg en Fod?
Nei! for sig der til bords at kunne sætte,
:|: han sidste Draabe Blod for Landet lod. :|:

Naar Valhal ei saa stolt et Himmerige,
og vi det ei høiagte, Skam os da!
Vi synge rask, og drikke tæt tillige,
:|: saa have vi jo her et Valhalla! :|:"
"Tidens Morgen frembrød i straalende Glands over Eden!
Herlig sig Solen opsvang paa flammende Vinger af Mulmet,
Ormen krøb ydmygt i Støv, men Ørnen steg høit imod Skyen.
Dybt i Beskuen fortabt stod Manden: den nyskabte Adam;
Henrykt for Skaberens Verk han sukked’ med smeltende Længsel:
Ak! hvi kan jeg det Alt til mit svulmende Hjerte ei trykke?
See, da danned’ ham Gud dets Billed af Roser og Liljer:
Ildens med Vandets Natur han blanded’, og Slangens med Duens,
Klippens med Sivets; og skabt for Adam smilede Qvinden:
Englen, ved hvilken er tabt, men atter gjenfundet, et Eden!"
"En Kæmpehøi paa Marken staar,
Der græsse nu Bondens Lam og Faar.
Og Solen skinner, og Vinden vifter,
Og Maanen sit Lys paa Himlen skifter,
Og Lærken hvirvler i Sky sin Sang,
Saa sang den og for Kæmpen engang.

Nu sover han længst fra Verdens Kiv; —
Men aldrig uddør Naturens Liv —
Bag Bautastenenes Skygger brede
Tye Faarene ind for Solens Hede.
De frydes ved Livet, som Gud dem gav,
Og slumre sorgløst paa Kæmpens Grav."
"Stolt stod den store Wallenstein
Blandt sine første Helte,
Og oversaae den vide Egn
Med Krigere og Telte;
Da førte en Soldat man frem,
Ved Hvirvellyd af Trommer;
Med Haanden snørt til Taskens Rem,
Han vented’ Høvdingdommen.

„Hvad var,” saa tordned’ Fyrsten, „tal!
Hvad, Usling, var din Brøde?”
„„To Høns af Hungersnød jeg stjal.””
„Derfor skal nu Du bøde!
Til Galgen med ham! flux afsted!”
Opfoer den Seiervinder;
Da knæled Marodeuren ned,
Med dødningblege Kinder.

„„Ved Naadens Gud i Himmerig,
Tilluk dog ei dit Hjerte!
Han høre Dig, som Du nu mig,
I Afskedstimens Smerte!
O, før mig ei i Skjændselsdød;
Mig drev jo Hungersvaanden!””
Saa jamred’ han — men Fyrsten bød,
Og vinked’ bort med Haanden.

Da sprang den blege Synder op
Og knytted’ sine Hænder:
„„Ha Blodhund! Du paa Ærens Top,
Som skjænder og som brænder!
Ja, hæng mig kun! ved denne Jord,
Den usle, dybt jeg væmmes,
Hvor slig en Røver kaldes stor,
Og Arm som Tyv beskjæmmes!””

Saa raabte han, og hæved’ kjæk
Og trodsig op sit Hoved;
Men Alle hørte de med Skræk
Hvad den Fortabte voved’.
Paa Fyrstens Pande Arets Tegn
Med dunkel Rødme brændte;
„Han være fri!” bød Wallenstein,
Og flux ham Ryggen vendte."
"Saa fik du da endelig Digteren dømt,
du Verdens forbandede Skjøge,
der aldrig Tid eller Stund har forsømt
Nationernes Synder at øge,
der tog vore Sønner og tæred vort Brød,
der myrded og hærged og fængsled og skjød,
til du var alene om Magten.

Det vidste alt længe den menige Mand,
der pløjer og hamrer og høvler,
at intet kan trampe et Folk og et Land
som Krigerens pløkrede Støvler,
at Retten er fældet, at Loven er brændt,
at Spydet er mod den retfærdige vendt,
hvor Sablen støttes af Korset.

Og saa blev han dømt den glødende Aand,
Evropas digtende Tænker,
der løfted mod Gud sin besværgende Haand
for En, der sad bøjet i Lænker.
Nu slæbes han selv til Fængselets Krypt,
og der vil de gjemme ham sikkert og dybt,
mens Stjærnerne tændes og slukkes.

Men det vil du angre, du franske Nation,
der bor i de hundrede Stæder,
og vandrer omkring mellem Rhinen og Rhôn’
og nævntes i Verden med Hæder.
Der kommer en Dag, da Navnet Dreyfus
vil fylde dit Blod med isnende Gys
og rødme din sænkede Pande.

Og da vil der løsnes et Suk i din Barm
mod ham, der for Retfærd har dystet,
mod ham, du forfulgte med Raaben og Larm
og flaaede Ordnen af Brystet;
og da vil du samle hver Stump af hans Ben,
og smykke hans Minde og kranse hans Sten
og pynte dig selv med hans Hæder."
"Duncan Gray kom her som Fri’r,
      ha, ha for Bejlen der,
Julenat da her var Svir,
      ha, ha for Bejlen der,
Meggi Nakken gav et Slæng,
saâ paa Duncan knibsk og stræng,
saa han stod der som en Dreng,
      ha, ha for Bejlen der!

Duncan svor sig selv til Mén,
      ha, ha for Bejlen der.
Meg var døv som Stok og Sten,
      ha, ha for Bejlen der.
Duncan sukked ud og ind,
græd sig Munden vid og vind,
skreg, det blev hans Ligkist’pind,
      ha, ha for Bejlen der!

Tiden læger alle Saar,
      ha, ha for Bejlen der —
ogsaa dem, som Elskov slaar,
      ha, ha for Bejlen der.
„Bør jeg"", — trøsted han sig selv,
      „la’ en Tøs slaa mig ihjæl!
Hun for mig kan gaa til Hel — —!""
      ha, ha for Bejlen der!

Det forstaar vor Doktor kun:
      — ha, ha for Bejlen der —
Meg blev syg, da han blev sund —
      ha, ha for Bejlen der.
Noget dybt i Hjærtet sved,
Barmens Rund gik op og ned,
Blikket røbed, hvad hun led,
      ha, ha for Bejlen der!

Duncans Sind var purt som Guld
    — ha, ha for Bejlen der —
Meggis Skæbne medynksfuld,
      ha, ha for Bejlen der.
Duncan saa, hvor hun var sød;
hvorfor volde Barnets Død?
Nu hun smiler paa hans Skjød —
      ha, ha for Bejlen der!"
"Husbond, Husbond, stands dit Kiv,
er du fra dig selv, Mand!
Er jeg end din Ægteviv
er jeg ej din Træl, Mand.
„ikkun én befale kan —
      Nancy, Nancy;
bør da Kvinde eller Mand?
      Svar mig, Nancy.""

Fordrer mere du af mig
Lydighed og Træl’sind,
løber jeg, ved Gud, min Vej,
saa Farvel, min Dril’pind!
„Nu bedrøver du din Ven,
      Nancy, Nancy,
skjønt jeg fandt vel én igjen,
      søde Nancy!""

O, om Hjærtet, saa forsagt,
brast ved hvad du spaar mig!
Har du mig i Graven lagt,
prøv hvordan det gaar dig!
„Aa ved flittig Bøn og Tro,
      Nancy, Nancy,
falder Sindet nok til Ro,
      søde Nancy!""

Hjemme faar du ingen Fred,
der skal blive Fest dér!
Helveds Hær fra Gravens Bred
byder jeg til Gjæst dér!
„Ta’r jeg atter én som dig,
      Nancy, Nancy,
flygter Fanden selv sin Vej,
      søde Nancy!"""
"Jeg mindes tydelig, jeg stod som lille
paa vor Altan en Sommeraften silde.
Det var ved Kirkegaarden, hvor vi boede,
hvor dengang Stadens sidste Huse stode.


Foran mig laa med Tusinder af Grave
i Maaneskin den store Dødens Have,
et Hav af Tuer, Kors og Ligsten hvide.
— Min gamle Bedstefa’er stod ved min Side.


Vinter og Sommer daglig fra vor Stue
jeg havde sorgløst nydt det samme Skue.
Naar Solen skinned, var jeg ikke bange.
Jeg havde leget der saa mange Gange.


Men nu i Maanskin jeg tilbagegyste.
Det var, som om de hvide Ligsten lyste.
Med Dødens Rædsel slog det mig imøde:
Hvad om de rejste sig, de mange Døde?


Min Bedstefader holdt mig fast i Haanden.
Han vilde hærde mig og løfte Aanden.
Han talte til mig, lille Pog, saa meget;
jeg mærked, han var underlig bevæget.


«Vær ikke bange, Dreng, sé kjækt derover!
Saa fast en Søvn i Verden Ingen sover
som Liget indsvøbt i det hvide Lagen.
Den Søvn, den varer ved til Dommedagen.


Kun dér er Fred, dér er vi Alle lige,
Høje og Lave, Fattige og Rige.
Der hjælper ingen Stand og ingen Alder.
Vi maa afsted herfra, naar Døden kalder.


Fra Støv vi kom, til Støv vi skulle blive,
men Gud vil atter vække os til Live.
Engang naar Domsbasunens Toner klinger,
da brister Gravene, da faar vi Vinger.»


En Rædsel gik mig gjennem Barnesjælen.
Det isned mig fra Issen ned til Hælen.
Det var, som slog en Ligluft mig i Møde,
som rejste sig af Gravene de Døde.


Og Maanen skjulte sig bag Stammer sorte,
saa gled den frem, saa blev den atter borte.
Det var, som Skygger underlige lange
sig rørte ovre i de tavse Gange."
"            Frisk er din Kind,
      din Holdning rank,
elastisk hvert et Skridt, Du gaar;
            din Hud er blank,
            lyst er dit Sind,
og lyse dine gyldne Haar;
Du staar dér i en blommet Kjol,
saa smuk, det la’er sier sitre,
som kom Du fra den kære Sol,
      ja lukt fra Himmerige:
            Septemberluft, Septembersol,
            Septemberdagens Pige!


            En Engel? — nej,
            aa Gudskelov:
et Væsen uden Livsbegær
            og Livsbehov,
            det er Du ej —
men Du er næsten englekær!
Jeg ser Dig dér i blommet Kjol,
og jeg kan bare sige:
Du er mig som den kære Sol
      fra selve Himmerige —
            Septemberluft, Septembersol,
            Septemberdagens Pige!"
"At Danmark er et lidet Land,
        Saatidt man declamerer;
Men let den Sag bevises kan,
        At man os kun fixerer!
Lad Overfladen dem paa Kort
        Beregne nok saa nöie,
Vi vil dog helst beregne Vort
        I Dybden og det Höie.


Hvad gaaer os an, om nok saa langt
        Sig strækker ud et Rige?
Naar det iövrigt dog er trangt,
        Saa vil det lidet sige!
Naar Veiret ei kan drages frit,
        Saa smager Vinen ikke!
Og see! hvordan jeg drager mit,
        Og hvordan jeg kan drikke!


Dog, Brödre! lad os heller dem
        Den megen Storhed skiænke!
Hver kan jo, naar han kommer hiem,
        Det hos sig selv betænke!
Thi störst det er at være klog,
        Og klogest at gi’e efter,
Saa blive vi de störste dog,
        Var vi end mindst i Kræfter.


Men er det stort, at Folk og Drot
        Ei Plads har i eet Rige,
Er i det mindste det ei godt,
        Det kan som Dansk jeg sige.
Langt större dog, naar Drotten kan, —
        Som her — med Sandhed sige:
Jeg har hos hver en ædel Mand
        Erobret mig et Rige!


Kong Fredrik! lad den danske Mand
        Sin Tak til Dig frembære!
Var Danmark end et mindre Land —
        Her er det godt at være!
Ved hvert et helligt Baand, som brast
        I andre, större Riger, —
Ved Bog, ved Sværd, ved höien Mast
        Din Lov til Himlen stiger."
"Jorden sover,
Natten dækker over
Med sin Vinge graa;
Himlen funkler,
Ingen Sky fordunkler
Stjerneglandsen paa det mørke Blaa.


Sov i Taagen
Tause Jord! min Sjel er vaagen,
Hører Aanders Kald.
Stiig fra Dalen
Op mod Himmelsalen
Med din Sang, Du de Henfarnes Skjald!


Løft dit Øje!
Seer Du i det Høje
Hist en Skygge gaae?
I det Fjerne
Let fra Stjerne og til Stjerne
Farer den i det dybe Blaa.


Denne Skygge —
Det er Danmarks Tygge,
Stjerneborgens Drot;
Dybt begravet
Under Gruus i Havet
Ligger Tygge Brahes Himmelslot.


Her ilive
Ej ved Jorden kunde blive,
Hvad fra Himlen kom;
Hisset oppe
Over alle Skyers Toppe
Foer dit Øje med din Længsel om.


Naar til Hvile
Solen monne ile,
Og paa trætte Jord
Aftenrøden
Lulled ind til Slummerdøden
Alt, hvad under Himlen boer:


Da var Morgen
Paa Uranieborgen,
Aftenstjernen var din Sol;
Gjennem Taagen
Svæved Du vaagen,
Foer i Skyen mellem Pol og Pol;


Foer, og stirred
Paa den Solehær, som dirred
Vidt i Rummet ud;
Saae, og svimled
Ved det Viisdoms Dyb, som vrimled
Fuldt af Liv paa Almagts Bud.


Nat forsvunden,
Morgensol oprunden
Paa det klare Blaa;
Himlens Gaader
Løser Du, og raader
Nattens Runer, Du i Skyen saae.


Højt for Jorden
Du forkynder Himlens Orden —
Skabermagtens Bud;
Verdens Vise
Lytte til din Røst, og prise
Alle Verdners evighøje Gud.


Dog beskrænker
Sjelens Slør den kjekke Tænker;
Mat kun er det Lys, Du skimter her.
Evigheden
Spreder først den Taagesky herneden
Med sit lyse Morgenskjær.


Nu forvunden
Er din Nat, og nu oprunden
Dig et evigt Morgenblaa;
Klart Du skuer
Gjennem alle hine Buer,
Hvad som i et Spejl kun her Du saae.


Du, som ikke
Nedad vendte dine Blikke,
Men fra Jorden op mod Himlen saae;
Intet Minde
Kan jeg her paa Jorden finde
For din Aand, som boer i Himlen blaa.


Lille Stjerne,
Som fra dunkle Fjerne
Glimter i det store Æterhav,
Du skal bære
Brahes Navn, og være
Brahes Minde over Død og Grav!"
"Hvad lyder høit paa første Pindsemorgen?
Der er et mægtigt Orgel jo i Borgen.
Her, hvor mit Kammer vender ud til Gangen,
Mig møde Psalmelyd og Kirkesangen.
                Skiønne Toner,
                Velbekiendte,
                Himlens Zoner
                Dem udsendte
Fra Udødeligheds Lande,
Trøst for Jordens Skyggestrande.


Ja — Lyden er ei Phantasiens Foster;
Thi Slottet var i gammel Tid et Kloster,
Og derfor Kirken, som man den har funden,
Endnu med Slottets Gang er nær forbunden.
                Ind jeg træder.
                Siæl og Øre
                Orglet glæder.
                Jeg kan høre
Tonerne, som blev tilbage
Fra min Barndoms første Dage.


Man siger: Intet snelt, som Tonen, svinder,
At det gaaer den, som Kilden, der bortrinder,
At det gaaer den, som Rosen i sin Sommer:
Den visner snarlig, og en anden kommer.
                Nei! den samme.
                Som min Flamme
                Først antændte,
                Atter vendte
Uforandret her tilbage
For min Trøst og for min Klage.


Os om en hellig Biskop Saxo melder;
Om Tonen det, som om hans Liigdragt, gielder:
Den samme Duft, da Seklet var henrundet,
Som i hans Hauge, blev i Kisten fundet.
                Saadan høres
                Ogsaa Klangen;
                Saa hidføres
                Atter Sangen;
Lange Taushed ei den matter,
Martsviolen dufter atter.


Livsalig Pindsefest! igien du hyldes;
Den aandelige Lyst dig ene skyldes,
Og Siælens Mai saa grønt, paa Englevinger,
I Kirkens Skyggehvælvinger udspringer.
                Kiærlighedens
                Roser rødme
                Nu med Edens
                Bedste Sødme.
Som en Taare Kilden rinder,
Frelser! paa dit Livs Kiærminder.


Fra den Tid Lotte bares bort paa Baaren,
Er Kirken vorden mig saa kiær, som Vaaren.
Jeg synes: mig den Salige besøger
I Herrens Huus; og det min Tro forøger.
                Hulde Sommer!
                Ned i Vrimlen
                Englen kommer
                Hist fra Himlen,
Smiler kiærlig til sin Fader
I de gamle Stolestader.


Hun sidder der, hvor Skyen sig udfolder,
Som Raphaels Engel, Nodebogen holder.
Som Gyldenlok jeg seer om Skuldren flakke
Den Fletning, som vi skar af Ligets Nakke.
                Og fra oven —
                O, Beethoven! —
                Haabet lyder.
                Hun udbryder:
„Stiernen er mig ei forsvundet,
Fiernt først, fiernt har jeg den fundet.”


Min Faders Aand paa Orgelet jeg hører.
Mig tykkes: det er den, som Tonen fører.
Saaledes er jeg her ei længer fremmed:
Hvor Kirken er og Graven — der er Hiemmet."
"Det var sig Herr Asker Ryg,
Hannem lyster i Leding at gange;
Først træder han i den Kirke liden,
At høre de Ottesange.


Muren var af det gule Leer,
Og Taget det sorte Straa;
Det var sig Herr Asker Ryg,
Misnøiet han saae derpaa.


Det var sig Herr Asker Ryg,
Sit Hoved maatte han bøie;
Loftet det var saa meget lavt,
Og Kæmperne vare saa høie.


Væggen var baade muggen og grøn,
Den havde saa dyb en Revne;
Tiden æder med skarpen Tand,
Saa lidet monne hun levne.


Fort hun gnaver med skarpen Tand,
Dertil hun haver stor Drift;
Alt da voxte den liden smaa Blomst
Udi den Kirkerift.


Alt da snoede den grønne Humle
Sig ad den Kirkeside.
Storken sidder udi Redet strunk,
Og seer hun ud saa vide.


Og hør du, kiere Fru Inge!
Du est en Qvinde saa puur!
Ei sømmer det sig at bede til Gud
I sligt brøstfældigt Skuur.


Vinden blæser udi Kirken ind,
Og Regnen ned maa dryppe.
Christus er steget til Himmelens Sal,
Han nøies ei meer med en Krybbe.


Hør du allerkiæreste Hustru min,
Jeg siger dig det forsand:
Op skalt du bygge Kirken af ny,
Mens jeg er dragen af Land.


Taget du dække med røde Tegl,
Af Steen du føre den Muur;
Ned da skalt du rive saa brat
Det usselig Kirkeskuur.


Tage du saa mit Skarlagenskind,
Af Fløiel det vel maa være;
Alt til et Alterklæde skiønt
Du snildelig saa det skiære.


Det var sig Fru Inge,
Hun svared sin Husbond med Ære:
Som I siger, min ædelig Herre!
Saa bør det vel sig være.


Hør du kiære Fru Inge!
Gud haver velsignet dit Liv,
Føder du mig en Søn saa bold,
Da est du en Danneviv.


Føder du mig saa bold en Søn,
Da giør du mig Tankerne glade;
Føder du mig en Dotter skiøn —
Jeg vil hende ikke hade.


Hør du kiære Fru Inge!
Du est en Qvinde velbaarn,
Føder du mig en Søn saa bold,
Da bygge du Kirken et Taarn.


Føder du mig en Dotterlil,
Da sætte Du kun et Spiir;
Ridderen kneiser saa stout og stolt,
Men Qvinden er Ydmyghed Ziir.


Det var sig Herr Asker Ryg,
Han beder sadle sin Hest,
Saa rider han i det Ledingstog,
Som til en Brudefest.


Tredive vare hans Svende,
Og alle med Brynier nye;
Hvor han stædtes i Kampen hen
De Fiender brat monne flye.


Det stod hen udi Uger,
Ja vel udi Maaneder ni;
Det var sig Herr Asker Ryg
Han seired i alle di.


Det var sig den gievelig Helt,
Hannem lyster nu hiem at fare;
Hielmene var af hin røde Guld.
Hannem fulgte saa faur en Skare.


Der han drog igiennem den Skov,
Da fulgte ham tredive Svenne;
Der han kom til Finnesløvlille,
Da reed den Herre allene.


Solen skinner om Morgenen rød,
Og Røgen falder paa Græs,
Det var sig Herr Asker Ryg,
Han spored saa vel sin Hest.


Satte den Herre Guldkringlen
Dybt udi sin Gangers Side.
Det vil jeg for Sandheden sige,
Hans Tanker løbe saa vide.


Over den gule Hvedemark
Der kneiser en Bakke grøn,
Bag ved ligger Finnesløvlil,
En Bye vel stor og skiøn.


Det var sig Herr Asker Ryg,
Han bad vei ved vor Frue:
Give det Gud i Himmerig,
At jeg et Taarn maatte skue.


Det var sig Herr Asker Ryg,
Saa listelig da han loe,
Der han kom paa den grønne Brink,
Da han skued’ Taarne to.


Over den Kirke stoltelig
De kneised’ i Luften blaa.
Lærken sang i den Hvedemark,
Mens Solen skinte derpaa.


Tak have stolten Fru Inge!
Hun var en Danneviv;
Hun skienkte sin Husbond Sønner to
Til Gammen og Tidsfordriv.


Den første af de Sønner to
Den kaldte han Esbern Snare,
Han blev saa stærk som den vilde Bas,
Og mere snel end en Hare.


Den Anden kaldte han Axel,
Han blev en Biskop from;
Han brugte sit gode danske Sværd,
Som Paven sin Stav i Rom.


Falden er nu det ene Taarn,
Og Krattet voxer af Gruus;
Axel og Esbern Snare
De taarne det danske Huus.


Mosset dækker den gamle Steen
Alt over hin sorten Jord;
Axel og Esbern Snare
De hæve sig høit i Nord.


Styrte vil snart det andet Taarn
Alt i den Kirkeby;
Axel og Esbern Snare
De kneiser i evigt Ry.


Christ signe den ædelig Danneqvinde!
Hun hvilis for Altret i Kirke,
Hun satte tvende mægtige Taarne
Paa Dannemarks Dannevirke.


Hil være den Kæmpe, som seierriig
Hiemdrager med stolten Skare,
Og finder i Vuggen Tvillinger to,
Som Axel og Esbern Snare!"
"Himmelske Lyd! som en Engel med Vinger
Flyver usynlig fra Gud du til Jord;
Trøsten du stærk den Bedrøvede bringer,
Glæden ved dig vorder dobbelt saa stor.
Oldingen lytter — Erindringen klinger
I dine mægtige, rolige Chor.
Haabet ved dig sig til Barndommen svinger,
Smiler igiennem det dæmrende Flor.
Himmelske Lyd! din Almagt vi hylde,
Dig de uskyldige Glæder vi skylde,
Vær da vor Tolk, hvor ei Læben har Ord,
Følg os i Livet, vær stedse tilstede,
Lee med vor Munterhed, smiil, naar vi græde!
Maatte vor Røst, ei uværdig din Ynde,
Enes, Erato! med liflige Klang;
Lær vore barnlige Stemmer forkynde
Danemark Tak, som os vied til Sang.
Himmelske Lyd! som en Engel med Vinger
Flyver usynlig fra Gud du til Jord;
Haabet ved dig sig til Barndommen svinger,
Smiler igiennem det dæmrende Flor.
Himmelske Lyd! din Almagt vi hylde,
Dig vore reneste Glæder vi skylde,
Vær da vor Tolk, hvor ei Læben har Ord."
"I Nattens Mulm og Mørke vandrer,
En Mand i rædselfulde Tanker.
Han agter ikke Stormens Susen,
Ei Havets frygtelige Brusen;
Han Intet hører, Intet seer
Af Alt, hvad der omkring ham skeer.


Ved Havets Bred han stille staaer,
Alt Bølgen til hans Fødder naaer,
O! han gjør Mine den at favne,
Sex Børn en Fader da skal favne.
Et Nu! og han sig styrter ud.
Det er forbi, o store Gud!"
"Pulcinella! Pulcinella!
Lær mig Sækkepiben blæse!
Overlad mig denne Pukkel,
Denne alenlange Næse!


Pulcinella! Pulcinella!
Og til Gjengjeld, til Erstatning
Tag imod mit Sinds Forædling
Og min følsomme Forfatning!


Men han skriger og han flygter
Over Brædegulvets Tylter
Med sin Pukkel, med sin Næse,
Paa de lange, hvide Stylter.


Og han ryster, og han piber,
Skjuler sig bag Teppets Folder,
Og paa Sækkepibens Pose
Fast, som paa sin Sjæl, han holder.


Og han holder fast paa Næsen —
Han er ikke for Gemyttet;
Og han holder fast paa Puklen —
Han er altfor klog til Byttet."
"I kjender allesammen jo nok den røde Gaard,
Hvor de lystige Studenter lidt under Pisken staar,
Hvor sjælden stærkt man sørger, men som oftest er glad,
Hvor alt kan faas paa Kroen, uden Brændevin og Mad,
Hvor Krediten florerer og skjenker alle Liv,
Hvor Rykkervisitter er daglig Tidsfordriv,
Hvor nogle læse flittig, medens andre drive om —
Heldige Kopier af Lazaronerne i Rom, —
Hvor krybende Hulhed hos Ungdoms Frisind boer,
Som Snylteplanten selv paa de bedste Træer groer —
Hvor somme dog endnu gide samles ved et Glas
Og synge og klinke med godmodig Spas.
Træd ind, I see min værdige Hr. Kontubernal,
Han sidder og fordyber sig i en Pandeskal.
Dens Studium skal hjælpe ham Examen at faa,
Som Lysestage den ham tillige tjene maa.
I Krogen staar Skelettet hans Videnskabs Norm,
Iført Gehæng og Sabel og Studenteruniform.
Og jeg, som skal traktere, vel kaldes Teolog,
Men ej hos mig I finder en teologisk Bog.
I Sovekamret seer I det Vindve, som paa Klem
Staar altid hele Natten, en Tilflugtshavn for dem,
Der komme hjem forsilde, med et forvildet Sind;
Og — Venner eller Fjender, jeg la’r dem slippe ind.
De første næste Morgen for Bistanden god
Frembære Puns og Kaffe; de sidste derimod,
For at gjøre sig fra hver en Forpligtelse fri,
Betale med Bagvaskelse og Angiveri.
Nu sæt jer hist paa Kassen; Snaps og Brød skal I faa,
Og Piber, saa at Dampen kan op mod Loftet slaa. —
„Vi blir her hele Natten!” nej det gaar aldrig an,
Saa napper jer Udsmitteren, den skrækkelige Mand."
"Hej, Kyllingemo’r, hej Kyllingemo’r —
      Dagen er gaaet tilende;
i Gyden, hvor alle de Kyllinger bor,
      knap Løgten har Mod til at brænde.


Men Maanen lyser for Store og Smaa,
      i Hovedgade og Gyder.
Ingen ses nu i Døren at staa —
      ingen tilfals sig byder.


Madam! kom her og fortæl mig en Ting —
      hvor er de Smaapiger henne?
snuser Jack Ripper vel her omkring,
      nu da Dagen tog Ende? —


Aa Jack the Ripper, ham kender vi ej
      i disse Gyder og Gange,
men der er en »Gæst«, som tager paa Vej
      og gør mine Smaapiger bange! —


Saa drik — drik Vin — drik alt, hvad I har,
      tøm Snapsene store og lange;
thi naar Asiaten paaveje ta’er,
      kan Pigerne nok blive bange! — —


De stakkels Piger, de har det ej godt,
      maa søge i Smudset sig Føde.
En af »os andre« betænke blot:
      hvis det var her, vi døde!


Hos Kyllingemo’r, hos Kyllingemo’r,
      hvor Dagen er gaaet tilende,
i Gyden, hvor alle de Kyllinger bor,
      knap Løgten har Mod til at brænde."
"Ordet sig hviled,
Englene smiled,
Sjungende hver:
Hvilen ei bryder
Arbeid, som fryder
Den vi har kiær!


Store Guds Under!
Mennesket blunder,
Skaberen bød:
Tril nu, Guldterning!
Kiærligheds Gierning
Hvilen giør sød!


Skabningen hviled,
Drømmende smiled
Jorddrotten prud,
Vaagned at skue
Væn over Tue
Eva, sin Brud.


Adam han sagde:
Navn jeg tillagde
Fugle og Dyr,
Kunde dog Mage
Aldrig opdage
Til mig i Byrd;


Dig kun, o Kvinde!
Dig sin Veninde
Kalder min Aand,
Dig, ingen Anden,
Taget af Manden,
Giv mig din Haand!


Herlig var Gaven,
Deilig var Haven,
Plantet af Gud,
Salig blev Manden,
Adam selvanden,
Lød han Guds Bud.


Kongen, vor Fader,
Kun hvad os skader
Under os ei,
Kun naar os smager
Hvad os bedrager,
Gud siger Nei.


Faderen taler,
Kongen befaler,
Loven udgaaer;
Dunkel er Nytten,
Fristerens Lytten
Ulykke spaaer.


Adam og Eve!
Evig I leve!
Liv er min Lyst,
Alt paa min Kugle,
Fiske med Fugle,
Følge jer Røst!


Giører og bruger
Alt hvad I huger
Kongelig frit!
Kun I besinde,
Drages til Minde,
Riget er mit!


Træerne tvende,
Nemme at kiende,
Seer I dem hist!
Glæden og Møden,
Livet og Døden,
Voxe paa Kvist.


Her voxer Livet,
Skiænket og givet
Jordklimpen blind;
Hist under Dække
Spiller for Giække
Døden med Skin.


Saa til de Unge
Faderens Tunge
Føied sit Ord,
Vel Han det vidste,
Daarskaber friste
Ungdom paa Jord.


Øie og Øre!
Hvad kan forføre
Eder fra Gud?
Lyset Han gjorde,
Støv kom til Orde
Kun paa Hans Bud!


Farver, som prale,
Smigrende Tale,
Kildrende Røst,
Ak, de forføre
Øie og Øre
Her, som i Øst.


Slangen i Bugter
Dødstræets Frugter
Priser endnu,
Hvidslende: Kvinde!
See, hvor de skinne
Deilig som du!


Vel maae de skinne,
Lys er derinde,
Teer sig i Glands,
Lyster dig ikke
Lynende Blikke,
Solstraale-Krands!


Myggen i Lyset!
Hvem har ei gyset
For den som Børn!
Soelret paa Vinger
Dog sig opsvinger
Dristige Ørn.


Vovehals vinder,
Skaberen finder,
Lyset er godt,
Ondt dog maa rønnes,
Før det paaskiønnes
Hvad der er godt.


Bange for Skarnet,
Mødes i Barnet
Engel og Fæ,
Daaren usyndig
Skyer ukyndig
Kundskabens Træ;


Men skal Man kige
Klart i Guds Rige,
Lys maa der til;
Gud tør vel lide
Fleer ved sin Side,
Naar Man kun vil.


Hvide og røde
Frugterne gløde,
Frygten forgaaer,
Talen paa Skruer
Frister og huer,
Tvivlen opstaaer.


Fristeren giækker,
Frugten ei rækker,
Føier kun til:
Selv du dig raade!
Liv er en Gaade,
Lykken et Spil.


Morskab jeg søger,
Stundom jeg spøger,
Sørgelig stemt,
Pleier at blande
Tant med det Sande,
Alvor med Skiemt;


Det var jo ilde,
Om du for silde
Skuffet dig fandt,
Vov ei at synde!
Nøies med Ynde!
Viisdom er Tant!


Pirret og ægget,
Lokket og giækket,
Moderen faldt,
Haand sig udstrakde,
Frugten hun smagde,
Livet det gjaldt.


Daaret, tilskyndet,
Eva har syndet,
Adam det seer,
Født er nu Smerte,
Hoved og Hjerte
Stemme ei meer.


Eva maa græde,
Skal dog med Glæde
Skue sin Sæd,
Sønnen hin frakke
Træde paa Nakke
Slangen uræd.


Adam! bedaaret,
Støvet du kaared,
Sveed nu for Korn!
Med dig om Føden
Kæmpe til Døden
Tidsel og Torn!


Her voxer Livet,
Dig var det givet,
Evig dog mit;
Ud nu af Haven!
Slæb dig til Graven
Med hvad er dit!


Huult lyder Sukket:
Haven er lukket,
Fjeldtoppen Snee,
Afgrunden vinker,
Flammende blinker
Beenradens Lee.


Skyer dog blaane,
Soel dog og Maane
Med dem udgaae!
Engle dog hvidske,
Modet opfriske,
Salighed spaae!"
"Margretha bygged her sit Slot
I Danmarks gyldne Tid.
Her, sagde hun, her er det godt:
Naturen smiler blid
Og lønner virksom Flid
Med mange Fold af Agrens rige Grøde.


Og ofte rulled Aaret om
Fra Margarethas Tid;
Men aldrig der til Borgen kom
Meee Hjerte, Aand og Vid,
Meer Dannished og Flid,
End da den favned Dig, o Wilhelmine!


Den store Dronnings lyse Aand
Beundred hendes Old.
Tre Sceptre tog hun i sin Haand,
Tre Kroner i sit Skjold.
Men var Margretha bold,
Du hendes Storhed naa’de i det Mindre.


Tre Krandse Du Dig flættet har,
Meer værd end Kroners Glands.
Du Fromheds Lilier stedse bar
Og Kundskabs Egekrands;
Og Du med ædel Sands
Dig Huuslighedens Vedbendkrone slynged.


Du Dronning er paa denne Borg;
Dig hylde vi med Lyst.
Fjernt flygte fra Dig Glimt af Sorg,
Du Sorgens hulde Trøst!
Gid Glæden i dit Bryst
Belønne Dig for dine høie Dyder!"
"Menneskens Søn og Troens Aand
Er al vor Trøst hernede,
Faderens Mund og Høire-Haand
Dem tør vi godt tilbede,
Vi Gud, som det sig hører til,
I """"Aand og Sandhed"""" dyrke vil,
Og Ordet, tør vi sige,
Er Sandhed Selv tillige!


Menneskens Søn og Troens Aand,
De hjelpes ad med Glæde,
Menneskens Kiøn i gyldne Baand
Med Gud at sammenkiæde:
I Fødselen af Vand og Aand
Os rækker Gud sin Fader-Haand,
Indlemmede i Ordet,
Han kysser os ved Bordet!


Menneskens Søn og Troens Aand,
De flette saa herneden
Kiærligheds Snor og Rosen-Baand,
Indskyde Himmel-Freden,
Og inderlig De frydes ved
At i Gud-Faders Kiærlighed
Med ham, som Guddoms Helte,
De evig sammensmelte!


Menneskens Søn og Troens Aand
Os byde Selv at kalde
Kiærligheds Snor det Rosen-Baand,
Som aldrig kan affalde,
Indprænte os det kongelig
Med: Fader-Vor i Himmerig!
Al Rigets Magt og Ære
For evig Dit skal være!"
"Vi er paa Als, et Øland, hvor
Meer tidligt Vaaren kommer.
En gudvelsignet, yndig Plet
Med lang og frugtbar Sommer!


En deilig Ø! Den er som født
Af Himlen og af Havet
En Sommernat, og lige rigt
Af begge To begavet.


Med friske Skove, blanke Søer
Og gyldent Korn paa Vangen
Er denne Ø et Paradis —
Et Paradis med Slangen.


Thi her forbryderisk en fræk.
En troløs Prinds udruged
De Rænker, som hans Fædrelands
Inderste Marv udsuged.


I dette Værksted smedded han
De Lyn med Hadets Lue,
Der skulde knust det, men som nu
Hans frække Hoved true.


Men denne Ø, saa dansk og tro.
Og dog vor Ufreds Kilde,
Vort Bolværk blev, vort bedste Værrn
Hans Nemesis det vilde!


Her er Armeen draget hen.
Og her den sanker Kræfter
Til nye Kampe — til den Hevn,
Som stærkt den higer efter.


— Her i et venligt Bondehuus,
I Stuen ud til Haven,
Her finde vi vor Lientenant — Kors!
Hvor er han mørk og gnaven!


Han skriver ogsaa, men det gaaer
Kun meget slet fra Haanden:
Han puster, gnider Panden, for
At hjælpe lidt paa Aanden;


Men Aanden er ei villig — nei!
Han venter, og han venter —
Den kommer ei, det seer han nok,
Og Veiret dybt han henter.


„Den dumme Dreng!” han mumler, „hvis
Jeg havde ham, saa gik det.
Han tygged ikke Drøv som jeg —
Gesvindt en Ende fik det.”


Saa griber Pennen han paany.
Men snart igjen den standser —
„Det er hans Skyld, den Satans Dreng,
At Ingenting jeg sandser!


„Han er da væk, den stakkels Pog!
Gud veed, hvor nu han støier —
Ifald han ellers støier meer,”
Halvsagte han tilføier.


„Han piner mig. Jeg kan ei faae
Ham ud af mine Tanker ....
Aa han er væk! .... naturligviis!
Han har nok kastet Anker.


„Men saadan gaaer det! Det er Ret!
Der har vi hele Tingen!
Man skal kun holde af sig selv,
Forresten af slet Ingen.


„Saa det fordømte Skriverads!
I rette Tid da kom det!
Jeg kan nok slaaes, det troer jeg, men
Jeg kan ei skrive om det.


„Hvad skal jeg skrive? At jeg løb
Ei fra det som en Hare?
At ei jeg bened af, dengang
Jeg saae, at der var Fare?


„Ja det er Alt! Jeg kan ei med
Det Prikkeri .... Saa heller
Ti Timer i en Ild som sidst —
Der veed jeg, hvad det gjælder! ....


„Den stakkels Dreng!” — Han skyder bort
Papiret, Skrivetøiet.
„Jeg kan ei see — det Satans Vand,
Det kommer mig i Øiet!”"
"Søde Sommer, er du borte,
Er dit Liv forbi, Avgust?
Dræbes nu de lette korte
Glæder alt af kolde Pust?
Saadan tænkte jeg og listed
Hjemad mig; thi Dagens Luft
Lugted nordlig, havde mistet
Sommerens særegne Duft.
Fast Humøret rent forlod mig;
Men da kom med korte Skjørt,
Smilende, September mod mig,
Vinløvkrandset, ikke snørt.
Om de luerøde Kinder
Faldt som Lokker grønne, blaa,
Klare Druer; — søde Minder
Dæmred, da jeg disse saa.
Og paa Armen trind, som svulmed
Under Byrden, bar hun stolt —
Hvilken Attraa hos mig ulmed
Efter det, som Armen holdt! —
Bar et Fad hun; Aprikoser,
Æbler, Ferskner gløded der
Mellem Georgineroser,
Reseda og Astersskjær.
Sødt hun vinked, hen hun gav mig
Fadet. Alt jeg fyrig nød,
Glemte Klagen, bad: „begrav mig
Før Oktober ej, o Død!”
Krandsen vandt hun om mit Hoved,
Favned, kyssed mig dernæst,
Gav mig sine Lokker, loved
Mig ad Aare samme Fest.
Og jeg glemte Blomsterduften
I den runde, bløde Arm,
Og jeg glemte Sommerluften
Ved Septembers fulde Barm."
"Farvel! o Schultz! til hine bedre Kloder,
Der ingen Sorg, ei Sviig, ei Sygdom boer,
Gienfind din Harmonie i Engles Chor,
Og i hver Engel find dit Hiertes Broder!"
"For Studiegaardens Dogmatik
Laudabilem i Dag du fik;
Nu, Broder! maa du lade see,
Hvor du dig her kan tee.
Men den Examen practisk er,
Du dig maae underkaste her;
Hvad lærer da vor Dogmatik?
Vær troe i Ord og drik!


Quid profiteris i Moral?
Kan du i Tide være gal?
Ei er dens Viisdom meget værd,
Der ikke det har lært.
Kom, lee, og syng, og spøg med mig,
I Morgen er jeg klog med dig;
Saa Fader Hagedorn har sagt;
Hav dette vel i Agt!


Nu Domini Collegæ, vi
Ham prøve in Exegesi,
Om han har læst Anacreon,
Og fattet Mandens Aand.
Dog han og Wibe, og Horaz
Fortolkes bedst ved fulde Glas,
Thi vis paa det, som hos dig staaer,
Om du de tre forstaaer.


Nu Reverendi Patres, I,
Et docti Assessores, vi,
Vil letteligen eenes om
Herr Candidatens Dom.
Nu heele Facultetet istem:
Laudabilem! Laudabilem!
Og tømme derpaa bredfuldt Maal
Til Candidatens Skaal."
"O Jesus Christ!
      Vor Frelser du est,
Vort Haab er du alene!
      Foruden al Svig
      Saa inderlig
      Vi troer paa dig,
Os trøster dit Ord det rene!


Som selv du det vil,
      Vor Sag du bestil,
Du Israels Lys i Mørke!
      Du Mester saa prud!
      Lær os dine Bud,
      Og lad, som vor Gud,
Os dig, Herre Jesus, dyrke!


Vi høre dig til,
      Og være vi vil,
Hvor selv du os helst vil have;
      Med Kiærlighed blind,
      Vi lukke dig ind,
      I Hjerte og Sind,
Med Naaden, din Fæstens-Gave!


Saa inderlig godt
      Vi troe dig, vor Drot!
Og stole saa paa din Naade,
      Som Vennen i Nød;
      For os, Herre sød!
      Fuldhaard var din Død,
Du frelser af alskens Vaade!


Ja, nu og altid,
      Vor faste Tillid
Vi have hos os tilstæde:
      I Fare og Brøst
      Dit Ord er vor Trøst,
      Din levende Røst
Vi høre med Hjertens-Glæde!


Gaaer Sorgen os paa,
      Dit Hjertes Attraa
Er altid os at husvale;
      I Fare og Frygt,
      Er Mørket end tykt,
      Vi følge dig trygt,
Vor Sjæl i din Haand befale!


Nu veed vi det vist,
      Velsignede Christ!
Du aldrig vil os forlade!
      Ja, det er vor Pagt
      Og Selv har du sagt,
      Du haver al Magt,
Saa kan os ei Døden skade!


O, give det Gud,
      Vi, efter dit Bud,
Maa være med dig tilsammen,
      Saa vi med dig
      I Himmerig
      Evindelig
Kan leve i Fryd og Gammen!"
"Din Vugge gik ved Brum af Nordhavsrøsten,
Paa Fjordens Bred, til Takt af Bølgeslaget,
Hvor over gule Bakker ud mod Vraget,
Klitrosen kryber for at pynte Kysten.


Ved Øresundets blanke Bugt mod Østen,
Hvor sig i Dybet speiler Kongeflaget,
Af Konst og Ynde blev din Aand opdraget,
I Viddets Kube, nem og lærelysten.


Du gjæsted Lund og Sø og Høienlofte;
Men da du kom til Lollands Bøgeskove,
Hvor Fuglene i Rosenhækker sove:


Der satte Amor Buret i det Grønne;
Der blev dit Buur — og du skal der forskjønne
Som Brud og Viv det skjønne Engestofte."
"Fortvivlelse! dig helliges min Sang,
Og den, som hænger sig, og den, som hang,
Og den, sig hænge vil, om han har Øre,
Han høre!
      For nogle Dage siden drømte jeg —
Om paa Collegium, om ved Dispyt for Graden,
I Stuen, Kirken, eller midt paa Gaden,
Det husker jeg just ei —
Og, om det var om Natten eller Dagen,
Giør ogsaa meget lidt til Sagen —
Jeg drømte kort: jeg ejede en Pung
Af store Kobberpenge ganske tung —
Hvorfor just Kobber? Nu min smukke Frue
En Drøm møbleres ikke som en Stue,
Sligt falder som det kan, og ikke som man vil —
Dog gietter jeg en Grund dertil:
Man drømmer, som De veed
Meest om de Ting, man jevnligst omgaaes med,
Og Sølvmynt er nu fast saa sielden her
Som een af Deres Kjøn, der ei nysgierrig er.
Det altsaa Kobber var — men een Beskaffenhed
Ved Pungen, som desværre kun kan drømmes,
Gav dog min Drøm en lovlig Vigtighed,
Den nemlig: at den aldrig kunde tømmes.
Jeg vaagned’ — greb i Lommen strax, og fandt,
At den var tom som før — og Drømmen Tant.
Jeg ærgred’ mig en Smule, som de Rige,
Men slog det hen,
Og blev i føje Tid saa glad igien
Som mine Lige.
      Den næste Gang jeg drømte mig Poet,
Skald, Barde, Digter, hvad man kalder det,
Som alt skal komme ud paa et;
Men af den rette Sort — ei som saa mange Skialdre,
Hvis Hymner høit som tusind Tordner knaldre,
Hvis Sange bølge sig uvist hvordan
Som Oceanet, eller Ossian,
Saa længe til de blive Fidibusser —
Nei jeg var sand Poet; exempli gratia,
Som han der sang om Rolf, og Balders Død;
Som han, der sang den Ambolts Værk, hvorfra
Kom idelig Tata, Tata;
Som han, hvis Luth om Axels Elskov lød;
Og han, som sang Emilia —
Som een af Roms de tvende Publiusser.
Jeg vaagned i en yndig Elegie —
Og giorde Oder i mit Raserie;
Men slængte Pennen bort — og strax var det forbi.
      Den tredje Gang jeg drømte mig til Viis —
Ei blot for Rimets Skyld, jeg her en Priis
Med Læserens Tilladelse maae tage;
Thi rigtig nok i vore Dage
Det lader, som om Lykkens Paradiis
(Hvorom saa jammerligen kriges)
Stod mere aabent for et Drog end for en Viis —
Og det er vist, til Lykkens Tempel siges
Indgangen trang — hvo intet Hoved har
Han smutter lettest ind, den Sag er soleklar.
Man altsaa let formoder, at jeg ikke
Ved denne Leilighed fandt største Trang til Strikke,
I det jeg vaagned op og følte mig
Om ikke ganske hov’dløs, dog, som andre,
Lidt meer beqvem til Lykkens Vej at vandre —
Der hører Viisdom til at hænge sig.
Naar kiedtes Tossen vel ved Livet? eller
Naar saae man vel en Claus ulykkelig?
Dog — ganske Claus er jeg just ikke heller.
      Jeg siden drømte mig i Himmerig —
Og fandt mig der saa vel og à mon aise
At jeg til evig Tid
Fast havde kunnet blive der, og blæse
Ad hele Verdens Kobber, Kunst og Vid —
Sær slog Musiken mig — en Seraph sang
Ledsaget af Cherubers Harmonier
Den skiønneste af Schulzes Melodier
Til Davids egen Harpes Klang,
Fast bedre end du synger den, Dorine!
Men da jeg saae mig om (hør Under stor!)
Opdaged’ jeg i dette Himmelchor,
At denne søde Sanger var — Dorine,
Dorine selv! — hvad Støvets Ord
Kan male min Henrykkelse — jeg foer
Som Lynet hen i hendes aabne Arme —
""""O Vellyst!” raabte jeg — men ak! hvor stor
Blev min Fortvivlelse, da vaagnet, for Dorine
Jeg øinede en gammel Proserpine —
For Chor af Engle en Flok Valbye-Gæs —
For Schulzes Lovsang en afskyelig hæs
Staccato-Skraalen: Flekkesild og Reier —
Kort sagt, da fra Olymp, som fordum Herr Vulcan,
Jeg pludselig faldt ned ved Gammelstrand.
      Som sagt, og som bevist, for Bagatel jeg pleier
Just ei at hænge mig —
Pung, Poesi, Prudenz — og selv et Himmerig,
Hvor ei Dorine smiler — kan jeg miste
Og staa, som Eegen mellem faldne Qviste;
Men Himmerig med hende! dette var
For meget. Kiære Læser, om du har,
Og kan undvære den, og selv den bruger ikke,
Saa laan Forfatteren en Strikke."
"Kallisthenes, en Yngling i Athen,
kom engang fra en gjennemsværmet Nat
med vissen Vedbendkrands om vilde Haar
i Morgendæmring tumlende til sit Hjem,
fast mere bleg end Morgnens blege Dæmring.


Da nu hans Tjener til hans Sovekammer
ham lyser gjennem høie Søilegang,
med Et i fuldt og kraftigt Fakkelskin
sig viser Bakkos’ Marmorstatue,
et herligt Værk, af Mesterhaanden skabt.
I Ungdomsfylde hæver Guden sig
med Lokkers rige, langt nedrullende Pragt
og Vindruerankers yppigt svulmende Krands.


Forfærdet staaer den blege Ungersvend,
med Øiet blændet fast af Gudens Glands,
det tykkes ham, som Zeus’ høie Søn
hans Pande med sin Thyrsusstav berører
og taler til ham disse vrede Ord:
„Hvi vakler hid Du, Kraft og Sands berøvet,
en Skygge fra det mørke Erebos!
Du har vanhelliget min Vedbendkrands
og kalder Dig dumdristigt for min Præst.
Vig bort fra mig, jeg kjendes ei ved Dig!
Jeg Fylden er af skabende Natur,
der aabenbarer i sin Guddomsmagt
sig rigest i den ædle Drues Blod.
Behøver Eders øde Liv en Gud,
saa søg ham ikke, hvor i Solens Glands
de fulde Ranker dække Bjergets Skrænt,
nei, søg ham dybt i Hades’ dunkle Nat!”


Og Guden tier, Fakkelen gaaer ud.
Kallisthenes til Leiet skamfuld gaaer,
han lægger bort den visne Vedbendkrands,
og stille dybt i Hjertets Inderste
besværger han et helligt Løftes Ord."
"    »Hvor dejligt, naar det bliver lyst!«
    hun sukked i sin Nød;
    saa gled hun til en bedre Kyst,
    hvor der er ingen Død;
    en Glans om hendes Aasyn laa
    af Lyset som hun kaldte paa,
    et Morgenskjær af salig Fred
    fra Sol, som ej gaar ned.


    Et Barn hun var, med ærligt Smil,
    og fjern fra løjet Skin,
    taalmodig under Smertens Pil!
    En stille, saaret Hind;
    en Brudejomfru, tør vi tro,
    som aaben fandt sin Frelsers Bo;
    som jubler af et frigjort Bryst:
    Hvor dejligt det blev lyst!




Den Sjæl Gud gav en stakket Stund
i vore Hænder hen,
det Blomster af en evig Grund
begjærer han igjen;
ej blinde Magter hende tog,
vor Fader selv os Vunden slog;
men Han har Trøst som han har Tugt.
Han modner Sorgens Frugt.


Ja Fader, med en Taareflod
Du tvætter Sjælens Støv,
Du vander Hjertets dybe Rod,
fornyer Troens Løv!
Da knoppes Kjærlighed og Haab,
da takke vi for Smertens Daab,
da signe vi Dit Naadebud,
vor Frelser og vor Gud!"
"Solen gaaer saa deiligt ned
Bag den brune Hede,
Storken flagrer langveis fra
Hjemad til sin Rede;
I den lille Lyngtops Skjul
Synger der en een som Fugl,
Synger nok saa deiligt


Hjemme bag det høie Krat
Staaer min Faders Hytte,
Han, som boer i Himmelriig,
Naadigt den beskytte!
Maatte den i Dag og Aar
Staae som den iaften staaer,
Huse min Fader og Moder!"
"Som en Lavine, der sit Skred begynder,
Ad Torvet ned de tætte Skarer bølge,
En fremmed Jøde de med Undren følge:
Hvad er det vel for Visdom, han forkynder?


Tør den Foragtede fra Østens Egne
Som en Titan Olympens Tinde storme
Her i Athen, hvor Guderne sig forme
I Marmor selv for Folket allevegne?


Stod ikke her de høje Guders Vugge,
Er ikke Hellas Aandens eget Sæde,
Opvoxed her ej i en Blomsterkjæde
Hin skjønne Kultus, Tiden ej kan slukke?


Perikles’ By, som Pallas selv beskytter,
Som hun gjenføder ved de dybe Tanker,
Der lig et frodigt Skjønhedsnæt sig ranker
Fra Havn til Havn og Hellas sammenknytter —


Skal den nu lytte til en jødisk Daare,
Hvis Fantasi med Østerlandets Farver
Forjætter om et evigt Liv, man arver
Ved Bøn og Bod, ved Suk og bitter Taare?


Hvad er Askesen vel mod Livets Fylde?
Har ej Kroniden Vejen viist til Lykke?
Kan Aand og Kjød ej mere sammen bygge,
Og skal i Sørgeflor sig Jorden hylle?


Nej, for Homèr man Dagens Møje glemmer,
Og Sappho slaaer til Lyd med stærke Toner,
Og Pindars Flugt gaar stolt mod Æthrens Zoner,
Og blødt Anakreon sin Lyre stemmer.


Tør vel den Frække her med Visdom prale,
Hvor Sokrates’ og Platos Minde lever?
Da Raabet højt sig over Skaren hæver:
„Paa Areopagos skal Jøden tale!”


Og som Lavinen, der sit Skred begynder,
Mod Areopagos nu Skaren strømmer
At lytte til den østerlandske Drømmer
Og høre paa, hvad Nyt vel han forkynder.


Men som Du staar nu der med bøjet Hoved,
Du myndige og varme Troens Bærer,
Blandt tusind Vismænd som en Enfolds Lærer —
Forstaar Du, hvilket Storværk her Du voved?


Da løfter han sin Pande, og det ravnsorte Haar
Sig vælter over Skuldren, som naar Natten udslaaer
        Sin mulmtunge Styrtning over Jorden.
Til Jord han kaster Kappen, bag de buskede Bryn
Fra Øjet Guddomstanken skyder knittrende Lyn,
De vise Daarer studse ved det mægtige Syn
        Og som vente paa den rullende Torden:


„I helleniske Mænd, trindt med Undren jeg saae,
Hvor den strengeste Kultus I søger at naae
        For de himmelske, evige Skarer;
Thi da nylig jeg blandt eders Templer gik ud,
Saae et Alter jeg rejst „for den ukjendte Gud”,
Det er ham, som jeg tjener, og ham paa hvis Bud
        Eders spørgende Længsel jeg svarer!


Men den mægtige Skaber af Himmel og Jord
Og af Alt, hvad der aander, i Templer ej boer,
        Som er bygte af Menneskehænder!
Thi som Almagten selv trænger intet han til,
Ej til Gaver og Altrenes flammende Ild,
Selv han dræber og levendegjør, hvad han vil,
        Og sin Aand til Alskabningen sender” . . .


Og hans Ord bruser stærkt som den skummende Fos,
Der nedbryder Klippernes stensatte Trods
        Og splintrer dem i springende Skjærver!
Og hans Ord aander blidt som den vaarmilde Vind,
Der vifter Løvspringstiden i Hjerterne ind,
Der sænker Freden over det skjælvende Sind
        Og Stridsmænd til Martyrskaren hverver.


Thi dèr, hvor Sandhed brydes med den glimrende Løgn,
Og Evigheden mødes med det bristende Døgn,
        End aldrig sit Banner Aanden sænked!
Og her blev Jordens Vise til Daarer døbte om,
Hvor Jøden fra Tarsos over Guderne holdt Dom,
Da gjennem lukte Døre Forsoneren kom
        At løse dem, som Synden havde lænket."
"Mener du, at den har Lykken fat,
som i sin Haand holder Snese Rigers Tømmer?
hviler han i rolig Søvn hver Nat?
og mon han aldrig Død og Oprør drømmer?
        Nej, I Potentater
        udi alle Stater!
        al jer Magt og Ære
        staar ej mod min Lære:
Held den Mand, der har en fuld Pokal!
og Notabene, har Evne den at tømme;
Vinens Dunster jage Livets Kval,
og i dens Draaber Livets Glæder svømme.


Spørg, min Ven, hin sejerkronte Helt;
han svarer dig med Naturens stærke Stemme:
Er jeg lykkelig, naar her i Felt
jeg Mennesket maa for Soldaten glemme?
        Alle Hannibaler
        ere Kanibaler.
        Hvilken grusom Ære!
        bedre er min Lære:
Held den Mand, der har en fuld Pokal etc.


Guldet, tror du, er al Lykkens Maal?
men véd du vel, i de lydiske Annaler
staar der, at Kong Krøsus steg paa Baal
og opbrændte sig med sine Kapitaler?
        Sorg og Plage vige
        sjælden fra den rige,
        lad ham Guldet prise!
        jeg bli’er ved min Vise:
Held den Mand, der har en fuld Pokal etc.


Se, paa Sandheds Vink staar Skjalden op
og med sin Sang fryder lejede Spioner,
bli’er forfulgt og syg paa Sjæl og Krop
og dør med Armod, Had og Lavrbærkroner
        Skal det Summen være
        af al Held og Ære,
        jeg min Fjende skjænker
        villig den og tænker:
Held den Mand, der har en fuld Pokal etc.


Ej skal Magtens Solskin varme mig,
jeg fri vil gjøre mig Livets Timer glade.
Om min Isse Ranken flette sig;
saa ler jeg ad de tørre Lavrbærblade!
        Kun saa mange Penge,
        at jeg ej skal trænge
        til lidt Vin at drikke;
        mer jeg ønsker ikke!
thi lyksalig den, der sin Pokal
kan uden Sorger og uden Frygt udtømme.
Vinens Dunster jage Livets Kval,
og i dens Draaber Livets Glæder svømme."
"Op af Nordhavs dybe Vander knejser
Landet, hvor sin Trone frihed rejser.
Højt fra vilde Fjelde
Styrter Fos med Vælde;
Mægtig Skov foruden, Malm forinden.


Men i Dalene Naturen smiler,
Qvæget blødt i Blomsterenge hviler,
Huset trygt bag Skrenten,
Gytten sødt hos Gjenten; —
Kraft og Kjerlighed sig sammenslynge.


Skaal for gamle Norges Kæmpefjelde!
For det Folk, som i forynget vælde
Frie Marker pløje
Som de Bølger høje! —
Norges hæder fast som Himlen stande!


Du gamle Alfers første Hjem i Norden!
Du skjøne Disers skjønne Fædreland!
Din Hæltehæder, lig Troldhættans Torden,
Gjenlyder vidt fra Østresaltets Strand!


I Freden mild og elskelig som Balder,
I Striden vild og frygtelig som Thor,
End blomstrer, som i Odins Gyldenalder,
Ejnheriars Land, hvor Frej med Freja boer.


Saa grønnes dine Dale, dine Fjelde
I evig Ungdom kraftigt Aar for Aar!
I Borgerdyd Du mærke kun din Ælde,
Og Svithiod stærk som nu om Sekler staaer!


Danmark! Fostermoder kjere!
      Hør vor Frydesang!
Himlen disse Toner bære
      Over Sø og Vang!
Ryst jert Løv, I Bøgeskove!
Hav! Du krumme stolt din Vove!
Lytter! nu den danske Tunge
Gladeligt skal sjunge!


Græs og Korn og Ved gi’er Jorden
      Føde, Ly og Lyst;
Dannemark bespiser Norden
      Af sit rige Bryst.
Trindt paa Hav og Sø og Strømme
Rigtbelagt Snekker svømme,
Uden Tal de Fiskestrimle
Underneden vrimle.


Er ustadig end vor Sommer
      Og vor Vinter lang,
Engen har dog sine Blommer,
      Frugt har Dannevang!
Kolde Storme — Hjerter varme,
Kjerlighed i ædle Barme,
Troskab under Sorg og Glæde
Har i Danmark Sæde.


Dine Sønner, elskte Moder!
      Ofte Sværdet svang,
Værnede om dine Goder,
      Værged for din Vang.
Enighed gjør Kæmper stærke,
Mod er rette Danneværke:
Hegnes saa den danske Have,
Ledet er ilave.


Om end Tvedragt herefter trindt paa Jorden,
Venskab, Fred og Fryd udi vort Norden! —
Fred, paa fast som Fjeldet!
Fryd, saa reen som Vældet!
Venskab, som blandt gamle Fosterbrødre!


For tidt tilforn har Brodertvisten hærget
Med daarlig Grumhed Nordens Trillingeblad;
Mod fælles Fiende nu kun blottes Værget:
De Tre som Een skal staae til sidste Mand!


Ja, Tre som Een mod fremmed Vold,
Da fast vi staae.
Vor Enighed, det er vort Skjold;
Treægget Sværd gjør Fienden kold,
Som paa den stærke Klippevold,
Paa Bølgen blaa!
Vor Venskabspagt fra Slægt til Slægt
I Kongers Konges Varetægt
Skal staae!"
"Bearn har nu sin Fyrste mist,
Han slumrer i Capellet hist
Bag hvide Marmorstene;
Hans Falk er fløiet bort i Skov,
Hans Hund har taget sig Forlov,
Hans Ganger skraber med sin Hov,
Den føler sig alene.


Thi med den ædle Drot gik ud
Den gamle Stammes lige Skud, —
Hvor skal de Manden finde,
Som bærer Kronens gyldne Baand
Samt Sværd og Spiir, at from i Aand
Han være kan den Svage Haand
Og Øie for den Blinde?


Alt samled sig i Tusindtal
Det stærke Folk fra Fjeld og Dal,
De stimled hid til Thinge;
Paa Steen den gamle Biskop stod,
Hvor Mængden trængtes Fod ved Fod,
Mens Sands og Hjerte de oplod
For Trøsten, han vil bringe.


Han løfted høit sin gyldne Stav,
Saa tyst der blev som i en Grav,
Da lød hans stærke Stemme:
„Vor Drot til Paradiset gik,
Han tømte Evighedens Drik,
Og Palmens Green til Scepter fik, —
Ham bør vi ei forglemme.


Men hvo skal sidde paa hans Stol?
Og hvo, som han en Retfærdssol,
Skal over Landet lyse?
En Hersker, som er Ære værd,
Hvis Mildhed gjør ham hjertenskjær,
Der svinge vil med Kraft sit Sværd
Og ei for Faren gyse?


Vi kjende Alle grant og godt
Fru Agnes, Søster til vor Drot,
Den ædle Enkefrue;
Hun bragte hist i fjerne Hjem
Et Tvillingpar til Verden frem, —
Lad os optugte Een af dem
Til Drot, som vi ham hue!”


Og Folket glad hans Ord fornam,
Med Bifaldsraab omringed ham,
Mens lydt paa Skjold de sloge:
En Ridder, Bondemand og Klerk,
Med Adel, Fromhed, Manddom stærk.
Blev valgte til det store Værk,
Og flux af Landet droge.


Fru Agnes sidder paa sin Borg,
Heel tankefuld og bleg af Sorg,
I sorte Enkeklæder;
Hun seer paa sine Gutter smaa,
Der slumrende i Vuggen laae, —
Da hørtes snelle Fjed at gaae,
En Svend i Salen træder: —


„Hil sidde Du, min Frue! — Her
Med Hyrdestav, med Kors og Sværd
Tre Mænd for Porten vente;
Raymond, Antonius, Izarn, —
Udsendt fra Folket i Bearn,
Vil her hos Dig et Fyrstebarn
Som deres Drot sig hente!”


Fru Agnes løfter op sit Slør,
Og seer ved Salens hvalte Dør
De Trende dybt sig neie;
Hun drager Silkepuden glat,
Fra Vuggen bort, mens sorrigmat
Hun peger paa den bedste Skat,
Endnu hun har i Eie.


Den Ene, sort af Haar og bleg,
Med knyttet Haand, sig krum mod Væg
Og mut og trodsig vender;
Men Een, guldlokket, fri og frank,
Som Æblet trind, som Druen blank,
Mens Brystet kraftigt steg og sank,
Laae der — med aabne Hænder.


De tause Tre ved Vuggen staae,
Og tankefuldt de stirre paa
De stærke Løveunger;
Og det blev klart, til Valget vist
Forlangte de ei nogen Frist,
Thi alle Tre udbrød tilsidst
Med jubelglade Tunger:


„Der ligger han med aaben Haand,
Med aabent Hjerte, freidig Aand,
Som skal vor Hersker blive!
Naar han har endt sin Ungdoms Tugt,
Vi ham i Purpur svøbe smukt,
Og Fyrste-Æblets rige Frugt
Udi hans Haand vi give!”


Og alle Tre med hellig Lyst
Berøre sagte Drengens Bryst
Med Sværd, med Kors, med Staven;
Og sværge høit, den Herre bold
At værne kjækt mod Vee og Vold,
I Fredens Ly, bag Kampens Skjold
Ham trofast indtil Graven.


Og han blev stor, blev from og stærk,
Og Herredommets tunge Værk
De trygt hans Haand betroede;
Han førte, som en ærlig Drot,
Sit Sværd og Scepter lige godt;
Derfor i Hytte som i Slot
Hed han Gaston den Gode."
"Fremsagt ved en Mindefest i det Dramatisk-Litteraire Selskab,
hvor den Afdøde havde været Æresmedlem.
Den 4de Marts 1829.
Vor Kreds! ak, savner du igien
En ædel Ven?
Har Døden ham os røvet?
Ja, kort er Jordens skiønne Glands,
Og Tidens Krands
Snart visner, taber Løvet.
Men, Fader! paa dit Almagtsbud
Blev Evighed os givet,
Og Siælen flagrer til sin Gud,
Naar Støvet taber Livet.


Vor Holbøll, viis og elskelig!
Hvo kiendte dig,
Og skatted ei dit Hierte?
Thi huld, som Flora, var din Aand;
Hun ved din Haand
Besøgte Nordens Herthe.
Et Tempel har du hende bygt,
Det efter dig skal stande,
Hvor alle Væxter blomstre trygt
Fra Jordens fierne Lande.


Som i et Trylleslot man der
Kan finde hver
Guds Urt, hvorom man leder;
Der Palmen tæt ved Birken staaer,
Og Granens Haar
Berøre grønne Ceder.
Der ingen Væxt er det formeent
Ved eget Værd at gielde;
Selv staaer i Bedet, luget reent,
Den haardtforfulgte Nelde.


Vor Holbøll! i Naturens Skiød
Du Livet nød,
Og lærte blide Sæder.
Den Efterlevende nu staaer
Ved sorten Vaar,
Og Venneøiet græder.
Men Kiærlighed fortvivler ei,
Og mild er Vennetaaren;
Hist finder du en bedre Mai,
Der blomstrer evig Vaaren.


De smaae Guds-Engle møde dig
I Himmerig;
Med Blomster hver en Engel.
Som falmet Blomst dit Hoved her
Sig heldte; der
Det kneiser paa sin Stængel.
Der slører ingen Taagedamp
Dit vennehulde Øie;
Thi Sløret brast i Dødens Kamp,
Du skuer i det Høie.


Her var du os en sielden Ven;
Saasnart igien
Din Lige vi ei finde.
Derfor skal ærligt Broderord
I Broderchor
Høit lyde ved dit Minde.
Thalia mangen Glæde nød
Med dig i Livets Scene,
Og derfor klager ved din Død
Den rørte Melpomene."
"Og det var paa Skanderborg Station,
der blev mine Tanker forfløjne.
Jeg saa en nydelig ung Person
med nøddebrune Øjne.


Kokette Øjne, men tavs og bleg
med Ansigtstræk saa skære,
en nittenaars Barm til en fin Figur,
spinkel og Hofterne svære.


Et kysk og forvovent Borgerbarn
med rastløse Sommerfugl-Lemmer
Af Gangens og Holdningens æggende Kraft
endnu jeg et Gentryk fornemmer.


Thi det er et Minde fra sorgløse Aar,
før Hykleriet og Vaaset
fik trykket vor unge Lyst ihjæl,
om ej det vor Mund fik laaset,


Da lidt blev favnet, men meget nydt
og alt og alle begæret,
da Sindet laa aabent og Blodet frit
som Sommerhavet og Vejret.


Jeg husker de brune Øjne, hvor trist
hun blev da hun saa’ os drage;
thi det var paa Skanderborg Station,
der stod hun alene tilbage.


Men jeg drog mod Nord, over Land og Sø,
og sommerberust mig kendte,
og da jeg sov ind paa Himmelbjærget,
de brune Øjne mig brændte.


De brændte saa sødt, de brændte saa hedt.
Jeg drømte, jeg tog hende med mig.
Hun dufted af Blomster, Viol og Reseda,
og kyssede Lindring og Fred mig.


Saa stærke Kys fra en ærbar Mund.
Var Kaffen ej bleven serveret,
den unge Frøken fra Skanderborg
vist havde sig kompromitteret.


Aa disse ærbare Borgerbørn,
de maa deres Hjærter ave,
pyntelig blomstrer den stærke Reseda
i Faderens lille Have.


Der findes saa mange Borgerbørn,
som gør vore Tanker forfløjne.
(Jeg mindes vel tyve med himmelblaa
og ti med brune Øjne).


Der findes saa mange sirlige smaa,
som gav os en Dans og en Rose,
Rejseminder og Alfe-Bedrag,
der svinder for Dag over Mose!


Men disse Blomster fra unge Aar,
dem sankede jeg til Dynge;
og naar jeg mærker den flygtige Duft,
begynder mit Blod at synge.


De smægter saa sødt, saa hjærtebeklemt
mod Solskin og luftblaa Dage.
Men det er paa Skanderborg Station,
der staar de alle tilbage."
"Jeg kjender et Land, som har Bølgen til Vold,
Et blomstrende Eden i Norden.
Jeg kjender et Land, som har Troskab til Skjold,
Den tryggeste Hjemstavn paa Jorden.
Med jublende Stolthed, med inderlig Lyst
Den Danske det kalder sin Fædrenekyst.


Jeg kjender et Land, hvor Retfærdighed boer,
Hvor Borgen ei Hytten kan knuse,
Hvor Frihedens Poppel i Slotsgaarden groer
Og trindt om de laveste Huse.
Glad træder den Danske for Billedet frem,
Og kjender sit Danmark, sit Fædrenehjem.


Jeg kjender et Land, hvor i ældgammel Skrift
Man Mindet om Fædrene gjemmer,
Hvor Høienes Bautasteen, Kæmpens Bedrift
Til Manddom og Ærefrygt stemmer.
Det gamle, ørværdige, hædrede Land,
Det kalder den Danske sit Fædreneland.


Jeg kjender et Land, hvor den ædleste Drot
Med Kjærlighed Tronen begrunder,
Hvor Ringhed, som Høihed, til Herskerens Slot
Frimodig og tillidsfuld stunder.
Velsignede Danmark! din Lykke er stor;
Gid længe Kong Fredrik maa styre dit Ror!"
"Tak til Gud og til ham selv,
Tak fra Sjæle mange!
Under Løvtag, Kirkehvælv
leve skal hans Sange.


„Elsk og arbejd, syng og knæl!”
i hans Digtning klinger.
Folkets og Naturens Sjæl
gav hans egen Vinger.


Med sin Sang han bygged Bro
over Tvivlens Spalter,
sang som Barn med Juletro
ved Guds Font og Alter.


Livet — har man tit os lært —
kun om Møje melder;
ham var Livet ej saa svært,
Døden ikke heller."
"Afskeden

	
Dampskibsfarten

	
Samlivet paa Dampskibet

	
Kronborg

	
Kattegat

	
Søsygen

	
Christianiafiord

	
Modtagelsen i Christiania

	
Til Norges Sønner

	
Omegnen

	
Den unge Digter

	
Reisen op i Landet

	
Bærum

	
Krogkleven

	
Maleren

	
Halfdan Svartes Grav

	
Norderhougs Præstegaard

	
Den dobbelte Skydsgut

	
Elvene og Fossene

	
Ringerige og Modum

	
Bønderne

	
Sanct Olafs Jertegn

	
De tydske Studenter i Vigersund

	
Kongsberg

	
Faldet i Hougsund

	
Farten i Maaneskin

	
Drammen

	
Kirken i Drammen

	
Paradiisbakken

	
Farvel til Norge

	
Den sidste Morgenstund i Christiania

	
Gothenborg

	
Hiemkomsten

	
Tilbageblik

	
Armbaandene og Guldhornet"
"Aldrig af Bøger og malede Blade
Kan du begribe den store Natur;
Fuglen maa høres i Skov, under Blade,
Mat er dens Sang, naar den fængsles i Bur
Fuglenes Vrimmel,
Blomsternes Stimmel
Den maa du se, hvor den sattes af Gud;
Stjærnernes Gang paa den natlige Himmel
Tager sig slet paa Papirerne ud.


Jorden, vor signede Moder og Amme,
Drømmer sin lange, dybsindige Drøm:
Den var fra Sekel til Sekel den samme,
Stadig i Tidernes flygtige Strøm.
Slægter oprinde,
Slægter forsvinde;
Kloden beholder sin vanlige Skik:
Ældgamle Vaner den holder i Minde,
Gaar, som for tusinde Vintre den gik.


Ædlingen gransked i sindrige Skrifter,
Sysled paa Brættet med Tegn og med Tal,
Grunded paa Jordens de lønlige Drifter,
Rastløse Liv i dens dybeste Hal.
Hvo kan vel raade
Mørkeste Gaade?
Spørgende Sfinksen for alle jo laa.
Faa have fristet den himmelske Naade,
Eet af dens hellige Ord at forstaa.


»Herligste Liv har en dødelig levet,
Naar han har tydet os eet af dens Tegn« —
Det er den Tro, som vor Ædling har drevet
Bort fra sit Hus til Barbarernes Egn.
Ej mer i Bøger
Svaret han søger;
Rask i Naturen han henter det selv.
Alt, hvad han aner, hans Længsel forøger,
Frejdig han gaar over Bjærg, over Elv.


Held dig, vor Hansteen! Din Gaade du løste,
Snildt du forstod den bedagede Jord;
Selv af den evige Kilde du øste,
Nævnte for Sfinksen et hemmeligt Ord.
Norriges Graner,
Hjemlige Vaner
Drog saa til Hjemmet din trofaste Aand:
Her er Magneten, som kærligen maner
Nordmandens Hjærte med hellige Baand.


Kommende Sekler dit Navn vil bevare,
Hansteen! de lydt ville prise dit Vid;
Svende, som fjærnt over Bølgerne fare,
Ofte vil mindes din sindrige Flid.
Musernes Sønner
Jublende skønner
Dybt paa dit Værd, mens du vandrer paa Jord.
Ikke med Guld eller Glans vi belønner:
Tag mod vor Hilsen og Sang over Bord!"
"               Mellem Nøkkerosers
                fagre Blomsterriger
                færdes der en Skare
                kønne, unge Piger.


                Kønne, unge Piger,
                klædt i lyse Kjoler,
                der med Skæmt og Latter
                deres Ungdom soler.


                Nøkkerosens Blade,
                der sig ogsaa soler,
                er af samme Farve
                som de lyse Kjoler.


                Som den unge Piges
                Rosenkinder gløde,
                er dens Blomsterkrones
                Blomster lyserøde.


                Bladenet og Kjoler,
                Pigens Rosenkinder,
                og de søde Blomster
                i et Kaos rinder.


                I saa tæt en Klynge
                at man ej kan gætte
                der er unge Piger,
                før de høres synge.


                Da faar først man Øje
                paa de unge Piger
                mellem Nøkkerosers
                fagre Blomsterriger,


Saaledes legede fordum de yndige Piger fra U,
deres Søstre fra Landet Yu
og de Skønne hos Kongen af Thsu.


Da vandred langs Strandbreddens Runding
de leende unge Piger
helt ud til Flodløbets Munding.


Indtil de øjned en Skare
Roser, der, Hoved ved Hoved,
deres Slægtninges Komme med Hilsen besvare.


            Og langs de frodige Bredder,
            hvor Nøkkeroser sig soler,
            gik de og stænkede leende
            Vand paa hverandres Kjoler.


            Og da de vandrede hjemad
            følgende Flodløbets Leje,
            saa de den hvide Maane
            sit Hoved efter dem dreje."
"Stolt synger Bølgen gjennem Issefjord,
Om Kjæmpelivets Undergang i Nord,
Fra Roeskild’-Kirke toner det paa Vang,
— Som Bølgen og som Org’let, er din Sang.
"
"Fjernt mod Nord, i Akersdal
vore Brødre flokkes til Gilde,
Graners Dust i Højtidssal
vækker Minderne milde.
Dølen, den gjæve, med Kniven ved Belte,
føler sig stolt som en Ætling af Helte;
Ordet, med Fædrenes nærmest i Slægt,
lyder der saa frit og kjækt.


Festens Bud gik vidt om Land,
over Fjeldet Vej det har fundet
hist til Fyrisaaens Strand
og til „Slottet” bag Sundet.
Mellem Magistre med Laurbær paa Kraven
Choragos knejser og fægter med Staven,
og som en Elv gjennem Fjeldkløften trang
bryder frem den svenske Sang.


Ogsaa vi har slaaet os løs,
om vor Fest end neppe vil være
fuldt saa nordisk og pompøs,
som hos Frænderne kjære.
Neppe for Sang vel vor Syngen kan gjælde,
vore Magistre det let er at tælle,
Granduften mangler — men Aanden, min Broer,
samme Aand i os dog boer.


Ja vi alle, fjernt og nær,
som det samme Nordens Studenter,
sværme tro for Piger her,
hist for Flickor og Jenter.
Alle for Sandhed og Frihed vi gløder,
kæmpe for Aanden mod Jetter og Jøder;
alle i Kveld vi med Sang og med Ord
prise fro vort stolte Nord."
"Solen, O, min Gud, hvor Solen
gør mig sund i alle Sanser;
jeg kan høre Kloder klinge,
jeg kan se, hvor Sole danser.


Jeg fornemmer selve Tidens
skæbnesvangre Aandepust,
og jeg sitrer — som en Morgen,
naar ved Nat jeg var berust.


Ja, beruset er min Hjerne,
og beruset er mit Blod,
store Styrkebølger strømme
fra min Isse til min Fod.


Gennem Titusbuen gaar jeg,
som om jeg var Kejser Titus,
medens Romerfolkets Jubel
følger Indtogsfestens Ritus.


„Mine Venner, mine Slaver!
Kast jer ned for Magtens Sol.
Kejser Titus skrider sejrrig
til sin Plads paa Kapitol!”"
"Det var i et Land ved den brusende Sø,
        i en Vår som længst er forbi,
måske du har hørt, at dér leved en Mø,
        hvis Navn var Annabel Lee?
Hendes Liv var at elske og elskes af mig,
        og nu er det hele forbi.


Jeg var et Barn, og hun var et Barn,
        i den Vår, som længst er forbi;
men vi elskede ud over Tid og Rum,
        jeg og min Annabel Lee,
og Serafvinger skyggede hende og mig,
        det var Eden, vi vandrede i.


Og derfor steg af den brusende Sø
        i den Vår, som længst er forbi,
en Uvejrs-Sky, som isned
        min dejlige Annabel Lee,
og hendes højbyrdige Lrænder bar
        den Kiste, hun hviledes i,
langt bort fra mig til en stensat Grav,
        og så var den Vår forbi.


Thi Englene havde med Avind set
        os vandre så ene og fri.
Ja! derfor var det (som alle forstod
        i den Vår, der nu længst er forbi)
at den Uvejrssky kom fra den brusende Sø
        og isned og visned min Annabel Lee.


Langt stærkere lyste dog Elskov i os
        end i dem, der var ældre end vi
        — og i mange mer kloge end vi;
end byder den Engle og Djævle Trods
        og går dem uskadt forbi.
Intet tilintetgør din og min Fryd,
        du min dejlige Annabel Lee.


Af hver måneklar Strøm stiger let som en Drøm
        min dejlige Annabel Lee;
fra hver Stjerne i Sky smiler til mig påny
        min dejlige Annabel Lee;
hun kan slet ikke dø, vi er to under Ø,
i den stensatte Grav ved den tordnende Sø.
        Vi er ene dér, vi er fri:
        Den Vår bliver aldrig forbi."
"Vendte Atthis sin Kærlighed
fra mig, maatte jeg dø af Sorg,
ladt tilbage med sygt og forrevet Sind.


Sig, Veninde, de søde Ord:
""""Ve mig dog for en Sorg, vi led,
Sapfo, tro mig, jeg nødig forlader dig"""".


Og jeg svarer: """"Jeg er saa glad,
at du kom og du husked mig.
Aa, du veed, hvor vi springer i Møde dig"""".


Ingen Klage mere! Men sværg
ved Gudinden, at du og jeg
alt betror hinanden, alt skønt, vi fandt.


Bud du skikked om mangen Krans
af Viol og af Rosers Flor,
duftomhyllet, som pryded og fryded dig.


Mange frodige Blomsterflet
om dit yndige Skulderpar
og det yppige bølgende bløde Haar.


Og det yppige bløde Haar,
som du kongeligt salvet har
ind med duftende Salve og Myrrha-Saft.


Og med Tæpperne til min Seng
af det polstrede bløde Stof
gød din Haand for mig [Længslernes søde Vin].


Søens Herskerinder, o Nereider,
giv mig atter Broderen frelst tilbage,
giv, at alt, hvorefter hans Hjerte higer,
      for ham maa lykkes.


Fri ham fra det skæmmende onde Rygte,
saa hans Venner atter kan føle Glæde,
men hans Fjender Skade kun faar! Nej, lad kun
      Fjendskab forsvinde!


Vilde han da venligt sin Søster mindes,
rejse hende op af den Sorgens Afgrund,
hvori han i Skændselens onde Dage
      lod hende synke.


Ej han agted paa mig, o ve, hvor skar det
mig i Hjertet, som sig kun Døden vented,
dog i Dag ved Festens og Frydens Toner
      banker det atter.


Men Gudinde, hvis mine Sange glæded
dig i Sjælen, sænk da i Nattens Mørke
Sorg og Kvide, som vi har baaret, skærm du
      os mod det onde!'"
"Omtaage Sandserne Forstanden,
Vil Bægret skumme over Randen —
Drag, Fredensborg! mig til dit Bryst!
Og lad det sværmeriske Stille
I dine Skove sødt formilde
Det Vilde i min Ungdomslyst!


Og nager Kummer paa mit Hjerte,
Er stum og dødelig min Smerte,
Da flyer jeg atter til dit Hegn!
Gaaer atter i de grønne Sale,
Indtil at dine Nattergale
Har smeltet Skyerne til Regn.


Ja, du skal leve i min Tanke,
Til Hjertet hører op at banke
For jordisk Fryd og jordisk Sorg!
Til Fuglen tier hist paa Qviste,
Og Træet bliver til en Kiste
Og Graven selv til Fredensborg!"
"Bølgerne mod Skibet slaa,
Vennerne paa Bredden staa,
føler deres Hjerter banke,
sender mangen kærlig Tanke
efter Addas Øjne graa. —

Som de staa paa Strandens Sten,
er de Blomster hver og en
samlede om Dagens Stjerne,
glem det aldrig i det Fjerne,
Danmark er en Blomstergren.
"
"Aftenens Brise leger nu ved Stranden,
og Havets melankolske Orgelbas
ledsager Luftens sprøde Klang af Glas,
som om den ene svarede den anden.

Som Orgelpunkt maa med din Tale følge
mit Suk, der stiger til et Vemodsanfald;
da hulker gennem Sjælen som et Vandfald
den strømmende, den dybe Brydningsbølge;

og mens din Stemme gennem Natten klinger,
og mens det hvisker tyst fra alle Kroge,
er det, som Klokker i det Fjærne ringer;

og over Bølgekammens hvide Snoge
staar Venus som en Engel uden Vinger
med kloge Blik og Bryster som en Maage."
"O, vær mig god, Gud Fader i det Høje,
se ned paa mig med mildtbedrøvet Øje,
opløft min Sjæl fra Jordens Skyggedal!
og naar du aabner Himlens gyldne Fløje,
lad Engle mine Taarer sammenføje
til Perleforhæng for din Kongesal.

O, giv mig Morgenrødens Guld i Eje,
thi jeg er træt, og ensomt mine Veje
end række langt mod Solnedgangens Glød!
og som naar Skovens tunge Grene svaje,
jeg føler mine Længsler langsomt dreje
sig efter Lyset, der fra Korset flød."
"Alt Morgensolen straaler blidt
paa Bakkerne i Kent
og Kilder risler milevidt
fra Humlehavers Skrænt!
En ensom Vandrer stille stod,
Gud Amor ham det bød,
han lagde Snaren for hans Fod:
en Pige ung og sød.

Og denne Morgenstund i Høst
blev Amors Bue spændt,
hans Pile uden Varselrøst
blev mod to Hjerter sendt,
og hvert af dem fik sin Bekomst,
og leende løb Guden væk,
thi under Humlerankers Blomst
sprang tvende Hjerter læk.
"
"Andre har Arbejdet, Lyset og Solen,
        Dagningens Glans i det skælvende Korn,
        i lysspunden Silke
                gaar deres Gudinder
        med røde Hørblomster, bundne i Slyng.
Jeg lever i dig,
du violblaa Nat,
i hvis drivende, perlefnuggede Mørke
        min natlige Dronning,
        min Vidunderblomst,
aabner sig i et maanelyst, glimtende Nu
        som ved tavse Floder Victoria regia
aabner sig
        — blomstrer en eneste Nat."
"Trofast og ren i al din Færd
og ridderlig som faa,
hvor fandtes større indre Værd,
hvem kunde dybere forstaa?

De Skikkelser du tegnet har
med Mesterpensel ned
behøver ingen Kommentar,
om dem vi véd Besked.

Vi kender Dalgas, Bülow, Rye
og Lundings barske Bryn,
og Mesteren fra Roskild By,
ham saa du med dit Kunstnersyn.

Du saa hin Kvinde i Gevandt
fra Hellas’ fjerne Old,
du skildred’ Dagene, der svandt
bag Ørkenteltets Fold.

Det skønne Hellas til dig kom
som en arkadisk Drøm
og Isralitterpigen, som
bevæger Teltets Søm.

Tag mod vor Tak, vi lægger ned
en blomstersmykket Palmegren,
den tolker Danskes Kærlighed,
thi du var tro og ren!"
"En stilfuld Park, Bymure stænger den,
omkranser Slottet, hvor han Livet lod —
Kristian den Fjerde, en Regent saa god!
paa dette Sted hans Aand end gaar igen;

han bygged Borgen, Marmorsale stod
rejst paa hans Bud, han gifted Krigens Mænd
med Fredens Møer, Køllerten om Lænd,
hans rustne Sværd blodvidner om hans Mod.

Nu er han borte, alt er langt af Led;
det Slot er Skallen om forgangne Ting,
til Skue stillet for hver vindig Gæst. —

Selv det engang saa stive Rosenbed
bær Nutidsblomster — nye Kildespring
nu stjerneflimter under Sol og Blæst!"
"Sjældent skrev jeg; thi Apollo skænked sjældent mig sin Gunst;
men min Muse gransked nøje, hvad der var den bedste Kunst.

Derfor véd jeg, du var Mester fremfor Nogen i min Tid,
Verdensscenen som Orkester toned af din Sjælestrid.

Aldrig greb du selv Basunen, rørte Tromme og Cymbal,
du var ene, du var Mester, uden Præken og Moral.

Ene Formen var dit Formaal, Kunsten var dit Fædreland,
og du selv var Landets Herre, du var ene, du var Mand."
"Dybt hælder Aaret i sin Gang,
snart ødes Eng og Lund,
farvel med al din Lyst og Sang,
du korte Sommerstund!

Snart sukker Vinterstormens Røst:
Alt visner og forgaar!
Lad visne kun, jeg ved den Trøst,
som ligefuldt bestaar.

Lad Solen korte af sin Vej
og Natten vokse til,
Guds Vældes Arm forkortes ej,
hans Visdom for ej vild.

Lad gulne hvert et Blad paa Kvist,
lad falme alle Straa,
Guds Kærlighed, jeg ved for vist,
omskiftes ikke saa.

Jeg ved, hvor Glæden har sit Hjem,
naar øde Mark staar hvid,
hint Frydekor fra Betlehem
forstummer ingen Tid.

Jeg ved, hvor Haabet grønnes da,
naar alting falmer her,
min Frelsers Træ paa Golgatha
en evig Krone bær’.

Lad synke kun med Løvets Fald
hver Markens Blomst i Rad,
min Tro paa ham bevare skal
sit friske Hjerteblad.

Han lover mig en evig Vaar
trods Vinterstorm og Død,
thi Livet frem af Graven gaar,
som Kristus gennembrød."
"Der er et Land, dets Sted er høit mod Norden,
og Polens Bjerge svømme nær dets Havn;
men skjøn som det er ingen Plet af Jorden,
og Danmark nævner man dets favre Navn.
I sølvblaa Vesterhav en deilig Have,
med Bøgehegn, hvor Nattergale boe!
og hver en Deel gav Himmelen sin Gave,
paa hver en Plet Velsignelserne groe!

Fra Eid’rens Strøm til Skagens hvide Banker
den jydske Halvø krummer sig mod Nord.
Et herligt Land! Dets Folk sig Velstand sanker,
paa fremmed Strand det henter Guld ombord.
Den muntre Stridshingst over Engen vanker,
og Stimer myldre i den dybe Fjord;
til Stavn og Roer har Skoven Egeplanker,
dets Sønner Kraft, og Snildhed deres Ord.

Mod Øst for denne tvende Have stride
med Sjølunds Bred og Othins ganle Ø;
nær Lolland, Falster, staaer i Klæder hvide,
med Løv om Haaret, Bølgens ranke Mø.
Det raske Folk kan ingen Mangel lide,
thi Agren bølger her sig, som en Sø,
om favre Blomstereng staae Lunde blide;
her er det smukt at leve, tungt at døe!

Og dybt mod Syd, hvor Elbens Bølge gynger
vel tusind Snekker langs den grønne Kyst
i fede Marsk, imellem gyldne Dynger,
de røde Hjorde hvile sig med Lyst.
I østlig Sø, hvor vrede Stormfugl synger,
Bornholm staaer, kraftig, med sit Klippebryst;
og dybt i Stenen er Karfunkelklynger,
og det har Mænd, som lee ad Kampens Dyst!

Saa skille Strøm og Sunde Mark og Stæder;
men et er Danmark, trofast er dets Magt;
en Bro af Malm Samdrægtigheden smeder
fra Bred til Bred, og Ærlighed staaer Vagt.
Vort Held er eet, og fælleds er vor Hæder,
den vogter Sværdet med sin Varetægt!
og een den danske Bøn, hvert Hjerte beder:
„Gud skjærme Kongen og hans hele Slægt!”"
"Aftensolen luer paa den gamle Borgruin,
Bag Klostret sidde Munkene og drikke deres Vin.
Der er rummeligt og svalt i de store Klosterhaver
Og der er deilig Plads i de hellige Maver.
De purpurrøde Skaaler løftes mod Nattens Himmel:
Madonna, vær os naadig, bevar vor Vin fra Skimmel.

De juble og de synge, de ærværdige Lukuller;
Deres Latter er en Torden, som mod Havemuren ruller.
De stryge Vinens Perler fra det fugtige Skjæg,
Og slænge Kuttens Folder fra den brunede Læg.
En synger muntre Viser, En læsper: pia mater,
Kinder og Øine blusse paa de fromme Krabater.

Foran det glade Selskab, alvorlig paa en Sokkel,
Throner Apostlen Paulus, saa tør som en Knokkel.
Den strengeste Askese staar skaaret ud i Stenen,
Det er tydeligt, at Manden er forarget ved Scenen;
Af Harme synes Foden at dirre paa sin Plint,
Apostlen er lige ved at flyve i Flint.

Det hellige Convivium, det aner Ingenting;
Bægrene vexle i den sluttede Ring,
Viserne vokse i Længden og Drøiden,
Jublen og Latteren har netop naaet Høiden, —
Da styrter Apostlen med et vældigt Spektakel.
Ora pro nobis! et Varsel, et Mirakkel.

Bordene væltes, man vil løbe sin Vei,
Da peger En mod Støtten, og raaber: Ei, ei!
Apostlen ligger stille — med Næsen i et Bæger,
O pia fraus, den Hellige sin Gane vederkvæger!
I Døden vil han drikke, i Livet skrev han Breve;
Det første er det bedste. Den døde Paulus leve."
"Hun boede fjernt fra Verdens Larm,
    Hvor Kilden risler blaa,
Ei smigret af en Moders Sjæl
    Og elsket kun af Faa.

Violen lig ved mosgroet Steen,
    Halv skjult for Verdens Blik,
Alene paa en Himmel mørk,
    Hun Stjernens Skjønhed fik.

Ukjendt i Live, fulgt af Faa
    Paa Dødens mørke Vei,
Nu Lisbeth ligger i sin Grav —
    Min Gud! hvad tabte jeg!"
"Uhyggeligt var Stedet. Bækken, som
Igjennem Skoven randt, slog her en Bugt,
Og vided ud sig. Ingen Rislen hørtes;
I dets Sted hviskede de tause Hvirvler,
At Strømmen her blev dybere. Gravvæxter,
Cypres og Tax og dufterige Cedre
Og skyggefulde Graner voxed tæt,
Og fra de dunkle Grene, midt i Natten
Udstødtes Suk og Klagelyd som Døden.
Hvor selsomt! thi om Dagen stod de der
Foruden Liv og ligned fast, mig tyktes,
Et Mindesmærke, som den dunkle Jord
Udaf et sorgfuldt Bryst en Ungmø satte.
Ja, Løvet selv Naturens Farve skifted
Og klædte sig i Sort; den vilde Brombær,
Med Armene udstrakt og overkors
Udover Strømmen hængte, som en Skildvagt,
Der holdt med Løvets Hager fast det Mos.
Som løsned sig fra Kanten, visne Grene
Og tørre Græsstraa, der med Strømmen flød,
For dermed at bedække fromt den arme
Marcelias Dødsseng. Aldrig kasted her
En dristig Fisker Nettet ud med Haab,
Thi hvert et Liv er slukt. Den smekkre Raa,
Der plumrer Bækken med stakaandet Snøften,
Flyer ængstlig bort fra det vanhellige Sted,
Og Qvien løber brølende forbi,
Og Hunden laber ei, og Vinterfuglen
Gaaer høiere med Strømmen. Dog jeg elsker
At dvæle der; og naar sig Maanen hæver
Og lyser ned iblandt de dunkle Graner,
Saa rød og stor, igjennem Aftnens Taager;
Og naar de tunge Grene sig bevæge
For Vinden hid og did — jeg lytter efter:
Det er, som hørte jeg en Klagerøst,
Der beder og der klynker mellem Løvet,
Som skjulte det en Udaad. Sagnet gaaer,
At her en stakkels Pige, som stod ene
I Verden, og hvem Skjæbnen gik imod,
Engang har streifet om, og her man mener
Hun kasted sig i Strømmen. Du har sikkert
Engang hørt tale om Marcelia,
En Datter af den fattige Nolina,
At hun forsvandt? — O, ja! men, ak! hun elsked
En rig og fornem Mand; han tog en Hustru:
Da græmmed Pigen sig, til hun blev syg,
Og drukned sig af Kjærlighed."
"Da Amor var Barn og gik ørkesløs om
    Blandt Blomster fra Morgen til Aften,
Engang til en Skovplet i Dalen han kom,
    Og standsede strax, da han traf den.

En Krands han i Træerne hænge saae,
    En Kilde der risled i Grunden —
Glad sprang han iveiret for Krandsen at naae,
    Han veed, den af Glæden er hunden.

Men, ung som han var, ikke aned hans Bryst,
    Da Blomsternes Ynde ham daarer,
At Kilden, der mumled i Dybet tyst,
    Var rundet af Sorgens Taarer.

Han greb efter Krandsen med Ungdomsmod,
    Alt med sine Hænder haade —
Da faldt den saa dybt i den salte Flod,
    Og Blomsterne bleve saa vaade.

Nu bærer han Krandsen ved Nat og Dag,
    Dens Farver i Sollyset spille;
Dog endnu hvert Blad har beholdt en Smag
    Af Taarernes salte Kilde."
"O, Nanna! vil Du følge mig
    Og langt fra Verden hos mig hygge?
Kan Dalens Stilhed fængsle Dig,
    Du, som er vant til Lys og Lykke?
Vil, uden Fløil og Perlekrands,
    Ei tidt med længselsfulde Sukke
Du drages mod den tabte Olands,
    Da Du var smukkest blandt de Smukke?

O, Nanna! fra den fjerne Strand,
    Vil Du ei see med Suk tilbage?
Siig, kan Du trodse Solens Brand
    Og Vinterstormen uden Klage?
Og vil din Sjæl, saa blød og blid,
    Ei under Modgangs Vægt sig bukke,
Men mindes uden Savn den Tid,
    Da Du var smukkest blandt de Smukke?

O, Nanna! er saa stærk din Tro,
    At Du igjennem Livets Trængsler
Vil trofast hos din Beiler boe
    Og dele med ham Savn og Længsler?
Og tynger Sorgen paa hans Bryst,
    Vil Du den ømt i Slummer vugge,
Ei tænke paa din Ungdoms Lyst,
    Da Du var smukkest blandt de Smukke?

Og kaldes bort tilsidst din Ven,
    Vil Du hans Afskedssuk modtage?
Din Smerte, vil Du tvinge den,
    Og smile, som i fordums Dage?
Og strøe paa Graven Rosens Blad,
    Med dine Taarer den bedugge,
Og glemme, Du var, ung og glad,
    Den Smukkeste iblandt de Smukke?"
"Som Sølv lyser Maanen fra Himlen inat,
Paa Actiums Kyst seer jeg Straalerne skinne,
Hvor en Verden engang er paa Spil bleven sat,
For Ægyptens deilige Dronning at vinde.

Her skuer jeg ud paa den vidtstrakte Grav,
Hvor Romeren slumrer bag blaanende Bolge,
Hvor Ærgjerrigheden selv Afkald gav
Paa en vaklende Throne, for Qvinden at folge.

Florence! Du Søde, hvem elske jeg vil,
Imens jeg er ung og Du deilig at skue,
Som man elsked, da Orpheus ved Strengenes Spil
Fik sunget fra Orkus sin Kjærligheds Lue —

Florence! o, det var en lykkelig Tid,
Da Verdner man gav for et Blik af en Qvinde!
Havde Skjaldene Riger som Riim — o, da viid.
Du snart vilde nye Antonier finde!

Men, ak! nei saa gavmild er Skjæbnen nu ei—-
Dog, ved dine Lokker og Øine saa milde! —
Jeg har ei en Verden at miste for Dig,
Men ei for Alverden jeg miste Dig vilde!"
"Der staar et Par Palmer — i Asien;
      sorte i Silhuet.
En Guldsø glimter i Asien,
      en Taare en Gud har grædt.
En Bjergkæde straaler og straaler,
      rød og forreven og raa,
med skjulte urolige Skyggespil
      af Nætter som falder paa.

Der rider en Rytter i Asien.
      I Nat ved det flammende Vand,
i Nat ved de tøvende Palmer.
      Han søger et Land bag et Land.
Der rider en Rytter i Solnedgangen,
      han bærer en Verdens Vé —
hans Kappe er sort, men dens Fo’r er rødt,
og hans Hest er som Bjergenes Sne.

Kunde vi ride af Gaarde.
      Søge saa langt som han,
ud mod det Land bag Landet
      og Bjergenes røde Rand.
Kunde vi ride af Gaarde i Nat
      i de graalige Stjerners Skær
til et Bjerg og en Sø og to Palmer —
      og møde en Rytter der."
"Af alle dem, jeg fjern og nær
i falmet Skrift, i livsfrisk Tale,
i svundne Tiders Aandeskjær,
i Nutids kjødelige Sale

har mødt og snart har faaet kjær,
snart frygtsom udenom har listet,
jeg kun et Par i Mindet bær,
hvis frie Høisind aldrig bristed.

Tæl saa min Frelser med og siig,
at tre dog have traadt paa Jorden —
Saa rig, saa saare, saare rig
er Friheds ædle Ridderorden.

Tre Frihedsmænd — et eget Værd
de ægte Perler altid have.
Det dyreste, det ægte Skjær
er netop Sjeldenhedens Gave."
"De stødte dig ud, Herre Jesus, af Nazareth Porte,
        fordi du var hverken saa stærk eller klog
som Samson, da Porte af Jærn, mod Stormbuk gjorte,
        han magelig med sig paa Skuldrene tog.

Men havde du slæbt dem blot ud over By mandens Ager
        og hængt dem for Spas paa Naboens Led,
de havde med Glæde tilgivet dig saadanne Sager
        som Helvedes Porte at lade med Fred.

Men siden du gik ud af Nazareth Port og al Verdens
        Port af de rustede Hængsler tog,
de staae og gabe og see ei, at er al Verdens
        Port løftet af, er Nazareths og."
"Satan, gamle Slange,
        Usling, evig ung,
        dømte skumle Fange,
        Drøm, uhyre tung,
voldende Gud Fader al hans Sorg,
rystende for Sønnen i din Borg,
stolt som Bødlen paa en Thrones Hynder,
udlært som den ældste Mestersynder,
        er du værd at hade, ene du,
                du og al din Gru.

                Gridsk som Ildens Tunger,
        feig som Ildens Røg,
        hul som Blæstens Lunger,
        fræk som Vanvids Spøg,
vild af Vellyst som den geile Buk,
grusom drikkende de Pintes Suk,
væmmelig som Dragens Bug i Skarnet,
sørgelig som Lastens Præg paa Barnet,
        huser i din Ligsærk ene du
                hele Helveds Gru.

                Glad som Druknes Syner,
        sød som Kundskabs Frugt,
        dyssende som Dyner,
        som en Søvnurts Lugt,
bølgende som Hevnens dulgte Lyst,
gjøglende som Ørkensøers Kyst,
daarende som Lystens hede Læber,
som den Rædsel, der ved Lasten klæber,
        stjæler du mig Hadet af min Hu,
                lokker mig med Gru.

                Slæng din sledske Maske,
        viis dit eget Grin,
        gjem din Troldmandstaske,
        gyldne Gløders Skrin!
Vær dig selv, saa flad og tom og dum,
grim og flabet, fraadende og grum,
som du maa for Lysets Døre maabe,
Løgnens Pjalt og Jaskeriets Taabe,
        og jeg hader dig af al min Hu,
                dig og al din Gru.
"
"Man siger, at det Værste vel
en Levende kan faae at friste,
er, naar han hænges paa en Pæl
udspilt i Reb, som ikke briste.

Der var en Mand, det som en Drøm
er nu, det er saa længe siden,
og den Gang var man mindre øm,
det har vel ligget saa i Tiden.

Man fandt, af Pinen kun en Brøk
han fik, om han i Reb blev strammet,
thi gjennem Haand og Fod en Pløk
man med en Smedehammer rammed.

Hvor ondt det gjør, vel ingen kan,
ei heller de, der gjør det, vide.
Der skal Erfaring til, og han,
der selv erfor det ved at lide,

han sagde da: Forlad dem, Fader,
ei, hvad de gjør, de vide selv.
Af samme Grund nu Gud forlader
os al den Søl af Syndens Elv.

Det troer vi cnristne Folk og veed,
hvor Herrens Aand er, der er Frihed.
Den mangt forsaged, mens den led,
men holdt paa eet — O ja, paa Frihed!"
"Hvad er det Bryllup i Kana? Kan da
        vi, som forstaae os paa Vin,
troe paa, at Vand kan blive til Varer
        fra Bordeaux eller Rhin?

Nei, du har Ret, det kan I vist ikke.
        Lad I kun Vand være Vand.
Forsøg saa engang at nippe til denne
        vor Kalks kredensede Rand.

Du vil ei? Men var det den cypriske Drue,
        du fyldte nok ærlig din Mund.
Du veed, Aphrodites svømmende Øien
        findes paa Bægrets Bund.

Eller endog, hvad Circe har skjænket —
        O ja! Det var en Vin!
Odysseus’ Karle har sandet, at saligt
        er det at blive til Svin."