url,text,super-long
https://zlatyfond.sme.sk/dielo/147/Sladkovic_Kratsie-basne/3,"Vzlietni nad svety v jasnotu éteru,
v priepastiach zemských prezeraj kryštály,
vstúp na dno mora, kde žijú koraly,
odkry si tajnú prírody zásteru,
pusť voľné zraky v oblakov priestory,
uchyť v čarovnom blesku meteory;
preleť po ľudstve od póla ku pólu,
slovenskej devy obdivuj lepotu,
Vatikán navštív, obdivuj peknotu,
helénskemu choď tešiť sa idolu;
tak Všehomíra zjednoť v svojom bytu,
zber všetko, čomu duch oddáva chválu,
vyber najkrajšie formy z krajín citu
a vystav krásu v božskom ideálu: —
      Ach, kto velikánsky prežiaľ ten ukojí,
      že v svete pri kráse vždy aj špata stojí!",
https://zlatyfond.sme.sk/dielo/147/Sladkovic_Kratsie-basne/4,"Už slnce za hory pozlátené padá
a sen sladký pokoj prírode podáva;
s mladým sa večerom hrá dolinka mladá
a zora milý blesk láskave uspáva:
      Cítim to, sladko mi doba táto hovie,
      ale čo to za slasť, ktože mi odpovie?

A tichá noc mrakom svety naše kryje
a svetlá čarovné jasným nebom seje;
zrak môj sa do bleskov nebeských zavije
a celým sa srdcom sladký cit rozleje:
      Hľadím, že snáď blesk ten na to mi odpovie,
      čo v ňom oko moje teší? ktože ho vie?

Nad horou strašná vylietla čierňava,
hrmí, hromy bijú, blýska sa a leje,
utíchne; — od hory k druhej hore vstáva
dúha a slnce sa milé zas usmeje:
      Oko moje v slze radostnej sa topí,
      ale čo za radosť to? kto ju pochopí?

Pod lipou si pekná mladucha sedela,
spievala ľúbezne a vienočky vila,
tvár sa jej pod ružou červenou belela
a v oku sa hviezda ranná roziskrila:
      V jej krásach sladko sa oko moje baví,
      ale krásu tých krás ktože mi vyjaví?",
https://zlatyfond.sme.sk/dielo/147/Sladkovic_Kratsie-basne/7,"Na kraj hory skala, na kraj skaly more,
na kraj mora tôňa, tôňa ľudskej tvári,
s ňou si blesk zahráva, bledý blesk mesiaca,
a ona si s bleskom belavým pohráva;
ale hra je to, jak rozhnevané vody
v zápasoch s divým a búriacim severom.
Hneď ticho stojí, hneď sebou zase trhá,
mrští sa o zem, jakby sa chcel pochovať
za živa; hneď zas sa vychytí hore a
žilnatým ramenom nebo chce uchopiť,
akoby strhnúť chcel k nížinám oblohu,
alebo vyšinúť seba k tým výšinám. —
A zver vydurená z ponocných peľachov
vyskočí, zastane, díva sa; díva sa
utíchly Oceán; aj hviezdy zvedavé
z ich belasých nebies na belasé more
okolo tej tône sadli si: myslel bys’,
že zlatých tisíce má očí Oceán;
mlčí aj sama noc v tichom užasnutí
a svieti si lampou nebeskou a hľadí
na hladinu mora, kde obraz strašlivý,
obraz divokosti, tieň duše zúfalej! —
Zhasil by nešťastník slabé svetlo noci,
aby ani tôňu on svoju nevidel,
aj aby od sveta on videný nebol:
ale keď to nemôž’, aspoň tichosť nočnú
prelomí a kliatbou zahrmí k nebesám,
a ohlas roznáša temnými horami
žaloby zúfalca diaľ a diaľ okolo:
„Šelmy pustých hôr tých, čo chcete? — mám šelmy
v duši svojej divšie nad vás! — A čo chcete,
vy lampy nebeské? — žiaden svit nádeje
od vás mi nepadá! — Čo chceš, ty zradná noc?
Či obraz čierneho smútku mi podávaš?
Čo si stíchol naraz, svet vodný? Asnáď chceš
počúvať žaloby duše rozbolenej? —
Hoj, viem už! Hýbate sa, zvery, a svetlo
z vás, vy hviezdy, prší: hýbanie a svetlo!
Živly to života: noc je odpor svetla,
smrť odpor života: čo padne v Oceán,
to zmizne, stratí sa, tak čo smrť uchytí,
zanikne, v hrobovej stratí sa hlbine.
Preťažké volenie! tu život a tam smrť,
tu dni plné biedy, tam strašné zhynutie!
Život môj, smrť moja! dve strany bytností,
ktorá z vás má spásu pre dušu zúfalú?
Hrozný je život, že nieto v ňom pokoja;
sladká je smrť, že v nej býva večná tichosť.
Sladký je život pre večný svoj nepokoj;
hrozná je smrť práve pre tú večnú tichosť! —
Čo? sladký je život? prekliaty je život:
v otroctve zrodila ma mať, a preto som
otrokom, a preto bič, hlad, hanba, reťaz
s osudom nešťastným od kolísky tvrdej
až dosiaľ mi dušu v otroctve trápili! —
Sám svätý ten Ganges, svätým mokom svojím
nevie zmyť z duše mi poškvrnu otroctva;
pes viac je tyranom nežli ja; červiaka
ušetrí v prachu tom noha brahmanova,
mňa panská surovosť šliape tvrdou pätou;
chrobák právo žitia má, ja v očiach katov
ani len života nezdám sa byť hoden!
Prečo aspoň práva smrti neužiješ,
keď právo života kradne ti poroba? —
Či všemožný Brahma preto ma len zrodil,
aby som nástrojom stal sa pýchy cudzej?
Či vôňu kvetov a príjemné ovocie
dáva len tyranom? — Hádam krádež je to,
keď vôňa kvetová oveje otroka?
Tuším každý pohľad na krásu prírody
je hriech a na veľkosť pomyslenie zločin!
Nič, nič nemá otrok: aj ten dych, čo dýcha,
je cudzí a s každým dýchnutím okrádza! —
Čo? sladký je život? prekliaty je život!
Čo odkladáš, more, vody svoje vyliať
a strhnúť v bezdnotu svoju zavrženca?
A čo, vy potvory, ostré nezatnete
pazúry do údov reťazmi zodraných? —
Život môj nebol môj, aspoň smrť je moja:
ohavnosť žitia, v tých vodách ťa utopím!
Vlastnej vôle plodom ani jedinký čin
nebol v biedach mojich, aspoň smrť nech bude
činom slobody! —“
                  A tu ešte jeden raz
zatočí zrakma po bohatej prírode
mládenec biedny — len skok — a dve milostné
ramená sa mu kol hrdla ovinuli. —
Obzrie sa — skrotne — vzdychne: „Otrok ľúbosti
ani umrieť nesmie! —“
                      A sklamané vody
pod milým a milou smutne zastenali.",
https://zlatyfond.sme.sk/dielo/147/Sladkovic_Kratsie-basne/9,"Na Sitna vrcholci dumná visí skala,
tam večne sedí samota trúchlivá,
tam si sedela, tam horko plakala
mať moja, mati biedna, žalostivá.
Šanuj sĺz mojich horké spomenutie,
ušetri bôľne duše mojej hnutie!
Storočných bôľov obraz to tam sedí,
tak biedny je nie obraz samej biedy;
sedela v závoj čierny zahalená,
žialila ťažkým žiaľom rozžialená:

„Synovia moji, nevďační synovia,
Sláviu, matku svoju viac neznajú!
Skalám žalujem, zlý svet sa mi smeje:
Vystúpte skál tých pravekí duchovia,
snáď vám sa pohnúť odrodilci dajú
a moje znovu ožijú nádeje!“
Ja som jej syn, je ona mati moja —
ó, aké boje v duši mojej stoja! —
No, čo sto bojov nado mnou zahučia,
ja s celou dušou padnem v jej náručia!

Ó, neplač, mati, mati naša drahá!
Zájde ten mrak, čo tvoje slnce kryje,
pre deti tvoje príde doba blahá. —
Málokto je tvoj, ale každý verný,
čo svedomie si zradou nezačierni;
nejedno srdce ešte k tebe bije,
odhodlanosť je, čo ťa vyslobodí,
táto nádeju — nádeja čin splodí,
a činom slávnym rod tvoj zas ožije! —
I neplač teda, mati naša drahá,
zájde ten mrak, čo tvoje slnce kryje,
a tebe, tvojim príde doba blahá!",
https://zlatyfond.sme.sk/dielo/147/Sladkovic_Kratsie-basne/10,"Načo si to srdce, načo si mi dal, Bože!
Keď nikomu v šírom svete ľúbiť sa nemôže?

Jakby ruže v poli nevidené spadali:
tak moje vädnúce krásy nik, nik nepochváli!

Sto žiaľov, bied tisíc dušu devy môž’ raniť:
a mňa, mňa tak opustenú nemá kto obrániť!

Kto číta tie slzy, čo v samote padajú?
Keď sa ústa požalovať nikomu nemajú!

Spievala by rada, na ústach mi hlas hynie:
lebo kto ma za tú pieseň ku srdcu privinie?

Žiadala by si smrť, ale načo hrob chváliť,
keď nad mojou mohylôčkou nemá kto požialiť!



",
https://zlatyfond.sme.sk/dielo/147/Sladkovic_Kratsie-basne/12,"V slzách matička sedela,
     často vzdychlo sa jej,
a malé, útle dievčatko
     vraví mamke svojej:

„Čo kropíš tými slzami
     moje žlté vlasy?
Či vari visia nad nami,
     mamička, zlé časy?“

Pritisknúc k srdcu vrelému
     mať púčok ružový,
a ústa k čielku bielemu,
     dcérušku osloví:

„Otec tvoj nechce z hrobu vstať,
     spod zelenej trávy:
a nevie, nevie tvoja mať,
     čo svet z teba spraví!

Svet má zbroje, tys’ bez zbroja,
     veľký svet, tys’ malá:
a nevie, nevie mať tvoja,
     komu ťa chovala!“

A slza v očiach dievčatka
     teší plač materi,
a potecha tečie sladká
     z nevinných úst dcéry:

„Dobrí sa zlostných neboja,
     čo by sa ich báli? —
Boh má zbroje, svet bez zbroja,
     Boh veľký, svet malý!“

A dve ľúbosti objímu
     nádeje svet nový;
pritiskne k srdcu vrelému
     mať púčok ružový.",
https://zlatyfond.sme.sk/dielo/147/Sladkovic_Kratsie-basne/14,"Hojže, Bože, jak to bolí,
keď sa junač roztratí
po tom šírom sveta poli
na chlebovej postati;
každý svojou pošiel stranou
hnaný žitia nevoľou;
v osamelých sa havranov
zmenil kŕdeľ sokolov!

      Hojže, Bože, jak to krušno,
      keď sloboda ťa nahá,
      keď ti ruky rovnodušno
      zviaže prísna prísaha;
      dvom susedom keď ustúpi
      družiny zhon veselý,
      a za tichý kút chalupy
      obetuješ svet celý!

Hojže, Bože, jak to smutno,
keď mladosť sa pominie,
keď čeľustie sa mohutnô
šedinami ovinie:
dumné péče zvládnu hlavou,
oheň očí vyhasne
a hruď, čo sa dme za slávou,
v nájomníctve opľasne!

      Hojže, Bože, jak to morí,
      keď žitie už uchodí
      a kajúcou dušou horí
      peklo hriecha a škody:
      kto mi vráti zašlé doby,
      čo ich mladosť zmárnila?
      Kto sa vráti, keď na hroby
      hodina zazvonila?

Hojže, Bože, Bože drahý,
ber len — veď čože stratím?
Na ten svet som prišiel nahý
a nahý sa navrátim;
len sa potom neuchyľuj
pred ostatnou potrebou:
pomiluj, Bože, pomiluj,
keď ostanem sám s tebou! —",
https://zlatyfond.sme.sk/dielo/147/Sladkovic_Kratsie-basne/17,"Zapadni, slniečko, čože už máš svietiť,
keď len samé žiale pri tebe mám svätiť.
Krásne si zapadlo, krásne si zas svitlo,
ale všetko milé pre teba odkvitlo.
Tá šťastná rodinka v tých zámockých múrach,
ako jasné slnce v čiernych neba chmúrach,
ako hviezd dakoľko na tom jasnom nebi —
zabudla na žitia surové potreby;
dokola zastala, tvár jej zaihrala
a ústmi sa pieseň sladká rozlievala.
Svietili nám oči, srdce nám skákalo,
akoby už z raja nikdy von nemalo;
stáli hry veselé, hudci šumno hrali,
nohy jarú radosť po chyži dupkali,
dupkali dokola, až sa všetko triaslo
a z jedného skoku sto druhých nariastlo;
nariastlo ich veľa a už všetky zmĺkli,
akoby holúbky z hájika vybŕkli;
vybŕkli, aby sa nikdy nevrátili,
ako tie hodiny, čo nás opustili. —

      Oj, mladosť, ty švárna mladostôčka moja!
Čože chvíľky tvoje len raz nepostoja?
Ale tajdú, letia, ako hronské vody
v ich strieborných vlnkách, na vlnkách slobody!
Až sa nám potom zdá ako pekné snenie
a nič nezostane, len milé spomnenie.
Srdce nám len chladne a život nám pustne,
a mladá, jará krv zmrzáva a hustne.

      Povedzže mi, družka, v hradbách tých zavrená,
povedz, čo tá tichosť v izbách tých znamená?
Veď tá tichosť mlčí, ale srdce volá,
že preč odletela radosť, čo tam bola:
a teraz zašumia tam len tvoje šaty,
zahrá si s bleskami prstienok tvoj zlatý,
až odšumia šaty a ten blesk sa stratí,
a pekné chvíľočky ktože nám navráti?

      Povedz mi ty, brat môj, čo v tom zámku chodíš,
s kýmže sa už teraz po tých izbách vodíš?
Vodíš sa ty, vodíš, ale so samotou,
ako vták okolo opŕchnutých plotov;
obzeráš sa vôkol, hľadáš tých priateľov,
ale tajšli, tajšli aj s chvíľkou veselou
a kŕdeľ radostí, čo tam s nami hrali,
hádam do tých hronských tokov popadali.

      Ponad háj hrdličky smutne hrkútajú,
že im spolu bývať zlí ľudia nedajú,
smutne hrkútajú, každá inde sadá,
oj, nerada býva sama duša mladá!
A keď nie je sama, čo je z takých spolkov,
kde srdce s ústami nehrá bez okolkov,
kde radosť nešumí, ale práca tlačí,
až sa nebo mladej duši zaoblačí
a dosť sa načaká zas na dníčok krásny,
v ktorom duša mladá znovu sa vyjasní!

      Preleteli zore po ožltlej hore,
preleteli zore po zámockom dvore,
preleteli dole, preleteli hore
a sadli do tône zlaté moje zore;
do tône si sadli, od žiaľu obľadli,
že zo zámku časy zábavu ukradli;
a keď požialili, k mesiačku leteli,
akoby sa v jeho svetlách ukryť chceli,
lebo čo by tu dol’ v pustom už hľadali,
keď im zábavôčku 
všetci Svätí
 vzali;
z neba ju doniesli, do neba ju vzali
a nás k chladnej zemi žiaľom priviazali.

      Zober sa, vetrík náš, hore šumným Hronom,
zastaň si nad pekným zábavy Sionom,
a povedz rodinke dobrej, čo tam žije,
že ešte ostatná hodina nebije,
že keď sa nevrátia 
všetci
 už ti 
Svätí
,
aspoň jeden, lebo druhý sa navráti;
a hádam donesie už či inde, či tam,
kŕdeľ pekných hodín, aké ja rád vítam.
Tej švárnej družičke zanes pozdravenie,
pozdravenie krásne: na šťastné videnie!
A ak by tej krásnej zábavy obrazy
spomnela si cez deň, cez noc, raz, dva razy,
aby aj sem peknou dušou zaletela
a i na mňa aspoň chvíľkou si spomnela.

      Zapadlo slniečko, tajšli Svätí všetci:
Dobrú noc vám! — Chlapci, budeme pri svieci!",
https://zlatyfond.sme.sk/dielo/147/Sladkovic_Kratsie-basne/18,"Zvon tichý k večeru zvoní
a noc padá z neba,
a po tom krásnom Pohroní
duch môj hľadá teba:
teba hľadá, družka moja,
a načo ťa hľadá?
Veď mu z mysle krása tvoja
nikdy nevypadá.

Ľúbil on devu dakedy,
slasť to bola krátka,
a zostal mu len tieň bledý
a žiaľna pamiatka.
Krásy tej devy povädli,
vernosť jej omdlela,
city mládenca ochladli
a ľúbosť umrela.

Tamtie city oplakané
zbila devy zrada:
nehaníš ho preto, však nie,
družka peknomladá?
Budúcnosť jeho skrytá je,
nie je on bez viny:
ale ty mu tvoríš raje
a blahé hodiny.

A nemôže dávať sľuby,
prísahy nedáva,
ale nakoľko ťa ľúbi,
zrak jeho rozpráva:
ty mlčíš, ty v srdci tajíš,
čo jemu drahô je,
ale čo vyznať sa hájiš:
vraví oko tvoje.",
https://zlatyfond.sme.sk/dielo/147/Sladkovic_Kratsie-basne/19,"Letel mladý sokol ponad Hron odhora,
čakala naň v horách zlatoústa zora:
Nevzdychal, nežialil, len mu duša vädla,
len mu kedys’ v hronské vody jedna slza spadla.

Spytuje sa zora: sokolík, čo ti je?
Či hladom umieraš? či ťa orol bije?
Či ti strelec v poli krídelko poranil?
Či ti Pán Boh šírym svetom preletať zabránil? —

Krásna zora moja! hladu sa nebojím,
brok ma nedočiahne, pred orlom obstojím,
slobodno mi lietať v šírej sveta diali:
ale mi môj háj zelený vrahovia zoťali. —

Drahý môj, nermúť sa, že ti háj zoťali,
veď oni môj zlatý zámok nezrúcali:
v ňom si poletujme ponad biedne svety,
tak žiaľ nikdy nezakalí naše šťastné lety! —

Oj, nie, duša moja! — sokol jej odvráva —
zámok tvoj zaplaví hromová mrákava:
zleť ty so mnou k stráňam zrúbanej dúbravy,
v zlatom blesku tvojich očí háj môj sa zotaví.

Na jarabom hrdle sokola prikľatá
ligoce sa slávou zorička zo zlata:
v očiach sokolových sladko sa uziera,
pozlacujúc voľných krídel milencových piera.

Letel mladý sokol ponad Hron oddola,
letela zorička na hrdle sokola: —
mrákava zablysla, skrížili sa strely —
Ach, Bože môj! nad milými vody sa zavreli! —",
https://zlatyfond.sme.sk/dielo/147/Sladkovic_Kratsie-basne/20,"Na strmej skale Kriváňa stáva
mládenec svojej podobný skale;
večerná zora pekne zahráva
si v jeho oka krištále.
Do diaľky mračnej letia mu oči,
zdá sa, že súdiť minulosť chcejú:
a zase zrakma k nebu zatočí,
zdá sa, že hľadá svoju nádeju.

Hneď čelo zmraští a dupne nohou,
jakby chcel vlastný osud rozšľapnúť,
hneď úsmech blyskne tvárou úbohou,
jakby chcel v slasti smútok svoj spláknuť.
Časom hľadí pod seba v dolinu,
hádam myslí o blahu rodiny,
časom sa nehne celú hodinu,
hádam sa modlí za bratov viny.

„Ak plačeš, neplač, mládenec jarý,
smútok len srdce darmo zožiera,
ligot nádeje rozlej po tvári,
túžba šľachetná, ver, neumiera.
Akže sa hneváš, zruš plameň hnevu,
hnev je rozumu zradný poddaný,
osud prichádza v tajnom odevu
s slávnym proroctvom Bohom vyslaný.

Ak myslíš, mysli na stav otčiny
a spoj myšlienku s citom ľúbosti,
vymysli spásu, zleť do dediny —
a daj úmyslu tvár skutočnosti.“
Hlasy utíchnu. Mládenec kročí —
stúpa do svojej dediny:
slza potechy svieti mu z očí
a žije celý v žití otčiny.",
https://zlatyfond.sme.sk/dielo/147/Sladkovic_Kratsie-basne/21,"Búrlivé vlny o breh plieskajú,
      jakby svet chceli zaplaviť:
Či sa pokoju mdlému rúhajú?
      Či moc chcú slávnu objaviť? —
Ony sa búria! — A junák mladý
vešteckým okom do hlbín hľadí
      na ich tajomné pohnutie. —
A nad morom sa nesie, rozvieva,
hlasom v bralistých krajoch zaznieva
      velebné jeho nadchnutie:

Odkry sa, odkry, prosím ťa, tmavá
      nových dňov mojich zástera!
Ukáž, či slasť, či žiaľ mi podáva
      moja v svet a v Boha viera!
Nádeje moje, ako kryštály,
čo ruky božie nebom rozsiali,
      do duše mojej blýskajú:
kto ale vývod zo sĺz nešťastných
vydá, čo z očí mladých a jasných
      na hrob nádeje padajú? —

Hoj, duša mladá, v centrum sa večnom
      usaď túžením Cheruba!
Zastane ten na hrade bezpečnom,
      kto sa k božskosti prerúba!
Bárs aj zákon ten, čo svetmi krúti,
veselosť tvoju krížom zarmúti,
      ty znaj nepoznať nehody!
Nech ti je svätá myšlienky sláva,
ostatné slávy, čo svet podáva,
      sú tieto svojhlavé vody! —

Ha! jak sa k nebu hádže vlnami
      divý syn tento prírody!
Ale ťarcha tá s jeho vodami
      vždy ho naspak o zem hodí:
Tak teba, moja biedna otčina,
ku zemskej hrude živel zaklína,
      čo sám nezná sa zvelebiť;
ale musíš sa cez biedy, hroby
z nešťastia svojho, slabosti, mdloby
      na slnce života prebiť!

Ako ty, more, v národov rade
      rod môj sa šíre rozkladá,
ako ty, v svojom plamennom hlade,
      okúsiť voľnosti žiada!
Ako ty, more, v svojich hlbinách,
poklady kryje v svojich rodinách
      a svetu ich neodkryje;
ako ty, more, v divej ľútosti,
vlnu, čo má ho vyniesť k výsosti,
      on do pŕs vlastných sa bije!

Ako ty, more, on je mohutný,
      a predsa ako ty, slabý!
Ako ty, more, on je ozrutný,
      jak ty, v stenaní pochabý!
No, jak ty, more, v silných orkánoch,
v tvojich nesmiernych vodných balvanoch
      vyváraš hrozný tento šum:
tak ľud môj v dutí silných orkánov,
pod ťarchou tisíc ráz oplakanou,
      objaví svetu svoj rozum!",
https://zlatyfond.sme.sk/dielo/147/Sladkovic_Kratsie-basne/22,"Zhrmelo nebo — blesky sa rozsvitli —
obloha smutná horko zaplakala,
a nad lúkami, čo práve zakvitli,
vysoká Nitry zatriasla sa skala:
a v hrmavici pod zámkom sa zjaví
v postave slávnej mladá deva Slávy.

Oko vysiela v krásne svoje kraje;
cez lúky spevné a cez tiché háje
túžobne milé na Slovensko hľadí;
myseľ za rod a cit za ľud tej vlasti,
tam slzu blaha, tam slzu bolesti
na líc vädnúce ruže tíško cedí.

Slýchava ona často v tichej dobe
tie žiaľohlasy, čo Slovenskom lkajú,
slýcha, či v tom veľkom sa Tatier hrobe
hlasy vzkriesenia už neozývajú:
časom za hriechy bratov sa modlieva,
časom im pieseň o sláve zaspieva.

Pod zámkom Nitry deva sa zrodila,
slovenská Tatra vlastná je jej mati,
tá ju modliť sa, tá spievať učila
žalm ten: „Zmiluj sa, Hospodine svätý!“ —
„Amen!“ zvon Nitry na pokánie zvoní,
na kajúcich sa zmilovanie skloní!



",
https://zlatyfond.sme.sk/dielo/147/Sladkovic_Kratsie-basne/23,"Štiavnica! Sitna pekného dcéra,
k Sitnu svojmu sa prirovnaj!
Obraz jeho maj aj tvoja viera,
mohutnosť jeho aj ty maj!
Nezvratnosť sily vidíš v tých bralách,
výsosť slávy v tej výšine,
prísnosť v oblačných jeho povalách:
Sitnom tvojej buď rodine!

Štiavnica! zlatých pokladov mati!
Blesk tvoj mŕtva zem ti rodí;
slávu slávnejšiu môžeš dostati,
ale táto z neba chodí:
majú poklady čos’ mohutného —
zlato káže, svet poslúcha —
ale sloboda ducha statného
na štrng zlata má byť hluchá.

Štiavnica! srdce slovenských krajov,
buď strediskom slovenských síl!
Vychovaj Sláve hodných šuhajov,
svojich si vzkries z nemých mohýl!
Úloha to je srdca živého
život liať do svojich údov,
a hlasom zvona udrieť hlasného
do zamknutých pŕs osudov!

Štiavnica! zámkov sivých dolina,
nezamkni sa v ich zvaliny!
Zo zámkov každá znie ti hodina,
každá volá tvoje činy!
Zámky sú punkty silnej obrany,
pamiatka ich slávny ohlas:
hradby si vystav na všetky strany,
buď slávnejšou ako bolas’!

Štiavnica! mesto vstalé na hore,
Fárusom buď svojmu ľudu!
Lej svetlo celej Sitna priestore,
bleskom prejmi temnú hrudu:
obete tvoje osveta vzýva,
obetuj aj tvojmu rodu,
zárody veľké kraj tvoj ukrýva
pre národ, um a slobodu!

Štiavnica! kraja svojho tržisko,
pole tvoje okolný kraj!
Ty mu osvety buď semenisko,
za zbožie ty mu ducha daj:
nekupuj ľudu toho mozole
za samý tvoj strieborný pľach;
obrábať strán tých duchovné pole
určené máš v tvojich silách!

Štiavnica! žitia môjho kolíska,
žitia môjho v krajoch ducha!
Dovoľ, že syn tvoj prajný si získa
naklonenosť tvojho ucha.
Slávnou ťa vidieť sláva je jeho,
mrieť tebe je mrieť nám obom:
buď aspoň hradom ducha rodného,
keď si lásky mojej hrobom!",
https://zlatyfond.sme.sk/dielo/147/Sladkovic_Kratsie-basne/24,"Rád sa ja dívam v tvoje brilianty,
      rieka moja, milý môj Hron!
Mŕtve hovoria iným folianty,
      mne tvojho toku šumný tón:
žiada sa večnosť v tieňoch ukrytá,
aj zmena žiada sa rozmanitá
      ľudskému časov synovi;
tvoje vlny sú obrazy vekov —
a prúd tvoj, jakby naveky tiekol,
      svet nový, nový a nový.

Keď prudké svoje zamútiš vody,
      cit sa a duch môj zarmúti;
v tajomstvách kalných žijú národy,
      pekné duše osud múti;
ale zo stokov tvojich výborných
blbocú vlahy vlniek strieborných
      ako kopy hravých detí:
a tie očistia zas tvoje toky,
keď si vykonáš úkol vysoký,
      úkol: zmyť svet svoj zo smetí.

Zo strán slovenských vetry zaduli,
      ale rieka tečie ďalej;
uhly sprašťali: rieku okuli
      ľady zimy osiralej;
už nevalia sa tie moje vody,
už zviazané sú krídla slobody
      tých letných vĺn môjho Hrona:
hlasy mi jeho umĺkli razom,
ako keď zviaže smutným povrazom
      Veľký piatok srdce zvona.

Ale pod ľadmi žije syn Holi,
      nevidí svet, čo on robí
a pyšné brehov jeho topoli
      tešia sa z jeho poroby.
Až blyskne slnce a prasknú ľady
a šum rieky sa zase omladí
      a vlny slobodne hrajú:
s hukom víťazným ramená jeho
zlomky pút svojich k mora Čierneho
      vodám prudko unášajú.

Rieka sa hadím krížením točí
      a valný tok o breh bije,
prekážky svoje mocne nivočí,
      násilné boky podmyje:
ona sa nízkou vinie dolinou
a s vysokou si pohráva hlinou
      a dol’ ju melie, šuchorí,
a vypnuté tam na nízkom poli
na zrutnú výšku pyšné topoli
      strhne, zatopí, zamorí.

Nech piesne cudzie trúba sprevádza,
      alebo struny trasenie,
alebo to, čo z píšťal vychádza
      vlniek veterných vlnenie:
na tvojich brehoch, v tôňach jelšiny
spievať ja budem v tie violíny
      šumu tvojho, slovenský Hron!
A keď zabúria z pŕs mojich žiale,
nech sa ozýva od skaly k skale
      búrnych tvojich vôd barytón.",
https://zlatyfond.sme.sk/dielo/147/Sladkovic_Kratsie-basne/25,"Ticho je u nás; hej, mŕtvo ticho:
Že mŕtvo? ba žijú telá!
Ale hýbavosť, duša života,
nevieme, kde sa podela:
Svorno je u nás, ako keď mŕtvi
ku mŕtvym svojim poľahnú,
čo jedni k druhým dakedy sotvy
v bratskom sa bozku už nahnú.

Ticho je u nás; od riek ku horám
posteľ ohromná sa stlaje,
rieky v pokoji tečú ku morám,
háj s horou tíško si vlaje:
utíchli žiale, aj spravodlivá
žaloba stránky nedelí;
Slovensko svorno si odpočíva
na sedmispáčov posteli.

Ticho je u nás; veď stíchli búre,
Slovensko drieme v pokoji,
rozbroja ostrožravé pazúre
zatupli v samom rozbroji:
niet slov závisti, zášti, sočenia,
písmeny značenej jedom,
studený pohľad vzájom si menia
sused so svojím susedom.

Ticho je u nás; hádam čušíme
pod bičom prísnych osudov,
hádam vystúpiť len sa bojíme
pred duchom, tým sudcom bludov:
len v spodnej, hádam, srdca temnici
dujú kameň zlostné boje
a škripia ticho: — ale v ulici,
v knihách — no všade, ticho je!

Oj keby radšej surmy hlásili,
rana za ranu padala,
že by zsinela sila zo sily,
víťazom znela pochvala!
Asnáď úprimné potom zmierenie
prišlo by za statočný boj:
vraj, len z víťazstva koreňa ženie
haluz palmy svätý pokoj!

Ale nie, Bože! nie ohňa cesty,
nie nástroj tvrdej oceli,
nedaj moc zvade a právo pästi —
jedni padnúť by museli:
zväzok veľkého kráľa Moravy
buďmež’ od čiastky do čiastky,
tak veď nás k jasným výšinám slávy
svätou cestou svätej lásky!

Ale ďaleko Kanaan lásky,
kde nádej, viera už rodí: —
Bratia! mocné sú šľachetných zväzky:
svornosť nech záveje brodí! —
Potom už či boj, či pokoj: s Bohom!
Nezhynú naše nádeje;
zaviatym slávy dávnej prielohom
svornosť prebrodí záveje!",
https://zlatyfond.sme.sk/dielo/147/Sladkovic_Kratsie-basne/27,"Ty, duša moja, duša mládenská,
lietaš tou sveta šírinou,
lietaš tým svetom Slavianstva synov,
sťa holubica panenská
lieta nad hájom a poletuje,
hľadajúc haluz zelenú,
na ktorej zloží, keď víchor duje,
dušu svoju rozželenú. —
Ty, duša moja, lietaš široko,
a tam, kde voľnosť ťa víta,
kde slnce slávy ešte len svitá,
oprieš roztúžené oko:
tam si vydýchneš, tam sa zanoríš
v hlbinu krásnej prírody,
z ľúbosti, z krásy, z viery si tvoríš
svet vlastný svätej slobody.

Snívam o krajoch, kde nieto hriecha,
kde túžba už pôžitkom je,
kde velikánske čnie povedomie —
ako Kremľa zlatá strecha
nad Moskvou svätou — nad srdcom jarým,
kde mladosť večne zelená,
kde proti vrahom vyletiac starým
hnev svätý voľnosť znamená,
kde nepočuješ vresky potreby,
kremä sladkých potrieb duši,
kde noci niet, kde deň čuší
ako v tom Mahmuda nebi: —
snívam o krajoch týchto, ale či
krajov takých znáte vy kde? —
Len sama moja duša mi svedčí —
ostatný svet šomre: nikde!

Nuž, nech vám bude! jak nikde ich niet!
týchto hôr a zámkov zlatých: —
ale v poryvoch mladosti svätých
vidím ja jeden krásny svet,
kde zastane si sväté nadšenie
a riekne: staň sa! mohutné,
a za vidinou svojou sa ženie
cez radostné i cez smutné,
a nedá srdcu svojmu ochladnúť,
a nikdy ho nenasýti,
a v žilách svojich všemožnosť cíti,
a neverí, že môž’ padnúť;
a keď aj padne, tak zmizne krásne,
ako plameň meteora,
keď vo vlastnom si svetle vyhasne: —
kde kraj ten? — druhovia — Hrona!

Oj, Hora, Hora! ty Čierna Hora!
Ty krajina krepkej vlády!
Pozri si len na tie tvoje hrady:
Balkána výš, hĺbku mora!
Taký je syn tvoj ako ten Balkán,
tak silný, strašný, tak hrdý,
tak je slobodný, taký veľký pán,
tak je v svojej vôli tvrdý! —
A jak tie sivé Adrie vody,
tak jeho cit je hlboký;
jak búra vôd tých tak je divoký
v pomste syn tvojej prírody;
jak more večné ctí si zákony,
tak syn tvoj zákony otcov:
huk mora, to sú slobody zvony
v prsiach tvojich Čiernohorcov! —

Ty, duša moja, keď city schytia
teba tou sveta šírinou,
lietaš si sama s svojou jedinou
ideou mladého žitia:
v rodinách Slávy lietaš široko,
a tam, kde ťa voľnosť víta,
kde slnce slávy ešte len svitá,
oprieš roztúžené oko:
tam si vydýchneš, tam sa zanoríš
v peknú tajomnosť prírody,
z ľúbosti, krásy, z viery si stvoríš
svet vlastný svätej slobody:
vzlietniže teraz s nadšením tvojím
na najvyšší vrch Karpatov,
zasvieť nad rodom ospalým mojím
odbleskom tým našich bratov!",
https://zlatyfond.sme.sk/dielo/37/Stur_Basne/3,"Děvín, milý Děvín, hrade osiralý, 
povězže nám, kedy tvoje hradby stály?
""Moje hradby stály v časech Rastislava, 
on byl mojím pánem, on Slovanstvu hlava.""

Děvín, milý Děvín, hrade osiralý, 
kdyže tu otcové naši sněmy mali?
""Vaši otcové tu sněmy držívali, 
když si Slavimíra za ochránce vzali!""

Děvín, milý Děvín, hrade osamělý,
kedy na tvých hradbách koruhve se chvěly? 
""Koruhve se chvěly v časech Svatopluka, 
svalila je Němců i Maďarů ruka!
A od toho času aj já ošedívám
od žele, když se v mé dávné říše dívám.

S hradby moje slzy dolu mi padají, 
ony mutnou sestru Moravu dělají. 
Proto ona teče kalná do Dunaje.
Já padám, mně rovně zapadají kraje.""

Děvín, milý Děvín, časy tvé zapadly, 
na nás, volných otců syny, zlé připadly.
""Nechtě smutku toho, tam lysá zůstala 
Kobyla, co tolko nade mnou plakala. 
Když slunéčko za tu horu se ukrývá, 
veždy smutným okem na mne se podívá.
Prvé mi svítilo a včil mne obchází
tak, hle, naše štěstí se časy zachází.""


",
https://zlatyfond.sme.sk/dielo/37/Stur_Basne/6,"Nač se na Černomořan pohoří teď, slunce milostné, 
k roznětu zas spouštíš vnad zpanilého jara?
Nač hrabivý tichneš, severu, proč medle začínáš, 
vesno, na větříkách tam voňavých se vozit? 
Půvaby, kavkaské doliny, své teď světu tajte!
Do květu rozvíjet k vůli se máte komu? 
Tenť zahynul, po vašich lepotách co se chutně popásal,
pak zpanilé co vaše zkresliti vesny uměl. 
Onť již v podzemní tlí chyšce - vám se odíti 
místo šatů veselí smutku do roucha bude.
Z oblohy zamračené co vytáhlas' jedno si líce
nad ledovou Volhou, skrý v mraky, vesno, zase. 
Zůstaň tam za mořem kouzelný hlas jara pěvců
a v hlubinách skrývej své zpěvy, Volhy děvo! 
Tam-li vidíš pahorek s kamenem se vynášeti bílým? 
Víš-li, že zakrývá v svém mileného loně?
Srdce mi klid ponechá, kdy pomyslím, léta že dlouhá 
pohrobený ještě kvésti ve vlasti mohl.
Jest pro vlast jediný veliké den váhy vřelého 
vlastence: ztracené těžce ji léto raní.
Bouřněji srdce bije, kdy pomyslím, hrob že na Volze 
násilnou vykopán jest synu vlasti rukou.
Mongol dosti divý sveřepil tam a dítky domácí 
s hordou loupeživou vraždami dosti mučil. 
Hradby skal vysoké brání teď nápadu hordám,
než tu branou cizinec hostinnou se dere.
V pochlebivém krade se v rouše, skoumá - po hodince, 
Zasvěcenec vlasti své se nadarmo hledá. 
Hnedle jiný a jiný se tratí: tať pohroma rozkvět 
rozlehlých Slovanů otčiny zachvacuje.
Kdož na divadlo nyní ve prostém rouše domácím 
vyzve tě, Volhy děvo? Snad ti chaloupka bytem 
teď bude ustavným, neboť aj Puškýnovi temně
ohromný zahučel do hrobu Moskvy Ivan.
Ač tě jiný vyzval na divadlo, do roucha cizého 
prv se odít musilas', tvé mu po vůli není! 
Tvé vnady pak v prostém, vábném ale otčiny rouše 
jsou co měsíc jasný, v tom zahalen co zemí.
Kdož teď na květný vyvede chlum k zábavě Moskvy,
Petrova a sto jiných měst vyvolence čilé?
Kdož světu vytlumočí přepodivné zázraky Petra, 
na hlas ""staň se"" jehož povstala Ruska obec?
Slávie po hněvu teď smutné oči na hrob upírá,
v němžto svých dítek všech kochanečka vidí. -
Málo se Váhu rodák na popěvkách, sem dorazivších, 
sic v Puškýnu bavil, nadchnuly než mu ducha.
Těchto dojem písní, široké pak Slávie dumky 
nad pěvcem truchlit Váhu rodáka nutí.
Ač zahynul Puškýn, velikou přece Slávii veždy
obletovat bude duch, co v jeho loutně žije.
On si na nejvyšší Slovanů hor týmě zasedne: 
rozlehlé doliny chval zdrojem věčně budou.",
https://zlatyfond.sme.sk/dielo/83/Chalupka_Mor-ho/1,"Zleteli orly z Tatry, tiahnu na podolia, 
ponad vysoké hory, ponad rovné polia; 
preleteli cez Dunaj, cez tú šíru vodu, 
sadli tam za pomedzím slovenského rodu.

Duní Dunaj a luna za lunou sa valí: 
nad ním svieti pevný hrad na vysokom bralí. 
Pod tým hradom Riman—cár zastal si táborom: 
belia sa rady šiatrov ďalekým priestorom. 
Pokraj táboru sedí cár na zlatom stolci; 
okol neho cárska stráž, tuhí to paholci; 
a pred cárom družina neveliká stojí: 
sú to cudzí víťazi, každý v jasnej zbroji. 
Pobelavé kaderie šije im obtáča, 
modré ich oči bystro v okolo si páča. 
Rastom sú ako jedle, pevní ako skala, 
zdalo by sa ti, že ich jedna mater mala. 
Krásna zem — jej končiny valný Dunaj vlaží, 
a Tatra skalnou hradbou okol nej sa väží: 
Tá zem, tie pyšné hory, tie žírne moravy: 
to vlasť ich, to kolíska dávna synov slávy. 
Slovenský rod ich poslal, zo slávneho snemu, 
aby išli s pozdravom k cárovi rímskemu. 
Oni čelom nebijú, do nôh nepadajú: 
taká otroč neznáma slovenskému kraju, 
lež božie dary nesú, chlieb a soľ, cárovi  
a smelými sa jemu primlúvajú slovy:
„Národ slovenský, kňazstvo i staršina naša, 
kroz nás ti, slávny cáre! svoj pozdrav prináša. 
Zem tá, na ktorú kročiť mieni tvoja noha, 
to je zem naša, daná Slovänom od Boha. 
Pozri: tu jej končiny valný Dunaj vlaží, 
tam Tatra skalnou hradbou okol nej sa väží. 
A zem to požehnaná! Chvála Bohu z neba, 
máme pri vernej práci voždy svoj kus chleba. 
Zvyk náš je nie napadať cudzie vlasti zbojom: 
Slovän na svojom seje, i žne len na svojom, 
cudzie nežiada. Ale keď na naše dvere 
zaklope ruka cudzia v úprimnej dôvere: 
kto je, ten je; či je on zblíza, či zďaleka: 
Vo dne, v noci na stole dar boží ho čaká. 
Pravda, bohy vydaná, káže nám Slovänom: 
pána mať je neprávosť a väčšia byť pánom. 
A človek nad človeka u nás nemá práva: 
sväté naše heslo je: Sloboda a sláva! — 
Neraz krásnu vlasť našu vrah napadol divý: 
na púšť obrátili sa bujné naše nivy; 
mestá ľahli popolom: a ľud náš úbohý, 
bitý biedami, cudzím dostal sa pod nohy. 
Bláhal už víťaz pyšný, že si bude pásti 
vôľu svoju naveky po slovänskej vlasti, 
a žiť z našich mozoľov: ale bláhal darmo! 
Dal nám Boh zas dobrý deň, zlomili sme jarmo. 
A tí, krutým železom čo nad nami vládli, 
kdeže sú? — My stojíme; ale oni padli. — 
Lebo — veky to svedčia — vo knihách osudu 
tak stojí napísané o slovänskom ľudu: 
Zem, ktorú v údel dali Slovänom nebesá, 
tá zem hrobom každému vrahovi stane sa. — 
Nuž, povedzže nám, cáre! mocná ruka tvoja 
čože nám nesie: či meč, či vetvu pokoja? 
S mečom ak ideš: cáre! meče máme i my, 
a poznáš, že narábať dobre vieme s nimi; 
ak s pokojom: pozdrav ťa pán neba i zeme, 
lepšie, ako ťa my tu pozdraviť umieme. — 
Tieto dary božie sú priazne našej znaky; 
z ďaky ti ich dávame: ber ich aj ty z ďaky.“ 
Nevzal cár božie dary, z jeho mračnej tvári 
urazená sa pýcha ľútnym hnevom žiari. 
A zo stolca zlatého takovým sa heslom 
ozvali ústa jeho ku slovänským poslom:
„Mocný pán, ktorému boh celú zem podnožil 
a osudy národov v ruku jeho vložil: 
ten pán velí: Slovänia! pozrite po svete: 
medzi národy jeho či jeden nájdete, 
ktorý by putá minul abo nezahynul, 
akže oproti Rímu prápor svoj rozvinul. 
Skloníte šije i vy. — Tie krásne roviny, 
túto zem vašich dedov dostane ľud iný. 
A spurné rody vaše pôjdu Rímu slúžiť, 
strážiť nám naše stáda, polia naše plúžiť. 
A junač vašu k mojim junákom pripojím, 
a z nej krajinám rímskym obranu pristrojím. 
A kto sa proti mojim rozkazom postaví, 
beda mu! ten sám sebe záhubu pripraví. 
Vedzte, že som pán Rímu, a Rím je pán svetu: 
To moja cárska vôľa; to vám na odvetu.“

Hriema pyšný cár, hriema zo stolca zlatého, 
lenže Slovän nejde sa ľakať pýchy jeho. 
Hoj, rozovrela tá krv slovänská divoko, 
a junák ti cárovi pozrel okom v oko; 
a z oka ti mu božia zablysla sa strela, 
ruka sa napružila a na zbroj udrela; 
a jedným veľkým citom srdcia im zahrali; 
a jeden strašný ohlas ústa im vydali: 
„Mor ho!“ kríkla družina slovänská odrazu 
a meč zasvietil v pästi každému víťazu: 
„Mor ho!“ kríkla a razom na cára sa metá: 
To ti na rímsku pýchu slovänská odveta.
No, dokáž teraz, či máš toľko sily v meči, 
koľko pýchy vo tvojej, cáre, bolo reči. — 
Ale ten nie! — zbroje sa bojí podlá duša: 
a tu ti o slobodu dobrý ľud pokúša. — 
Skočil medzi stráž svoju cár bledý od strachu: 
a zlatý jeho stolec už sa váľa v prachu; 
a mečom za ním Slovän cestu si preráža 
a junák za junákom padá cárska stráža.

Zasurmili surmity, volajú do zbroje: 
povstal tábor, do šíkov zvíjajú sa voje; 
a voj za vojom divým útokom ta letí, 
kde boj na cára bijú tie slovänské deti. 
Husté prachu kúdoly po poli valia sa, 
zem dupotom a nebo rykom sa otriasa. — 
A tá naša rodinka, tá slovänská čata, 
už vám je zôkol—vôkol od vrahov obstatá. 
Sto mečov sa každému nado hlavou blyští, 
lež Slovän nečítava vrahov na bojišti, 
ale morí. — Hoj, mor ho! detvo môjho rodu, 
kto kradmou rukou siahne na tvoju slobodu: 
a čo i tam dušu dáš v tom boji divokom: 
Mor ty len, a voľ nebyť, ako byť otrokom.

Zúri boj a našina stala si dokola: 
to vie, že premoc rímsku jej moc nepredolá: 
lež, brať moja, ak už len padnúť mi máš v boji, 
to že mi padni, ako víťazom pristojí.

A môj Slovän ešte raz bystré hodil zraky 
ponad tie šíre rovne, na kraj svoj ďaleký. 
Tam na tých horách sivé mihajú sa väže, 
čo strežú slovenského národa čierťaže. 
Svätoháj, stovekými zelený lipami, 
v tajné tam lono túli bohov jeho chrámy. 
A nad riekou biely dom, v ňom jeho rod milý, 
a v čistom poli dedov posvätné mohyly: 
dedov, ktorých niekdy ľud radievali rady, 
ktorých meč divých vrahov odrážal nápady. 
Ich popoly dávno už čierna zem tam kryje, 
ale ich meno posiaľ v piesni ľudu žije. 
A sláva zašlých vekov junáka oviala; 
a duša jeho svätým ohňom splápolala, 
a meč v jeho pravici strašnejšie sa zvíja; 
bleskom blýska na vraha, hromom ho zabíja. 
Praštia zlomené raty, bité štíty zvonia 
a pyšné prilby rímske do prachu sa ronia.

Hynú i naši, hynú, ale sťa víťazi! 
Žiadna rana zvuk bôľu z úst im nevyrazí, 
vďačne lejú vernú krv po osudnom poli: 
oj, veď padnúť za národ — oj, veď to nebolí!

A boj pomaly tíchne: strašná búry sila 
divým svojím zúrením sama sa zničila. 
— A kde naši, čo bili ten Rím svetovládny, 
lebo koval úmysel na Slovänstvo zradný: — 
Kde naši? — Hojže, Tatro, jasných orlov mati! 
Nikdy sa ti tá tvoja detva už nevráti. 
Páč! Nad valným Dunajom krvavô pobrežia: 
tam ti tvoji synovia povraždení ležia. 
Neostal, ani kto by tú zvesť niesol bratom: 
Bratia vám za česť rodu padli v boji svätom. 
Lež každý na junáckej spočíva posteli, 
na kope vrahov, zbitých od jeho oceli. 
Už nežije, a ešte hrozí tá tvár bledá, 
tá ruka zmeravená meč odjať si nedá.

A cár s okom sklopeným na bojišti stojí: 
A čo? — Azda tých padlých Slovänov sa bojí? — 
Nie, lež bezdušné svojich hromady tam vidí 
a zo svojho víťazstva radovať sa stydí. 
No zahyň, studom večným zahyň, podlá duša, 
čo o slobodu dobrý ľud môj mi pokúša. 
Lež večná meno toho nech ovenčí sláva, 
kto seba v obeť svätú za svoj národ dáva. 
A ty mor ho! — hoj mor ho! detvo môjho rodu, 
kto kradmou rukou siahne na tvoju slobodu; 
a čo i tam dušu dáš v tom boji divokom: 
Mor ty len, a voľ nebyť, ako byť otrokom.",
https://zlatyfond.sme.sk/dielo/125/Chalupka_Turcin-Ponican/1,"Jajže, bože, strach veliký:
padli Turci na Poniky;
padli, padli o polnoci:
Jajže, bože, niet pomoci.

Ľudia boží, utekajte,
zajať Turkom sa nedajte:
a čo mladô — zutekalo,
a čo starô — nevládalo. —

Skočil Turčín bystrým skokom
do jelšiny nad potokom;
našiel on tam starú ženu,
medzi krovím učupenú.

Také on jej robí muky:
do železa dal jej ruky;
povraz hodil jej na šiju
a o koňa pripäl si ju.

Vláči Turčín starkú, vláči,
po hrobline, po bodliači:
starkej krev sa z nôžok leje,
a Turčín sa iba smeje.

A keď ona už ustáva,
kančukou ju pošibáva;
a keď ona na zem padá,
ostrohami v bok ju báda. —

Hučia, hučia Turkov čaty,
poháňajú ľud zajatý:
tri ráz mesiac už omladol,
a oni vždy tiahnu nadol. —

Ten turecký svet ďaleký,
prešli oni prez tri rieky,
zašli oni za tri hory,
zastali pri šírom mori.

A nad morom mesto leží,
týči k nebu tisíc veží:
Jaj, bože, len smutno je to:
na tých vežiach kríža nieto. —

A keď blížili sa k mestu,
Turkyňa im zašla cestu:
a Turkyňa ako ruža,
pekne víta svojho muža:

„Vitaj, mužu, vitajže mi,
z tej uhorskej krásnej zemi!
Či sa dobre vám vodilo?
Či vám šťastie poslúžilo?“ —

„Dobre, dobre sme chodili:
Maďarov sme si podbili,
a Slováci sa nedali,
preto sme ich zrabovali.

A čože je tu nového?
Povedz, žienko, dač dobrého.“
„Dobrá, dobrá tu novinka:
požehnal ti pánboh synka.“

„A ja vediem otrokyňu,
nášmu synku varovkyňu.
Keď ho bude kolísavať,
pekne bude mu spievavať.

Slovenka to, tam od Hrona;
veľmi pekne spieva ona:
bo spevu na božom svete
nad slovenský nenájdete.“ —

Turčín sedí, kávu pije
a Turkyňa zlatom šije:
a starká si spieva tíše
a Turčiatko im kolíše.

„Hajaj, búvaj, krásno dieťa!
Donesiem ti z hája kvieťa;
donesiem ti z ruže púčok,
veď si ty môj milý vnúčok.“

Dopočul to Turčín mladý,
hneď so starkou stal do vady:
„Ako ty smieš to spievati?
Či si mu ty stará mati?“ —

„Raz Poniky rabovali,
syna môjho sebou vzali;
syna môjho v treťom roku,
mal on hviezdu, znak na boku.“

A Turčín a jeho žena
hodili sa na kolená:
„Odpusť, mati, svojmu synu
prevelikú jeho vinu.

Nebudeš už otrokovať,
s nami budeš tu panovať,
chodiť, ako my, vo zlate
a spočívať na zamate.“

— „Udeľ vám Boh, deti moje,
sväté požehnanie svoje,
ale túžba moja letí
len ta, kde kríž z veže svieti.

Ta do vlasti mojej lona,
na tie krásne brehy Hrona:
tam kvitol kvet mojej mladi,
inde sa mne žiť nesladí.

Tam pod krížom starší moji
v tichých hroboch spia v pokoji;
tam — keď bude vôľa božia —
i mňa ku nim nech uložia.“",
https://zlatyfond.sme.sk/dielo/79/Chalupka_Boj-pri-Jelsave/1,"Poniže Jelšavy 
zelené moravy, 
a na tých moravách 
vejú dve zástavy. 

Nad jednou zástavou 
blyští sa kríž svätý, 
pod krížom slovenské 
šíkom stoja čaty.

A nad druhou mesiac 
svieti si zvysoka, 
pod mesiacom Turci, 
tá zbojnič divoká.

A Turkov — tých vám je, 
ako dreva v lese; 
len dobre, že ich tá 
zem božia unese:

a našich len zo žmeň: 
oj, Bože náš, Bože! 
Ak ty nepomôžeš, 
ktože nám pomôže?

A surmity hrajú, 
pália samopaly: 
nad Muráň—dolinou 
hory sa ozvali;

zadunelo pole 
pod kopyty koňom: 
čata sa za čatou 
rúti Turek po ňom;

čata sa za čatou 
rúti na Slováka 
a hromom udiera 
junák na junáka.

Cendžia ostré šable, 
práskajú kopije, 
a krv svojich synov 
zem slovenská pije.

Hojže, ľudia, zle je! 
Beda našej hlave: 
už to naše vojsko 
pätí ku Jelšave;

ku Jelšave pätí, 
Turek za ním letí: 
škoda, večná škoda 
tých slovenských detí!

Nebojme sa, bratia, 
hoj, nebojme sa my, 
čím je šabľa v pästi 
a čím Boh nad nami.

Čím je Boh nad nami 
a čím šabľa v pästi: 
nebude si Turčín 
pánom našej vlasti.

A od Mutna tmavá 
valí sa mrákava, 
a v tej mrákave sa 
na kríž poblyskáva.

A valí sa, valí 
dolu do doliny: 
tam popolom ležia 
slovenské dediny.

Z dedín krv pobitých 
ku Bohu tam volá, 
okol dedín pole 
už len púšť je holá.

Nie je to mrákava: 
kone to tam práša, 
a na totých koňoch 
bystrá Slovač naša.

Ani sa tam blesky 
na kríž neblýskajú: 
to naši Slováci 
šabľami zvíjajú.

A tá naša Slovač, 
ako ľúta búrka, 
hodila sa nadol 
a padla na Turka.

Hodila sa nadol, 
ako búrka z neba: 
vzala ona, vzala 
Turka medzi seba.

Hoj, vzala ho ona 
vo dva boky zrazu: 
pohan, teraz teba 
vydá Boh na skazu.

A to naše vojsko 
samopalmi páli: 
a Turek za Turkom 
z badalíj sa valí.

Samopalmi páli, 
kopijami kole: 
tečie krv turecká 
prez jelšavské pole.

Kopijami kole 
a šabľami seká: 
a Slovák víťazí 
a Turčín uteká.

Poniže Jelšavy 
zelené moravy, 
a na tých moravách 
viali dve zástavy.

Už len jedna veje: 
nad tou je kríž svätý, 
pod ním sa slovenské 
modlia Bohu čaty.

A mesiac — ten si už 
nesvieti z vysoka — 
padli Turci, padla 
tá zbojnič divoká.

A surmity hrajú 
Slovákom ku sláve: 
oj, bol vám to za boj, 
ten boj pri Jelšave.",
https://zlatyfond.sme.sk/dielo/222/Chalupka_Smutok/1,"Nad Tatrou sa nebo kalí,
kalí mraky hromovými;
mútny sa Váh i Hron valí
krajmi žiaľom uvädlými.

Váh i Hron Slovensko rosí,
Slováci doň slzy ronia;
Matka Tatra smútok nosí,
jej deťom do hrobu zvonia.

Hrob ten pre nás zrada čierna
do tej zeme vykopala,
ktorej krv slovenská verná
neraz v obeť už sa liala.

Nesmúť, Tatro, milá mati!
Zlož zo seba šat ten tmavý;
hoj, — Boh zradu tú prevráti
zradcom na ich podlé hlavy.

A náš kraj sa zas osvieži
a vykvitne kvetom novým:
Jasný Váh i Hron pobeží
spevným poľom Slovákovým.",
https://zlatyfond.sme.sk/dielo/223/Chalupka_Kriziak/1,"Sedí dievčina na brale vysokom,
po šírom mori mútnym blúdi okom;
slza za slzou na tvár zvädlú padá:
a tam deň po dni ona preplakáva;
tam sa s ňou víta slnko, keď už vstáva;
tam sa s ňou lúči, keď za hory sadá.

Belavé pary plazia sa po vode,
sťa s rozdutými vetrilami lode:
klamnými devu obrazami mätú.
Nejde; jaj, nejde ten tvoj premilený:
či u moslemov upie zaväznený,
či tam už dušu dal za vieru svätú? —

Kráľ ohlásil kríž a trúby zahrali,
víťaznú mládež na vojnu volali,
za šíro more, až do Svätej zemi:
a junák neznal srdcu odolati,
by tam boj svätý nešiel bojovati,
kde kríž do prachu hodili moslemi.

„Zbohom, dievčino, sivá holúbočko!
Lež preto jasné nezamúť si očko:
už mám kríž i meč, viera zve do boja:
keď tá niva sa znovu zazelená,
zas sa ti vrátim, duša premilená:
a potom večne, večne budeš moja.“

A niva znovu sa zazelenala;
ale dievčina darmo uvíjala
do svadobného vesienku si venca:
už i krása lúk kosou padla krivou,
už len jesienka pustou kvitla nivou:
a ešte nemá a nemá milenca. —

A ona sedí na brale vysokom,
po šírom mori mútnym blúdi okom;
slza za slzou na tvár zvädlú padá.
Slnko už sadlo; večer mrazom dýše,
a more pod ňou voľne sa kolíše;
do mora luna nazerá sa mladá.

A čo to pláva cez tie vody šeré?
Či labuť ešte na mori sa perie,
a pri materi jej rodinka milá? —
Nie; to sa labuť neperie na mori:
je tomu čas už, čo tam na podhorí
do hustého sa triesťa utúlila.

Junák to bledý tam po vode tenie,
znak kríža sa mu na plášti červenie;
vo hrudi strela, v pästi meč zlomený:
a ako deva junáka zahliadla,
bez duše z brala vysokého padla:
oj, veď on to bol, ten jej premilený.",
https://zlatyfond.sme.sk/dielo/224/Chalupka_Branko/1,"Vo Zvolene zvony zvonia,
za Zvolenom Branka honia:
honia, honia durným honom
po doline hore Hronom.

„Prečože to, Branko, prečo:
či si im zavinil niečo?“
— „Majú oni do mňa vinu,
ale ja mám do nich inú.

Bulo dobre — ale dávno:
žil na svete Slovák slávno;
oj, žil si on vo slobode,
ako ryba v tichej vode.

Cudzí zbojom na nás padol,
o vlasť našu nás okradol;
došliapal nám naše práva,
zašla rodu nášho sláva.

Idú roky zo sta do sta,
zem cudzinou nám zarostá;
kto slovenskej pravde žije,
pekelná ho krivda bije.

A ja neraz v ťažkom bôli
stál som na vysokej holi:
stál som nad tým pekným krajom
medzi Tatrou a Dunajom.

To zem, dedom mojim vzatá,
to vlasť a mať moja svatá:
a ja sirotou tu stojím
a vo svojom nie som svojím. —

I plakali moje oči,
že môj ľud mi je v otroči:
i čakal som — ale darmo,
kto by zlomil naše jarmo.“

A v Bystrici zvony zvonia,
za Bystricou Branka honia:
honia, honia durným honom
po doline hore Hronom.

„Hojže, Branko! Nože ty mne —
nože povedz mi úprimne:
či sa ti krv nebúrila,
keď ti krivda pravdu bila?“

— „Hoj, búrila sa krv moja
a hnala ma ta do boja:
hnala ti ma ona, hnala,
ta na hory, ta na bralá.

A od Matry až na Tatry
zasvietili moje vatry:
kto ich videl, vedel, čo je,
a poberal sa do zbroje.

A z hôr a brál junač smelá,
šabľu v pästi, vdol udrela.
Deti slovenského rodu
leteli v boj za slobodu. —

Skvitli dobrí ako kvieťa,
ked ho jarné dni osvieťa:
zlí padali omarení,
ako lísťa v čas jeseni.

Bulo dobre — lež za málo;
— Ako Boh dal, tak sa stalo. —
Ľud môj, junač moja padla
a nádeja tvoja zvädla.

Zvädla — ale sa zotaví,
a vykvitne kvetom slávy:
dozrú raz i tvoje časy,
príde víťaz, čo ťa spasí.“

A na Brezne zvony zvonia,
a za Breznom Branka honia:
honia, honia, durným honom,
po doline hore Hronom.

A tamhore vyše mesta
zarúbaná mocne cesta:
bude ti tam, Branko, beda:
tá záruba diaľ ti nedá. —

A zlí zlé si našli rady:
postávali poza klady,
i padli naň zhora, zdola,
ako vrany na sokola.

Strelami ho postrieľali,
šabľami ho porúbali,
lež kým Branko hlavu sklonil,
dvanástim on hlavy zronil. —

„Hojže, bože! staň do súdu,
prislúž pravdu môjmu ľudu:
mňa zabila podlá zrada,
slnko moje už zapadá.

Pravde žil som, krivdu bil som,
verne národ môj ľúbil som:
to jediná moja vina,
a okrem tej žiadna iná.

A vy, bratia, tak urobte,
berte šable, jamu kopte:
jamu kopte dohlboka,
hrob mi sypte dovysoka.

Na hrob kameň mi vyvýšte,
moje meno doň mi vpíšte:
nech vie, kto sa naň podíva,
že tam Branko odpočíva.“",
https://zlatyfond.sme.sk/dielo/225/Chalupka_Bombura/1,"Na breznianskej veži trúby prehrávajú,
breznianskych junákov do zbroje volajú:
a junáci letia na brány, na valy,
pri boku im šable, v rukách samopaly.

A veď sa im ono tým Brezňanom stalo,
o čom sa nikomu ani nepozdalo.
Za Hronom, tam pod tým vysokým pahorom,
prešlú noc kuruci ľahli si táborom.
A ledva deň svitol za nocou, za tmavou,
prišiel k mestu hlásač pod bielou zástavou.
A pred bránou, tam sa postavil na cestu
a takô posolstvo ohlasoval mestu:

„Víťazný náš vojvod i brať naša celá
udatným Brezňanom svoj pozdrav posiela.
My sme vojsko vlasti, a naša zástava
veje na obranu slobody a práva.
Kráľ náš, to je zlý kráľ, robí, čo nesluší;
on nám naše práva vierolomne ruší;
a neznosné tiaže na vlasť našu váľa:
preto sme zodvihli zbroj našu na kráľa;
ani že my tú zbroj skorej nezložíme,
čím jemu korunu z hlavy nezroníme.
Potom nám — len potom lepšia doba svitne,
len potom vlasť naša slobodou zakvitne:
a preto, kto si syn vlasti svojej pravý,
ber šabľu a staň si pod naše zástavy.“ —
Jemu rečník mestský odpovedá z brány,
— pri ňom starší mesta i s radnými pány: —
„Pozdrav si, hlásaču, tých, čo ťa poslali,
a žeby si s Breznom svätý pokoj dali.
Známe my vás, známe: niet v kameni vody,
ani u kuruca pravdy a slobody.
Brojíte na kráľa: oj, beda vám, beda!
Boh si pravdu svoju brať na posmech nedá!
Brojíte na kráľa: — a tými krivdami,
pre ktoré brojíte, krivdíte nás sami.
Tým ste si sami súd vyniesli na seba,
a príde — prísť musí na vás kára z neba.
Slovákovi svätá je kráľova hlava:
on z ďaky krv svoju zaň dával i dáva.
Ani my, ľud verný, ľud slovenskej zeme,
pod vaše zástavy nikdy nestaneme.
A bodaj to, bodaj, dobrô nebo dalo,
by vás oko naše nikdy nevídalo.“

„Pre to spurné slovo,“ — hlásač pyšno rečie:
„pre to spurné slovo krv vaša potečie.
Voľte si víťaza, zvolíme si i my:
a tí nech boj bijú pred zraky našimi.
Ak nášho víťaza váš premôže v boji,
my hneď odrazíme od mesta v pokoji.
Jestli ale vášho náš víťaz pokorí,
to zaraz nech Brezno brány nám otvorí.“ —
„Staň sa!“ zvolal rečník: — „nech Boh svojím súdom
súdi medzi vaším a slovenským ľudom!“ —

Pred breznianskou bránou šíra lúka leží,
popri nej šumný Hron bystrým tokom beží.
A na to tej lúke dva víťazi stoja,
s kopijami v pästi, hotoví do boja.

Tam Maďar, vo zbroji striebrom vykladanej,
pyšno si harcuje na paripe vranej.
Syn to divej pusty, pustého pohľadu,
ku koňu, ku šabli privyklý od mladu:

a tu náš Bombura: víťaz to od pluha,
biť ale dobre vie ruka jeho tuhá.
Broň i šišiak na ňom z pevnej sú ocele,
a sivko jarabý hrá pod ním vesele.

Na bráne dvanásti trubači zahrali
a naši víťazi do boja sa dali.
Sklonili kopije, muž na muža vrazil:
kopije sprašťali, žiadon nezvíťazil.

Na bráne druhý raz trubači zahrali:
a víťazi znovu do boja sa dali.
Vytasili šable, muž na muža vrazil;
šable sa zlámali, žiadon nezvíťazil. —

Na bráne tretí raz trubači zahrali:
a víťazi zasa do boja sa dali.
Hoj, teraz len bulo oči na čom pásti,
keď junákom blysli posekáne v pästi.
A tie posekáne — tak ony durkali,
až sa tie breznianske múry ozývali.
Borba dlho stála: už i deň zapadal,
a junák junáka ešte neovládal.
Tie ich bujné kone sú už samá pena;
tie ich jasné brone brudí krev červená.

„Poddaj sa, víťaze!“ — Maďar pyšno volá:
„Slovák Maďarovi nikdy neodolá.“

„Bude, ako Boh dá!“ — Slovák mu odvetí:
„A pýcha zlým dýcha, a do zlého letí.“ —

Hoj, len ti náš Slovák sivka raz otočil
a ku Maďarovi od boku priskočil:
a vtom buchlo, ako keď strela nebeská
stovekô dubisko na horách roztrieska.

A páčte! — Už Maďar z paripy sa valí
a čudská jeho krev zem slovenskú kalí;
a on, čo toť hanu na Slováka kydal,
sám on krivú dušu pred Slovákom vydal.

Zatrúbili trúby ozonom veselým,
a sláva na slávu znela Breznom celým.
Ale tam za Hronom, čím prišiel deň nový,
neostal ani len znak po kurucovi.
A tak to bývalo, i tak bude bývať:
budú sa pokorní na pád pyšných dívať.
Nepravých nepravosť uvalí do skazy,
lež pravda — hoj, pravda! — tá iste zvíťazí.",
https://zlatyfond.sme.sk/dielo/226/Chalupka_Vseslav/1,"Stojí háj starý na poli širokom;
popodeň Visla tichým ide tokom.
Jasné svoje si vody kalom zakalila:
a zem v tom háji lômom je pokrytá,
a žeň na poli do stebla vybitá;
azda že to divoká búrka tam búrila.

Pod hájom pustá prestiera sa niva,
a na tej nive vojín odpočíva.
Pekná vojínova tvár — dve zvädlé ľalie:
stoveká lipa ponadeň sa kloní,
žlté mu listy na tvár bledú roní,
a vojín sa nebudí, bo on už nežije. —

Divoká to tam búrka nebúrila,
ale nešťastná vojna sa točila,
aby tú Pán Boh z ľudskej vymazal pamäti
v poli nad Vislou, tam kde ten háj stojí,
tam sa na úmor bili dvaja svoji;
Rus a Ľach, rodní bratia, jednej matky deti. —

To kliatba naša! — Večné naše sváry
zložili Slávu-mať našu — na máry,
a slavianska do jarma upadla sloboda,
lež dá Boh, udrie tá hodina svatá,
kde dávna kliatba bude z nás odkliata
a ruku na večný mier brat bratovi podá. —

Bili sa bratia deň jeden — i druhý:
v treťom na zorách hučal už boj tuhý,
kolo hája nad Vislou, ďalekým priestorom,
Rus jak more sa rozlial cez tie nivy;
Lach uderil naň — ani víchor divý:
zúril víchor — a more ostalo len morom. —

Vtedy náš vojín v nemom stál si bôli,
tam na tom smutnom bratovraždy poli,
kde Slavianín vo krvi slavianskej sa brodil;
videl, brat brata jak nesie na skazu,
a on ti meč svoj popadol odrazu,
zlomil ho — a do poľa ďaleko zahodil.

A pole čierna mrákava zastrela,
a z tej mrákavy hromom bijú delá,
a strašlivý príval gúľ na pluky sa valí:
a zôkol-vôkol po šírej rovine
junač slavianska pluk za plukom hynie,
a jasné vody Visly krv slavianska kalí.

A môj ti vojín zbledol na ľaliu,
a proti bratom, kde bratia boj bijú,
ta sa ešte raz ozrel a žiaľom zastonal:
„Na ti, môj Bože, na v obeť krv moju,
len posväť bratov, posväť už k pokoju!“
zvolal Všeslav ranený, padol a dokonal.",
https://zlatyfond.sme.sk/dielo/229/Chalupka_Valibuk/1,"Išiel som raz cez horu,
ubil som tam potvoru. —

Ja len sám; — a dokola
ako v rohu tma bola
a na hore zo skaly
sovy polnoc hlásali. —

Idem, idem; — iba ti
počnú skaly pukati,
a priepasť sa otvára,
a z nej oheň vyhára;
a v tom ohni vykročí
potvora mi pred oči;
rastie, rastie do výše,
a ko mne sa kolíše;
cerí na mňa zubiská
a okáľmi zablýska. —
„Čože si za mátoha?
Ak si dobrô, chváľ Boha! —
Pokoj boží pokojným
s požehnaním prehojným:
lež ak neznáš pokoja,
naučí ťa zbroj moja.
A varuj sa mojich rúk:
Ja som víťaz Valibuk.“ —
Zadupala nohami;
do mňa pošla rohami. —
„Nuž tak? — tebe do duši!“
Lapil som ju za uši,
trepol som ju o bralo,
len tak pod ňou zdundžalo. —
Vyskočila potvora,
a späla sa dohora;
bryzgla na mňa plameňom,
praskla do mňa kameňom. —

Už ma bol jed dopálil;
len ja buka vyvalil,
a tú kliatu ohavu
tresk! tým bukom cez hlavu. —
Bratu! Tak ti zrevala,
až sa hora lámala. —

Ešte že jej pár razí
dám tým bukom za väzy:
ale ti mi utiekla,
sám neviem kde do pekla.
Iba keď mi zmizela,
a priepasť sa zavrela,
a zem búrkou ohromnou
zatriasla sa podo mnou. —
No tak! — Pokoj pokojným,
s požehnaním prehojným. —
Lež ak neznáš pokoja,
naučí ťa zbroj moja.
A varuj sa mojich rúk:
ja som víťaz Valibuk.",
https://zlatyfond.sme.sk/dielo/230/Chalupka_Zrada/1,"Vychodí mesiačik
spoza sivých holí:
ja, čo len naň pozriem,
duša ma zabolí.

Bodaj si bol, bodaj,
spadol z toho neba!
Dala mne moja mať,
mesiačku, pre teba. —

V našom dvore lipa,
pod lipou lavička,
už k nám šuhaj chodí,
ešte som maličká.

Jaj, bože môj, bože!
Akáže to vina,
čo sa so šuhajom
pobaví dievčina?
Šuhaj a dievčina, —
dva holúbky v páre;
spolu sedajú si
na jednom konáre;

spolu si lietajú
po zelenom háju:
jaj, bože, či preto
i oni hriech majú?

Načo si, mesiačku,
spoza mraku blysol,
keď ma šuhajíčok
kolo bočku stisol?

Moja mať nespala,
oblokom hľadela;
a mňa so šuhajom
pod lipou zazrela:

Bodaj si bol, bodaj,
spadol z toho neba;
dala mne moja mať,
mesiačku, pre teba.",
https://zlatyfond.sme.sk/dielo/231/Chalupka_Zial/1,"Chodí šuhaj po hájičku,
bielu hlávku k zemi kloní;
a po jeho bledom líčku
jedna slza druhú roní;
Jajže, čo sa to len deje,
že ten šuhaj slzy leje? —

Nad hájikom skala stojí,
na tej skale mladý dúbok;
na tom dúbku dvaja svoji,
holubička i holúbok:
Holúbky od svojej mladi
mali sa vždy verne radi.

Čo nik nevie, po stebielku
na hniezdo si nanosili,
a v tom hniezde si postieľku
svojím perím popravili:
manželskú to postieľočku,
svoj’ nádeji kolísočku.

Dobre tomu holúbkovi
s holubičkou v jednom páre:
dobre bolo šuhajovi,
mal on dievča krásnej tváre:
ale dievča už v hrobe je,
preto šuhaj slzy leje.",
https://zlatyfond.sme.sk/dielo/233/Chalupka_Kraloholska/1,"Na Kráľovej holi
jasná vatra svieti;
okolo tej vatry
dvanásť hôrnych detí.

Hoj, švarná to junač,
ako jeden, všetci:
valaška im v pästi,
karabín na pleci;

v opasku širokom
pekných pár pištolí,
také deti rastú
na Kráľovej holi. —

Nad Kráľovou hoľou
čierne mraky stali,
ten náš milý národ
v ťažkom nám je žiali.

V tom našom národe
zle to tam, nedobre:
krivda za stôl sadla,
pravda u dvier žobre. —

Do Kráľovej holi
bijú hromy z neba:
Hoj, ktože zastane,
národ náš, za teba?

A ktože by zastal?
Nik, iba boh a my:
boh do krivdy hromom,
a junák guľami. —

Pod Kráľovou hoľou
jasné šíky stoja,
kráľ volá: Do zbroje!
ty rodinka moja!

Do zbroje! kto si syn
svojho rodu hodný:
abože mi zahyň,
abo buď slobodný.",
https://zlatyfond.sme.sk/dielo/234/Chalupka_Kozak/1,"Som vojak od rodu,
kozáčka ma mala:
nad mojou kolískou
zástava mi viala;

zástava mi viala;
trúby mi spievali;
víťaza mi otca
na vojnu volali.

Hoj, leteli deti
kozáckeho rodu,
leteli na vojnu
za svoju slobodu.

Verný otcov koník
sám sa vrátil z boja,
zvädla mi od žiaľu
dobrá mati moja.

Zvädla ako ruža
odlomená v kvete,
ostal malý kozák
sirotou na svete.

Zahynie na stepi
lipka sama jedna,
a bez dobrých ľudí
tá sirota biedna.

Nedala mne zhynúť
tá moja rodina,
vzali mňa sirotu
kozáci za syna;

vzali si mňa, vzali
za syna rodného,
zo mňa vychovali
kozáka švárneho.

Hoj, dali mne oni
ostrú šabľu k boku;
dali mi koníka
bystrého do skoku.

Koníkom aby som
Tatárov naháňal,
šabľou aby som im
hlavy o zem ráňal.

A mne ti pristalo
v tom ich jasnom šíku,
ako v čate orlov
mladému orlíku. —

Som vojak od rodu;
neumriem v pokoji,
umriem ja vo svätom
za môj národ boji;

za jeho slobodu
a za jeho slávu
z ďaky ja položím
mladú moju hlavu.

Neumriem na loži;
umriem ja na koni:
keď z koňa poletím,
šabľa mi zazvoní,

šabľa mi zazvoní,
trúba zaspieva mi:
vykopú mi jamu
kozáci šabľami.

V tej jame večný môj
nocľah mi pripravia,
kozácku zástavu
na hrob mi postavia.

Kozácku zástavu,
svetu na znamenie;
že tam víťaz kozák
slávne vzal skončenie.",
https://zlatyfond.sme.sk/dielo/235/Chalupka_Vojenska/1,"Trúby trúbia, kráľ nás volá,
volá pod zástavy.
Hoj, do zbroja! — Hoj, do zbroja,
kto si Slovák pravý.

Hor’ sa, brať moja!
vrah ti je vo vlasti:
Šabľu ku boku,
samopal do pästi! —

Slovensko! Ty vlasti milá!
svätá naša mati!
Hoj, dá to Boh, nebude vrah
po tebe šliapati.

Hoj, nie; nebude,
počím my žijeme.
Von, von so vrahom
zo slovenskej zeme!

Neraz do tej našej vlasti
cudzí udrel zbojom,
lež tu vydal čiernu dušu
pod slovenským zbrojom.

Poď, vrahu; poď len: —
a veď ešte jesto
aj tebe na hrob
v našej zemi miesto.

A ja sa ti, národe môj,
svätým Bohom božím,
čím nezlomím jarmo tvoje,
zbroj tento nezložím.

Keď padnem, z ďaky
padnem ja za teba:
Tak mi pomáhaj,
svätý Boh môj z neba!",
https://zlatyfond.sme.sk/dielo/236/Chalupka_Sen/1,"Keď som pásol na poľani,
pozaspal som o svitaní;
slnko horou zasvietilo,
milý môj sen rozplašilo.

Keby vedel, kde to leží,
kam to tá noc ráno beží:
letel by ta ako strela,
vrátiť by sa mi musela.

Zdalo sa mi vo sne, zdalo:
dievča moje ma čakalo,
čakalo ma s pekným pierkom
na záhrade pod večierkom.

A za dvermi na rozluku
podalo mi pravú ruku,
a z tej ruky prsteň zlatý,
na závdavok lásky svätý. —

Zdalo sa mi zase, zdalo:
dievča moje so mnou stálo;
stálo so mnou jedným párom
v božom dome pred oltárom.

A kňaz už nám kľaknúť kázal,
už by nám bol ruky zviazal;
slnko horou zasvietilo,
milý môj sen rozplašilo.

Keby vedel, kde to leží,
kam to tá noc ráno beží:
letel by ta ako strela,
vrátiť by sa mi musela.",
https://zlatyfond.sme.sk/dielo/237/Chalupka_Vojin-na-umore/1,"Koníku môj vraný,
od kráľa mi daný,
už ma neponesieš,
ja som porúbaný.

Tečie, — dotekáva
tá moja krv mladá;
už na moje oči
tma hrobová padá. —

Hen slovenská Tatra,
tam bystrý Váh beží;
tam moja dedinka
v šírom poli leží.

Maličká dedinka,
v nej dobrá rodina,
nikdy neprivíta
víťazného syna.

Dajte, bratia, ohlas
smutnému otcovi,
že som padol verný
vlasti i kráľovi.",
https://zlatyfond.sme.sk/dielo/238/Chalupka_Juhoslovanom/1,"Hoj, zavisli čierne mraky
nad bielym Balkánom:
Zle je, zle je, nedobre je
balkánskym Slovänom.
Tam ten Turčín kliaty
šliape na kríž svätý;
tam brať naša drahá
hynie rukou vraha:
Už je čas;
trúby hlas
volá v boj za slobodu:
Bože, daj,
Bože, daj
šťastia vášmu národu!
Srb i Bulhar verne brat pri bratu stoj,
a sláva ovenčí víťazný váš boj.

Hoj, zabúria čierne mraky
nad bielym Balkánom:
Zle je, ale bude horšie
balkánskym Slovänom:
Blysnú ostré meče,
prúdom krv potečie:
Lež rodu za slávu
rád dá junák hlavu.
Už je čas;
trúby hlas
volá v boj za slobodu:
Bože, daj,
Bože, daj
šťastia vášmu národu!
Srb i Bulhar verne brat pri bratu stoj,
a sláva ovenčí víťazný váš boj.

Hoj, zaniknú čierne mraky
nad bielym Balkánom:
Zle je, ale bude dobre
balkánskym Slovänom.
Deň po noci svitne,
vlasť im zas vykvitne,
a sláva omladne,
a vrah Turčín padne.
Už je čas;
trúby hlas
volá v boj za slobodu:
Bože, daj,
Bože, daj
šťastia vášmu národu!
Srb i Bulhar verne brat pri bratu stoj,
a sláva ovenčí víťazný váš boj.",
https://zlatyfond.sme.sk/dielo/239/Chalupka_Bolo-i-bude/1,"Veje vietor, veje
od Tatry k Dunaju:
Smutné hlasy idú
po slovenskom kraju.

Po slovenskom kraju
také idú hlasy:
už sa pominuli
tie slovenské časy: —

Časy naše, časy,
časy našej slávy,
keď nad Nitrou viali
slovenské zástavy.

Hoj, Nitro, zlatý trón
kráľa Svätopluka,
čo raz naň pomyslím,
srdce vo mne puká.

Boli sme my, boli
medzi národami,
ako ten náš Kriváň
nad tými Tatrami.

Bol ten náš kraj v kvete,
ale ten kvet zvädol:
Dobrú noc, Slováci!
Váš deň už zapadol. —

A keď aj zapadol,
veď on zase svitne;
ten náš slovenský kraj
v nový kvet vykvitne.

Hore sa, Slováci!
Hore sa! — a Boh dá:
bude Slovák ešte,
čím býval inohdá.

Stojí ešte, stojí
Kriváň nad Tatrami:
bude Slovák, čím bol
medzi národami.",
https://zlatyfond.sme.sk/dielo/678/Botto_Baj-Turca/1,"Už si tam verte, lebo nie —
o to ma starosť malá,
poviestka, moja stará mať,
tá mne to rozprávala.
Vraj, keď bol Turiec jazerom.
za časov kňaz-Turana,
v jazere peknom okrúhlom
bývala Biela panna.
Krása! jak ten sen májový,
keď vyjde z vôd hlboka.
Oj, kto tú len raz uvidel,
nespustil z nej viac oka.
Len raz kto ucha naklonil
jej sladkozvodným tónom,
už ten viac nečul otca, mať,
už bolo večne po ňom.
Ba kam len zašla vesť o nej,
hýbu sa pranárody;
všetko to tiahne do Turca,
ako na dáke hody.
Hoj, Bože milý! koľko tá
zmámila mladých detí!
Bo kde sa zázrak objaví,
tam mladosť vopred letí.
A koľko, koľko sivých hláv
o kráse jej si sníva!
Bo v nebo, keď sa otvorí,
ktože sa nepodíva? —

Raz sa v to vezme Turan kňaz,
že on tú pannu chytí.
Dá zrobiť jednu veľkú sieť
z medených tenkých nití.
A hybaj! tichým večierkom
zasadne na breh plesa,
mosadznou tri ráz reťazou
o jedľu priviaže sa.
Zasieti sieť. I tíško všiad.
Jazero jak zrkadlo.
Vprostriedku v ňom si uzerá
mesiačik líčko zbľadlô.
Len tu raz tá žiar mesiačka
v šíry sa kruh roztočí —
a z kruhu pieseň zazneje
a dvoje mihne očí.
Hej! ďalej, ďalej od brehu,
smrtedlný človeče!
Nehľaď ta, nehľaď, neslúchaj,
lebo ťa tá urečie!
„Oj, Turan, Turan!“ — zunie to
tak sladko, tak tajomne,
to zunie vodou i horou —
„Poď, Turan, poď sem ko mne!
Poď tonúť blánkou pomedzi
dvojnebom rozostretou,
poď v náruč moju, milý môj,
rozkoše piť dvoch svetov!
Abo poď v palác perlový,
čo sa tam mihá na dne —
tam ľúbosť nikdy nezhasne
a mladosť neuvadne!“
„Hoj, Turan, Turan!“ — zunie to
tak sladko, tak tajomne,
zunie to vodou i horou —
„Turan, Turan, poď ko mne!“
I tíško, jasným svetielkom,
blíž a blíž k nemu plyne,
báj spevu dychom nesená,
po čistej vôd hladine.
Hej! ďalej, ďalej od brehu,
smrtedlný človeče!
Nehľaď ta, nehľaď, neslúchaj,
lebo ťa tá urečie!
Ach! jakže, jak nedívať sa,
keď zrak na nej primretý!?
Jakže neslúchať, keď duša
dobre priam nevyletí!? —
A sotva z tvári nebeskej
zlatý vlas svoj rozvinie —
už rybár náš tú svoju sieť
zabudol tam v hlbine.
Sotva naň kývne s úsmevom
raz prvší i pokonný:
praskne reťaz a Turan kňaz
v jej náručie sa kloní.
Hoj! rata, rata, lapil kňaz
namiesto panny seba:
hľa, vidíš, vidíš, Turane —
či ti to bolo treba?!
Tak je to, hviezdy nebeské
dolu ráňať obuchom,
takto, hľa! v zápas púšťať sa
človeku s večným duchom!

Prebrali ho z ťažkých mrákot.
A keď zas prišiel k sebe,
triráz sa zaklial Paromom
na vodu, zem i nebe:
že zatiaľ slovka neriekne
a nezažmúri oka,
kým nebude, vraj, zoraná
tá prekliata zátoka. —
Tu sa do práce sto chlapov,
sto obrov silných lapí.
Tatranská žula tvrdá ver’,
hej, ale tvrdší chlapi.
Preťali sa na Považie.
Váhom sa pleso stočí —
i zmizli vodné kaštiele
aj s Bielou pannou z očí.
Turiec zoran.[3] Nový to svet!
Klas zlatý poľom šumie.
I usnul mocný Turan kňaz
vo svojej hrdej dume.
No hrozný sen! — Akýsi hlas
zatriasol ním tak desne.
Čo to? veď Biela panna preč —
a to hlas tu jej piesne.
A hlas ten rastie v šír na šír
odbitý od Karpatov,
na východ, západ, juh, sever,
sťaby zvolával bratov.
Až razom, v chóre ohromnom
oddola i odhora
ozvú sa sveta štyr’ strany,
zahučia štyri morá;
a nad ním, páč! Biela panna
zlaté vlásky rozvije:
„Turan, Turan!“ — volá to naň —
ale ten viac nežije.

* * *

Bol to, vraj, sen — no kto ho zná,
či nie aj zjav pravdivý;
veď čo sa v svete, Bože môj!
nestanú vše za divy.
Tak od nečasu, hľaďteže,
hýbu sa zas národy,
všetko to tiahne do Turca
ako na dáke hody.
A načo, prečo tá Slovač
tú púť sem čo rok koná?
Už či veríte, lebo nie:
tu raz musí byť — Ona!",
https://zlatyfond.sme.sk/dielo/78/Botto_Baj-na-Dunaji/1,"Na Dunaji pláva húska biela,
húska biela s červenými ústy.
Ohliada sa po zelenom poli,
ohliada sa po vysokom nebi:
i zatúžiac po slobode zlatej
vystiera v let svoje krídla mladé.
Aj! tu víchor, starý vrah Dunaja,
besom zhučí: — húska padá dolu,
dolu padá v rozježené vlny. —
Vlny tečú a veky sa vlečú —
a na vlnách kvíli húska biela,
húska biela s červenýma ústy.

Nad Dunajom stojí skala pevná.
Na skale sedáva junák mladý;
za zory s husičkou vítava sa,
večerom s Dunajom zhovára sa.

Cez Dunaj prechodí polnoc tichá.
Na vode hviezdičky ihrajú si —
medzi nimi pláva húska biela,
pláva, pláva smutno, neveselo;
horkými slzami umýva sa,
tej tichej polnoci sťažúva sa:
Svet jasný, svet krásny, len môj tmavý:
ktože mňa pravekej kliatby zbaví?!
ktože má, ktože má orlie kriela,
hruď čistú Michala archanjela?!
Kto pôjde do boja s vetry zlými?!
Junák môj, orle môj, kdeže si mi?!

Počuje to polnoc, polnoc tichá —
úpenie zanesie na vrch skaly,
na vrch skaly v junákovo srdce.
Roztúži sa srdce junákovo,
i zavolá vieryplným hlasom:
Bože milý! daj mi orlie kriela
i hruď čistú Michal-archanjela!
To vyrieka i do vĺn sa hodí,
do vĺn sivých, junák orol mladý;
ramenom zachytí húsku bielu,
húsku bielu s červenýma ústy.
Aj! tu víchor zahukoce divý:
vlny zdvihne zo dna do polneba;
vyhasí hviezdičky, svetlá božie —
otvorí priepasti zívajúce.
I zakvíli polnoc: beda, beda! — —

* * *

Nad Dunajom stojí skala pevná,
na skalu vystúpil junák mladý,
junák orol v ligotavej zore.
Na prsiach mu skvie sa húska biela,
húska biela s červenýma ústy.
Aj! pozrite zázrak, ľudia boží!
Nie to húska na prsiach junáka,
nie to húska, ale panna biela,
panna biela s červenýma ústy!",
https://zlatyfond.sme.sk/dielo/698/Botto_Na-Dolinu-rimavsku/1,"Oj, vŕšky moje, pestúnky Doliny!
Jak by ste boli tie švárne dievčiny
v ihre na kráľku v dvoch radoch zakliate:
tak mi ju večne v stred seba chováte!
A ponad vami ten Sinec polnočný
so svojím menším bratom Maginhradom —
jak dva v povestiach víťazi báječní
stoja na stráži nad svojím pokladom.
Darmo závistná Matra sa vypína:
pokojne moja sníva si Dolina,
pokojne ona v tom bezpečnom hrade
spieva prasveta piesne večne mladé.
A čo priam všetkých synov púšte vzbúri:
nezatrasú tie samorostlé múry!

Dolina pekná, Ty krásy králena,
Ty v duši mojej večne oslávená
slnieš — jak obraz v oltári čarovný
v svetlách tisícich nebeskej kráľovny.
Vidím Ťa, vidím: nádhernes’ odiata
do lúk atlasu, purpuru i zlata;
vo vienku Tvojom, čo Ti čielko vije,
dedinôk bielych skvejú sa ľalije.
A tá Rimava, strieborná Rimava,
stužkou kol pásu Tvojho sa pretkáva.

Dolina milá, krásnas’ ako víla —
krásna! — Predsas’ len ako bez slnka deň,
bez slávy svojej, čo bola, čo vstane.
Oj, kde tie zore večernie i rannie?
Zore večernie nocou sa stratili.
Jiskra,[3] junák Tvoj, ľahol do mohyly
a za ním všetky dávnej slávy žiare,
jak na krvavom pablesky oltáre,
dávno zanikli. Nič viac nechyrovať.
A načo mŕtvych z hrobu von citovať?
Nač hrady pyšné, nevoľné okovy?
Iných to časov deň brieždi sa nový!
Len sa vzkries, moja, a poznajs’ jak sluší:
budeš tým vskutku, čím si v mojej duši!",
https://zlatyfond.sme.sk/dielo/724/Botto_Duma-nad-Dunajom/1,"Na Dunaji pláva húska biela,
húska biela s červenými ústy.
Vietor búri širokým Dunajom,
vietor ženie na ňu vlny hrozné,
vlny hrozné ako sklené vrchy.
Na tých vlnách kolíše sa húska,
húska mladá na nich letí dolu. —
Rozšírila krídla, krídla mladé:
vyhodí sa ako rybka švihlá —
a otvorí červené ústičká
a vypustí hlásky prenikavé —
prenikavé hlásky vietor schytí,
vietor divý, nepriateľ Dunaja —
a šľup dolu — pod vlny sa skryje.
Nevidno už letieť húsku bielu,
húsku mladú s červenými ústy. —
Dunaj starý temným hlasom šepce,
temne šepce pesničku večernú.
Na vlnách mu pláva tvár mesiačka,
tvár mesiačka s bledými líčkami,
kolo neho sestričky maličké
ako kŕdlik mladých kačíčeniec
kolo matky, matky ich vodiacej.
Chodí šuhaj mladý kolo vody,
kolo vody starého Dunaja.
Šuchocú mu jeho šaty tmavé,
šaty tmavé, vetrom lietajúce;
hurtujú mu pod mocnými prsy
žiaľ s nádejou ak’ oblak hromový. —
Zamyslený ide — ani nevie,
kde ho vedú jeho nohy mladé. —
Krok zastavil — na skalu si sadol,
na skalu to chladnú, nepredupnú
ako bystrý orol na Kriváni,
na Kriváni sivom, nebenosnom. —
A vzdychne si hlasom holubovým —
a prerazia prsia túžby ťažké,
túžby ťažké, plameňom horiace —
a vybĺknu ako rozdrážený,
rozdrážený oheň Etny[3] vriacej —
a letia hor’ ponad vodu sivú,
ponad vodu ticho ločkajúcu.
Napne ucho — vlny dač šeptali:
šeptali mu minulosti temnej,
minulosti slávnej hrdé skutky.
Z vĺn vyletia prenikavé hlásky
„Gá, gá, gá!“ lež ich šuchot zachváti,
šuchot temný starého Dunaja. —
„Ľaľa! tamto, čože sa to belie?
Či to rybka sa hor’ vyhodila
za komárom, za komárom chutným?
Či obluda dáka ľudí máce,
ľudí mladých zajačieho srdca?“
Myslí šuhaj — upiera ta oči,
oči bystré, oči sokolové. —
Hľa! už vidí húsky hlávku bielu,
hlávku bielu s červenými ústy.
Dunaj starý ešte raz zahučí,
zahučí to hlasom hromov temných,
až sa brehy dokola zatrasú:
„Oj, ty šuhaj! bystrý šuhaj, počuj,
počuj tajnosť starého Dunaja!
Vychyť húsku bielu zo zakliaťa,
zo zakliaťa už tisícvekého. —
Smelo skoč dnu, až ti je súdené,
ak ti hriechy srdce neprebili,
neprebili ako anjelovi,
ak máš sily — hoj, sily obrovskej:
vynesieš tú húsku nad sneh belšiu,
nad sneh belšiu s červenými ústy;
ale beda, sto ráz beda tebe,
až si hriešny — zahynieš ty biedne,
zahynieš ty v mojich vlnách sivých!
Potom húsku nepočujú gágať
večer jasný pri mesiačku bledom,
bo odpluje s druhými do mora,
oj, do mora nepremeraného!“
Trhli údmi šuhaja tie hlasy —
ešte vzdychne: „Bože, pomáhaj mi,
Bože, ktorý riadiš osud sveta!“
A strhne sa ako bystrý jeleň,
keď zašuští len lístok v húšťave,
vrhne bystrým okom na tú stranu,
dupne nohou a kríky preskočí,
a preráža parohy hustinu:
skočí šuhaj do vody peniacej —
vietor mece rozježené vlny,
rozježené vlny na mládenca.
Mocnou rukou siahne, nohou dúpi,
nohou silnou vodu rozdráženú —
a rozráža vlny pľaskom hrozným —
a zachváti tú húsku plujúcu,
plujúcu tam pod vodou s rybkami. —
Húska zgága radostným už hlasom,
zgága tri ráz na brehu Dunaja —
švihne krídlom, krídlom umoreným:
a už jej niet pred mladým šuhajom. —
Ale div to nikdy neslýchaný:
pred šuhajom stojí biela panna,
biela panna s červenými ústy.
Vlásky zlaté jej vetrom lietajú,
vencom sviežim, lipovým stiahnuté —
zdvihne sivé očko ako nebo,
ako nebo k Bohu velikému. —
Vyskočia jej perly z očiek sivých,
perly čisté, perly krištáľové —
a vzdychne si hlasom hrdličiným:
z pŕs bieluškých hor’ vyletia vďaky,
vďaky vrelé v plameni belastom
a prerazia belavosť nebeskú! —
Šťastný šuhaj si ty, šťastný sto ráz:
máš ty veniec, oj, veniec hrdinský;
máš ty pannu bielu, nad sneh belšiu,
nad sneh belšiu s červenými ústy. —
Vietor skučí a vlny sipejú
ako dvanásťhlavové šarkany,
keď im korisť drahá uchvátená. —
Slnce sto ráz cestu dokončilo,
cestu dlhú po belastom nebi:
a vietor sa skrotil v svojom hneve,
v svojom hneve, pomstu sypajúcom. —",
https://zlatyfond.sme.sk/dielo/1374/Capko_Sirotky/1,"Mládenci sniví, spevavé naše devy!
Tajnošumné, čierne Dŕžavia hory!
Oči, v ktorých vídavaly sa ste vy
Žiadna na svete ľúbosť neotvorí, —
A mladistvých úst živé a čujé spevy
Zlato, ni prosba neoživotvorí:
Mladý pevec váš v otčinách novej krásy —
A, čo čujete, blahoslavia ohlasy.

Bárs hádžete sa na mohylu studenú,
Nemožno vám zhriať ju náručím vrelým,
Cíčkom na hrob slza s slzou sa ženú,
A niet zotaviť pažíťku nad zvečnelým,
A darmo vám trápiť Znievhradu ozvenu
Volajúc za ním hrdlom celým,
A darmo lámať vzdychaniami nebesá: —
Druh váš, mladík-pevec za svet vám
                       neozve sa!

Mladosť! snenie; živôt! to nič, len snenie;
Smrť! snenie tiež; — hoj, Bože, Bože môj! —
Ba, snenie len, nič viac nenie básnenie, —
Od červia hmoty svätý pokoj
A —, že nikde spočinku nenie —
Cheruba nebies neskonalý boj:
A — kde hniloby mieru, kde biedy boja niet
To mlaď, to živôt, milý hrob i poet! —

Zem, vraj, že vlasť, že krajna, že otčina!
Čo to? pôda, čo chlieb a zlato dáva? —
Nie, posvätný to prach a posvätná hlina
Čo z otcov nám, čo z bratov pozostáva;
A nebe, — hviezdna, modrá tá okruhlina —
Svetlo, teplo odtial a odtial poprcháva? —
Nie, — to vlasť nám, to krajna, náš to dom
A v dome tom — praotec s národom!

Junač slovenská! spí, sní tvoj pevec mladý,
Sníva o materi, po krvi i po sláve;
Snom kvitnú divné dejín záhrady
Ovocie sľubujúc mädové a voňavé:
Snívaj, junač! potomstvo sa nahľadí,
Že, čo tušením zdalo sa mladej hlave,
To vešťba v bráne stojacích rokov,
To zrak za veky vidiacich prorokov!

Veď, prijde doba slavného prebudenia,
Trúba vzkriesenia zahrmí po nad lože,
Roztrhnú sa hmly svätoblahého snenia
A nádeje naše — hoj, čím skôr daj to, Bože!
Vešťby a sny v živôt, v pravdu sa zmenia! —
Vy v šedinách v mohylách už — byť môže —
V uveličení veriacich veselom
Slovo Slovenstva slavným stane sa telom!",
https://zlatyfond.sme.sk/dielo/945/Cambel_Basne/1,"Viem dobre, že ťa ľúbim márne,
že ty mne nie si určená,
a predsa jak kvet slnko jarné,
ťa stejne ľúbim. Milená,
krás tvojich skromných ladnosť túžbou
ma napĺňa… ach, a ty si
tak nedostižná, že pod súžbou
mi srdce stále mrieť musí.

Ja ľúbim ťa do nekonečna,
ač láska k tebe plam žravý,
roj múk je, bytosť tvá báječná
sa očiam mojim vždy javí:
a ja, ach, tak by chcel ťa objať
v náruč svoju rozovrenú,
i zľúbať šiaľne, a v bozkoch vliať
ti večne dušu strápenú!",
https://zlatyfond.sme.sk/dielo/5076/Kalal_Od-Sumavy-k-Tatram/1,"Svitaj, Bože, svitaj,
zapál zlaté zore,
ponad sivé Tatry,
na šírom obzore.

Svitaj, Bože, svitaj,
daj nám rána skorej,
slniečkom nás svojím
precíť, osvieť, ohrej.

Svitaj, Bože, svitaj,
popraj nám deň dobrý,
milostivým okom
na Slovensko pozri.",
https://zlatyfond.sme.sk/dielo/5076/Kalal_Od-Sumavy-k-Tatram/2,"Kto ste znali otca Marka,
poslúchali jeho hlas:
junáci ste s pevnou hruďou,
a nie nízky zemeplaz.

Kto ste znali otca Marka,
jeho oka jasnú žiar:
svetlom, teplom oka toho
v srdciach rozžatá vám jar.

Kto ste znali otca Marka,
jeho ruky vrelý stisk:
cítiť budete ho zavždy,
on je pre vás žitia zisk.

Kto ste znali otca Marka,
otcovský bozk z jeho úst:
poslanie ste jeho vzali,
previesť národ svoj cez púšť.",
https://zlatyfond.sme.sk/dielo/5076/Kalal_Od-Sumavy-k-Tatram/3,"Ó, Slovanstvo, Ty štěpe rozložitý,
když dumám o Tobě, tu žal i hněv,
jak vichor moře zvlní duše city
a v teskný výkřik mění hlásný zpěv;
pěsť rozbouřená ňadra mocně stíská,
a srdce chvěje se a oko blýská.

Co bouří nad Tvým temenem již táhlo,
co toporů v Tvou zarylo se hruď,
co svatokrádců po Tvých plodech sáhlo,
co ukrutníků dělo: „Souzen buď
a povalen, bys nevstal věčně věkův!“
a přece rosteš, sily pln i vděkův.

Ty haluze jež zutínala zloba
kdys veškerému lidstvu na úžas,
vše omládly a netušená zdoba
je svěžím listem přiodila zas
a na nich hnízdo na hnízdě se tísní
a z každého z nich zvučí moře písní.

Nechť jejím hlaholem se neprobudí
voj reků těch, jež zbožná skryla zvěst
v hor rozložitých kamenitá hrudí,
by pomohli nám z žalů různých cest
v chrám lidských práv; my silnější jsme sborů
těch zahálčivých v lese na Záboru.

A bdělejší těch, v Blaníku již lení
a v Čantoriji[1] mnohý s rokem rok;
od Svatopluka pomoci juž není —,
ni od Ječmínka; jiný času tok
chce bohatýry z železa a krve
ne duchy jen, jak toužili jsme prve.

Mdlá Zásmuckého Zdenka chasa spící
nás nespasí; ať v pohádce sní dál,
ti zotročilí panští pavezníci,
čas káže nám, by 
bratr k bratru
 stál
a chránil vlasť, jak božský strážce ráje —
co s klímavými lhostejníky báje?

Nám třeba bdít a bojovati všady
všem svatou myšlenkou, jež nad ocel,
a potírati nástrah lestné hady
a kancům zrady urážeti kel;
nám třeba jarých bojovníků práva —
co s tím, kdo spát a lenit neustává!

My toužíme, by slovanského stromu
zvlášť každá čarně rozkvetala snět,
my nechcem otročiti pranikomu
a cizí mluvou stahovati ret,
my chcem žít své půdě a své práci
a výš se vznést, jak k slunci letí ptáci.

Však dosti dlouho hynuli jsme všude,
tu lest nás týrala, tam rval nás vzdor,
a našich utrpení moře rudé
dál stále šířilo se po kraj hor,
a všude srdce hynula a chladla,
a síla štěpu slovanského chřadla.

Leč pučí zas, nechť větve byly holy,
Bůh hynoucímu řekl: „Dost juž, dost,
stůj silnějším než ondy v světa poli
a k nebi tyč svůj hojný letorost
a jara mladistvého milým sletem
jak čarná kytice se obal květem.

Juž nedám Tebe lupem dravé káni,
a zachovám Ti chvějící se list,
ať odkudkoli bouře, vztek se shání,
ať odkudkoli spěchá její chvist,
vše větve svěží na ňadra Ti shrnu
a zlámu zloby zbraň, jak osten trnu.

Já kmen Ti zachovám i větve stromu
a změním v jásot povzdechů Tvých tlum,
své moci štítem chytím rány hromu
a spoutám křídla mrazným severům;
já v dřeň Ti dám i cevy svěžest novou
a zmařím, topor na Tebe kdo kovou!

Já květ Tvůj rozmnožím jak písek v moři,
a zlatý plod Tvůj bude bezčeten,
dech jeho vůně hradby vrahů sboří,
kdo hubit by Tě chtěl, buď smrti v plen;
v šíř rozkládej se na pouště i stepy,
a mohutni, můj štěpe velkolepý!

Puč, rosti, kveť a zlatými zrej plody,
o štěpe slovanský, vždy víc a víc,
z Tvé štědrosti ať celý svět má hody
a k výším blaha tyč se hrdě vstříc,
ať všecko lidstvo z podarů Tvých mladne
a navždy údělem má ráje ladné!“",
https://zlatyfond.sme.sk/dielo/39/Kalinciak_Basne/1,"Od východu ružová si záře
    ku blankytu vzhůru vystupuje
a po kraji nebe modravého
    do půlkola rudě osvěcuje.

Aj tam Turka zlého plné skazy
    stopy možno poznáti se zdáli,
který vtrhna do uherské země
    lidí vraždí a jich bydla páli.

Nepatří on na starce, mladíka,
    loupi, bije i ve dne i v noci —
ach, Bože můj! kto dá úbohému
    lidu tomu potřebné pomoci?

Aj tu vzletne sokol nad Dunajem
    i křídlami ku Tatře vesluje,
přemilé své děti, drahé děti
    pod otcovské křídlo zhromažďuje.

Hoji neni to sokol od Dunaje,
    čo ku Tatře rýchlym letem letí,
totě Matyáš,[1] král uherský slávný,
    jde své zvolat pod praporce dětí.

A slovenští spanilí mládenci
    tak nechají domácího blaha,
jdou se za vlast a za krále bíti,
    jdou potříti uherského vraha.

Tam nad Tisou, řekou starodávnou,
    tábory si rozbil Turek lítý:
Povetří se ztřása, země hučí
    pod tureckých komoňů kopyty,
        tam vrah čeká krále uherského,
        někdy sluhu, teď sobě hrozného —

Aj Matyáš velký, silný mocný
    jako orel na svém koni běží,
vojska za ním množství hrdinného
    kopí, meče jak hora se ježí:
        Třes se, Turku, boj se naši moci,
        někdy tvoji srazí tě otroci —

Tam tá Tisa, řeka starodávní
    krvi lidskou pobarvená teče.
Teče dolu temným šumem smutným,
    povzbuzuje k boji dobyt meče.
        Neb král statný medzi Turky zlými
        sám jen bije se s nesčíselnými.

Hoj, Černý pluk bystrým sluchem loví,
    co matička Tisa pošeptává;
A již meče po krcích tureckých
    skáči; mraučí Turek, postonáva.
        Již král bystře voje Turka kácí,
        bystře při něm válčeji Slováci —

Zhynul Turek, padli vojská jeho:
    již si volná, země naše drahá!
Již král slávný zahnal Turka zlého,
    zbavilo tě vlastný plemě vraha;
        Hoj, Slováci! slávu za to máte,
        že krev vlastní za vlast proleváte!

V zelenem hájiku
    slávik libě pěje
a smutná děvčina
    ku hájiku spěje.
„Co je ti, děvčátko?“
    slávik smutně zpíva,
„co se v tvém srdéčku
    tajného ukrýva,
že ve dne i v noci,
    když k hájiku spěješ,
z milostného očka
    pořád slzy leješ?!“
„Jakbych já, slavičku
    drahý, neplakala,
když mi Janka mého
    vojna odebrala.“
Vtom ze krovín hustých
    mladý chlapec stoupa,
šablička pri boku
    ostrá sa mu houpa.
Obzře se děvčina,
    chlapec dále běží —
již Janko v náručí
    dívky drahé leží. —
„Neplačte děvčinky
    za milenci svými,
již se vám vraceji
    s věnci vítěznými,
neplač, nenaříkej
    mamičko, sestričko,
jde bratr milostné
    potěšit tvé líčko,
aj neplač Slovensko,
    již synové z boje
i s králem vítězným
    kvapí v lůno tvoje.“

V svato-janských[2] lesích hustých
    zvuky trub a psů stěkaní,
lomoz zbraně pořád hučí
    při ohlasů ozývaní.
Král zatroubí v roh stříbrný,
    všetko se za pánem žene —
Chlapci nesou nastřílené
    jeleny, srny, zajice —
Tam na vrchu na palouku
    číše zvučí plné vína,
„Bůh živil krále našeho,“
    volá myslivců družina.
A král s perlícím se vínem,
    zdvihne vzhůru pohář skvostný:
„Blaho Slovenskému rodu!“
    zavzní hlas jeho radostný;
„Sláva Slovenskému rodu!“
    všickni za králem volají,
„Sláva Slovenskému rodu!“
    les, hory odpovidají.

Práchnivěji kosti krále,
    Slovák nevzpomne na slávu,
jejmž věncem otec jeho
    sobě v bojich šlechtil hlavu.
        Zapomněl Slovák o boji,
        než „stůl králův“ ještě stojí —",
https://zlatyfond.sme.sk/dielo/39/Kalinciak_Basne/3,"Po horách, dolách strašný víchor duje,
všetko pod jeho padá hroznou vládou,
dub sa k nízkej už zemi nahybuje,
čo predtým odpor všetkým búrkam kládol;
všetko už hynie, len jak skala stojí
človek statočný, čo sa nič nebojí,
čo, hoc by neba sa zrútili stĺpy,
od dobrej veci nikdy neodstúpi.

A jakže v búrke i my obstojíme,
čo ešte slabí sme k pasom s víchrami? —
Darmo po iných pomoci túžime,
oni nemajú ľútosti nad nami;
len naša vlastná matička nás spasí,
čo nás poteší aspoň svojmi hlasy,
ona nám v biede pesničku zaspieva
a v zime svojím teplom poohrieva.

Búrky len hučia, hrozne zavýjajú,
všetkým, čo žije, jak ničím striasajú;
a my spod krídiel matky vykukneme,
so strachom na ne hore pohliadneme.
Ale ich blesk viac oko nezaslepí,
hlava od strachu závrat nedostáva,
zvuk hromov ucho naše nezahluší,
srdce bit viacej silno neprestáva,
a duša voždy dač veľkého tuší:
Zbohom, matička, sily máme dosti,
zbohom buď, drahá, už ťa zanecháme,
pôjdeme s vetry biť sa do výsosti,
že ich skrotíme, pevne si dúfame —

Nechoďte, dietky, však ste ešte malé,
a búrka vzteká sa len neustále;
synovia žiaľu, jak jej odoláte,
keď ešte sily v ramenách nemáte?
Synovia žiaľom trpkým vychovaní,
matky slzami vždy len napájaní,
kde je zbroj vaša? Kde je vaša sila?
Čo by i pekla moci prelomila? —
A búrka čo diaľ sa viac a viac vzteká —
neurčí medze jej ruka človeka.

Zbohom, matička, darmo hlas tvoj volá,
on túžbam našim viacej neodolá:
Narástli krídla, na nich poletíme,
nimi sa víchru strašnému oprieme,
a tento, čím viac sa na nás nadýme,
tým sa mi na ňom vyššie vynesieme.
Víchor sa bude, blázon, nazdávati,
že nás vztek jeho odrazu zatratí;
a predsa, keď svoj srd proti nám vznesie,
oproti sebe nás on sám ponesie.

Na ňom na Tatry sivé vystúpime,
na ich vrcholkoch v smútku si sadneme,
tam si nad lósom naším zakvílime,
tam plakať, vzdychať, tam spievať budeme.
Kde slza naša kvapne rozžialená,
tam obor zbrojný zo zeme vyskočí;
kde pieseň naša zajde zadumená,
pluk hrdinov tam vidia stavať oči,
ktorí ohnivým keď zaiskria okom,
žiara sa vznikne, čo slnce zaslepí,
čo keď hlas pustia zo rtov hroznolepý,
všetko zaduní na svete širokom:
Títo sa pustia do boja s víchrami,
i ako orli vzletia nad Tatrami;
blesky zažiaria jak ohnivá stena,
hromy zahučia jak rieka vzteklená;
ale tá vzteklosť ich sama umorí,
neba sklepenie sa zrazu otvorí:
I v posledného hromu, ono, letu
bude hlásati „pokoj, pokoj!“ svetu.

A krv po celej zemi sa povlní,
hroby počerné len tak zívať budú,
pokiaľ sa gágor ich hrozný naplní,
pokiaľ nepožrú na tisíce ľudu:
Ale z tých hrobov holubička v letu
mieru halúzku príde doniesť svetu.
Slnce od hrôzy ako ľad ochladne,
zatmie sa, plačúc, za hory zapadne,
ale po boji v krásnejšom zveletu
vzíde a nikdy nezapadne svetu.

Ako mám, povedz, milovaná mati,
ten deň velebný, vznešený nazvati?
Čo nám jak zore na nebi zasvitne,
ako bielušká ľalia zakvitne?! —
Ten deň je blízky, už viac neďaleký,
tie búrky hrozné, čo sa tak vztekajú,
k jeho príchodu slávne zaznievajú;
v ňom sa budúce všetky spolu veky
váľať tvojimi budú pod nohami,
a ty jak pani budeš panovati —
a tvoje dietky, chované žiaľami,
nebude svet viac sem-tam preháňati.

Matička naša, zbohom buď, milená —
z kolísky našej už my preč ideme,
ta, kde si plače rodina súžená,
ktorej o tom dni my spievať budeme;
spev ten od Tatry k Uralu zaletí,
on bude zváčam budúcich století,
a náš kraj smutný vzkvitne v novom kvetu,
i ukáže sa v svojej sláve svetu.",
https://zlatyfond.sme.sk/dielo/39/Kalinciak_Basne/4,"Tiché doliny pod Tatrami ležia,
Váh ich trúchlivý smutne pretekáva,
vlnami, čo preč do cudziny bežia,
často si chudák žiaľno pošeptáva.
Žiaľno si šepce, že tie pekné kraje,
ktoré vo svojom on behu bozkáva,
zakliate stoja a že jejich háje,
preč bežiac, ešte zakliate necháva.

Zakliate ony sú už viac století,
zámky hrdinov, mestá, hory, ľudia —
Kedy spasenie, kedy im doletí?
Kedy sa zo sna tvrdého prebudia?
Darmo sa pýtať, nik ti neodpovie —
bo kto sa z ľudí o tom ľahko dozvie?

Ale jak strážni na hroboch duchovia
povesti nad tým krajom sa vznášajú,
ony sa zjaviť tajomstvo hotovia,
ony jediné ho vo svete znajú.

Povesti tieto z doliny do hájov,
z hájov zas ďalej do hôr utekajú,
tam si na lístky stromov posadajú,
i rozprávajú si na tisíc bájov.
Vietor zahučí, lístky sa striasajú
a z nich povesti potichu volajú:
„Že z toho kraja kliatbu ten odvalí,
ktorý takovú zaspieva pesničku,
práve keď slnce zdvihne svú hlavičku,
akú pred tisíc tam rokmi spievali.“

Šťastlivá matka, čo syna porodí,
ktorý tie kraje z kliatby vyslobodí! —

Slniečko vyšlo, slniečko zachádza,
deň za dňom beží ako okamženia:
Ale nik kraj ten z kliatby nevyvádza,
nespieva pieseň nik vyslobodenia.
Váh ustavične bôlným šumom hučí,
zrána nezaspí, nestíchne zvečera,
on sa v svém šumu nikdy nezamlčí,
len keď v cudzine ďaleko umiera.

Lež spev ten, k jeho najväčšej bolesti,
nechce tým krajom spasenia priniesti —
Ale už vstali i mnohí mužovia,
bystrí šuhajci i vážni starcovia,
každý chce spevom zrútiť kliatby jarmo —
oni spievajú — ale všetko darmo.

Jeden zavčasu zdvihol svojich hlasov,
do rána zhynul, spevy sa stratili,
tamten zas zaspal i ráno prepásol,
a sny mu oči naveky prikryli,
tamten zas spieval, ale jeho hlasy
nešumeli tak ako v dávne časy —
Nik viac nespieva — čas pomaly plynie,
a kraj zakliaty v svojej kliatbe hynie.
Aj, čo to za blesk, čo sem v noci kráča:
Aj, to sem ide človečia postava,
ona to okom svým vôkol otáča,
a odtiaľ žiara čarovná povstáva.
Zrak ten prenikne tajomstvá vekov
a piesne hlas ten, čo jej z prsú tiekol,
tak smutne šumí, tak smutne žaluje,
jak keď si vetrík po hroboch poduje.
Iste tá pieseň, iste tieto hlasy,
iste ten spevec tieto kraje spasí.

Noc ešte tmavá — pieseň spevca hučí,
ale zakliaty kraj len ticho mlčí —
Strach poznať možno už v spevcovom hlasu,
lebo sa nazdá, že prišiel zavčasu.
Čas ďalej beží — sila mu upadá —
a predsa spieva, až len pokiaľ vláda.

A vtom spoza hôr slnce sa vytiahlo,
svým okom vážnym na spevca pohliadlo,
potom nad krajom vážne si zastalo
a naň sa dlho a dlho dívalo.

Spevec zatrúbil — slnce zablyštalo,
na krajne praskli okovy zakliatia,
všetko zas z hrobu k životu povstalo,
objímajú sa dávno mŕtvi bratia.

Všetko sa hrnie k divnému spevcovi,
Jak malé dietky k dobrému otcovi —
A zo všetkých strán vo šumiacom plesu
hlasy vďačnosti sa k otcovi nesú:

„Vďaka ti, otče, žes’ pieseň zaspieval
jak víchor silnú, ako vetrík hravú,
žes’ nás v zakliatí svojou láskou zhrieval,
žes’ nám ukázal k žitiu cestu pravú.
Však nechceš striebro, nechceš ani zlato,
nechže ti pán boh sám odplatí za to,
nech ti z nás, tvojich dietok, potešenia
dožiť a potom dá večné spasenia.“",
https://zlatyfond.sme.sk/dielo/39/Kalinciak_Basne/5,"Kto zráta naše túžby, slzy, žiale,
    čo sa každý deň z duše našej lejú?
Čo hoc chcú z hrobu vyvolať nádeju,
    predsa sťa tôňa hynú neustále:
a slza naša, čo po tvári steká,
    nepohne srdce zemského človeka.

Obzri sa vôkol na zem tú širokú,
    kde sa Slováka žiaľ smutný ozýva,
a slza v tvojom ukáže sa oku,
    čo dobrých ľudí žaloby odkrýva,
ktorá, keď sa raz zo zrakov vyleje,
    vykvitne na nej koruna nádeje.

Nie moje oko raz len pozeralo
    na nášho kraja strápené doliny,
nie moje srdce raz len zaplakalo,
    vidiac si mladosť tak hynúť bez viny —
vidiac, že trpí rodina úbohá,
    akoby bola odvržencom boha.

A zrak môj mútny rád do neba hľadí
    a ucho moje vždy dačo načúva,
či tichý vetrík dačo nevyzradí,
    čo si po našich dolinách podúva,
či sa mi dáke nezjaví videnie,
    čo by donieslo srdcu potešenie?

A duša moja zabudne v tom čase
    na svet, na smútok, na plače, na žiale —
letí hneď hore a hneď dolu zase,
    blúdiac v oblakoch kdesi neustále;
a myseľ moja celkom sa v nich stratí,
    ach, azda nikdy sa sem viac nevráti!

Bože môj drahý! Pekne sa mi snilo,
    ale ukrutné je tam zobudenie,
kde komu, čo ho božské svetlo krylo,
    zemské ukáže zrazu sa videnie:
A prse bolesť a zármutok úži,
    keď duša voždy len po nebi túži.

Poznal ďalekej som kraj budúcnosti,
    v milom mi snení bežali hodiny,
ach, ale srdce vždy zas rozžalostí
    bieda a žiale úbohej rodiny;
kto sa zná baviť v ďalekej večnosti,
    ten zná pocítiť i bôle žalosti.

Pán boh je s nami i v našej chudobe —
    vo mene božom nám prežívať treba,
tak oživneme zas pri vlastnom hrobe:
    i nám nezavrel bránu boh do neba,
i nám sa žiare na nebi zasmejú
    a vzbudia z hrobu zapadlú nádeju.",
https://zlatyfond.sme.sk/dielo/39/Kalinciak_Basne/6,"Šuhajku na koníku,
čo tak hlavu kloníš?
Či za bratom, kamarátom
slzy z oka roníš?

Či za matkou, či za sestrou
tvoje oko plače? —
Hore hlavu, veď veselo
pod tebou kôň skáče.

Hore oko vznes vysoko
ponad krajinami,
lietaj smelo a veselo
po svete s vetrami.

Ľahko hrdo pozerať,
keď srdce netúži,
ľahko skákať veselo,
keď žiaľ prsia neúži.

Ach, on ide, viac nepríde
v svoje rodné kraje,
on do sveta preč ulieta,
osudu si laje.

Čože on má v dome svojom
darmo zavzdychávať?
Nemá ho tam nikto ľúbiť
a s ním sa zabávať.

Šuhajíčku, ber šabličku,
čo máš doma čakať?
Však za tebou ver’ nebude
milá vzdychať, plakať.

Šuhaj išiel, viac neprišiel,
vybral sa do sveta,
kdeže jeho mladučkého
myseľ teraz lieta?

Lieta ona tam ku milej,
čo ľúbi druhého…
a on zvesil hlávku svoju
na koňa čierneho.

A ten verný koník čierny
zná, čo pána bolí,
viac neskáče jak ináčej,
len ide po vôli.

Od východu oblak letí,
letí, letí nad horami,
a nad nimi divno svieti…
to sú Turci s Tatárami.

Od západu príval leje
a jak more keď sa smeje,
hučí dolu dolinami…
to sú Turci s Tatárami.

Od poludnia, od polnoci,
nad horami, lučinami
z celej sily, z celej moci
kričia Turci s Tatárami.

Šuhaj hore zdvihne oči,
šabľu z pošvy ťahá smele,
dookola ňou zatočí,
rúbe do hláv, do ocele.

Okom pozrie — Turek leží,
šabľou pohne — Tatár leží,
koňom zvrtne a už nemí
ležia desiati na zemi.

Rúbaj, rúbaj, šuhajíček,
hľaď smelými ty očami,
bo jak strela tvoj koníček,
šabľa jak hrom i s bleskami.

Nemôže viac pozerati,
očká strely vystrieľali,
nemôže už viac rúbati,
šabľu šable dolámali —

Na pustom poli strom stojí,
smutno stojí jak matička,
ktorá zarmucuje líčka,
že jej syna zabili
a myslí o ňom vo vážnom pokoji.

Ani vetierky nerušili
vážny pokoj, a neplakali,
podúvajúc medzi lístočkami,
preto lístočky dolu padali
a medzi sebou šeptali
smútok nad mládenca líčkami.

A pod stromom zabitý
leží mladec krvou postriekaný,
umĺkol cit v prsiach zabitého,
bo hlboké veľké jeho city,
ubehnúc zo srdca hlbokého,
išli hľadať v nebe svoje stany.

Zver sa nezblíži, vták sem nedoletí,
len zornice svetlo keď zasvieti
a keď noci krídla zem obvinú,
belavé hmly sa k nemu privinú,
odejú ho v svoje ľahké šaty
a smútia nad ním, pokoj všade svätý.

Jak dobre ti, zabitý šuhaju!
Márne túžby už s tebou nehrajú,
sám so sebou viac nemáš starosti,
neznáš biedy a neznáš milosti,
spíš ticho a nemáš sny o svete.

Vetry divé, vetry, kde idete?
Ideme pre nášho brata,
čo ta s nami poletí,
kde je ríš pokoja svätá,
kde nieto zlých túžob sietí.

I prišli vetry, jeho líca pobozkali,
jeho prach pozbierali,
so sebou ich pobrali —
a do všetkých štyroch uhlov sveta
rozhádzali.",
https://zlatyfond.sme.sk/dielo/39/Kalinciak_Basne/8,"Koníček môj hrdý, vraný,
preberaj len nožičkami,
kým zájdeme za tú horu,
spoza hory do táboru.

Bubny hučia, trúby vreštia,
dajže, bože, dajže šťastia;
oceľ skáče od oceli,
rúbajú sa chlapci smelí.

Rúbajú sa šabličkami,
strieľajú sa guľôčkami,
guľky šable nasledujú,
chlapcom hlávky odfrkujú.

Hudba zvučí, hrmia delá,
váľajú sa mŕtve telá.
Krv sa valí potokami,
kone hrabú nožičkami.

Koníček môj bystrý, vraný,
už som celý dorúbaný,
hlavička ma páli, bolí,
rozťatá je na dve poly.
Dvadsať ráz je dorúbaná,
päťdesiat ráz rozstrieľaná.

Koníček môj smutný, vraný,
choďže v moje rodné strany,
choď povedať mojim zlatým,
že sa viacej nenavrátim.

Povedz smutnej matke mojej,
aby v žiali, v biede svojej
za moju dušu úbohú
modlila sa pánu bohu.

Koníček môj smutný, vraný,
čo neideš v naše strany?
Smutno ti ma opúšťati,
nemá ma kto zahrabati.

Nebojže sa, keď sa zbudia,
zahrabú ma dobrí ľudia,
vetrík príde, pozavieva,
zaplače, pieseň zaspieva.

Žiale raňajšej rosičky
vylejú na hrob slzičky,
dajú lampy skvostné, pánske
malé mušky svätojánske.",
https://zlatyfond.sme.sk/dielo/39/Kalinciak_Basne/9,"Letí holub, letí, smutne povrkáva,
svojej holubičke pozdravenia dáva,
vetry tiché prídu, hlas jeho zanesú
do tichého poľa, do hája, do lesu.

Smutný ide šuhaj, smutne povzdychuje,
že mu bez radosti mladosť uletuje,
jeho smutná duša smutne postenáva,
však len tvrdá skala ohlasy mu dáva.

Ťažko holúbkovi, keď jeseň zaduje,
ťažšie šuhajkovi, čo darmo miluje,
slnce holúbkovi jeseň v jar obráti,
ale šuhajkovi nik milú nevráti.

Podúvaj, vetríček, podúvaj zľahučka,
tvoj hlas sa roznesie od bučka do bučka;
zavial vietor v hore po stromoch, po skale,
ale nevyniesol z môjho srdca žiale.

Padaj, dáždik, padaj studenou rosičkou,
pokropže zoschnutú zemičku vodičkou:
už dáždiček padal, zemička sa smeje,
len moje srdiečko horké slzy leje.

Tma hustá je v noci ponad dolinami,
zasvieťže, mesiačik, zasvieť s hviezdičkami:
zasvietil mesiačik, hviezdy zablýskali,
však v mojom srdiečku len žiale nechali.",
https://zlatyfond.sme.sk/dielo/39/Kalinciak_Basne/10,"Poď, drahá moja, môjho do náručia,
bo večných túžob ohne ma umučia;
prsia už zhoria od večného bôľu:
však vďačne zhyniem — len zahyňme spolu.

Nie — nie — nechcem ja ešte čiernych márov,
nemám nevesty, nemám pre ňu darov:
však ony prídu, donesiem jej dary,
akých človeka oči nevídali,
strhám ich z neba osvietenej tvári,
zeme zakliate pootváram skaly.

Striel si narobím z mojeho vzdychania,
nimi zostrieľam hviezdy z ich výsosti,
až budú biedne vzdychať bez prestania —
(dobre, ja nedbám — však i ja vzdychávam)
túžbou ich mojou spolu pospletávam,
a tak z nich veniec urobím milosti —
ten veniec vtlačím na nevesty čelo.
Nebo od toho zbledne ligotania,
jak by ho milej mojej závidelo.

Urobím rebrík si zo žiaľov mojich,
nimi sa ku slncu dohora vydriapem,
všetko mu svetlo i blesky polapám,
že ono zmrzne z ťažkých žiaľov svojich:
(Dobre, nech želie — však i ja želievam)
svetlo na milú moju povylievam,
až z neho stanú sa svadobné šaty,
ktoré zaslepia celý svet bohatý,
že ľudia dajú sa na diaľnu cestu
s poklonou vítať podivnú nevestu.

Potom urobím z raňajších zorničiek
si pre nevestu čarovný vozíček,
rosovými ho ozdobím perlami,
tiché do neho zapriahnem vetríky,
moju do neho posadím nevestu;
a tak pôjdeme divnými mestami
až tak ďaleko, jak je svet veliký,
cez mesiacovú bledolícu cestu.

Čo to za cestu? Čo tak slabá, bľadá?
Či sa tak kloníš pred nevestou mojou?
Z bolestí mojich, z mojej duše bojov
zrobím kopiju; tá mesiac vyhľadá.
Jemu do srdca ju hodím pyšného,
že až vykríkne od bôľu ťažkého,
(dobre, nech bolí — však i mňa bolieva);
krv sa mu prúdom z prsov povylieva
a cesta sa z nej nevídaná spraví,
bo bude blyšťať jak uhoľ žeravý —
Na tej ja ceste poveziem si milú,
až pokiaľ vetry nepotratia silu,
kým neprídeme k širokému moru.
Tu zo sĺz mojich za ňou vylievaných
upletiem prútik, ktorým vĺn meňavých
mora veľkého tak šibnem oboru,
že ono z veľkej zaplače bolesti,
(dobre, nech plače — však i ja plakávam)
a sa rozstúpi na dve rovné cesty.
Vlny utečú pred nami, za nami,
paláce krásne jak vysoké chrámy
sa nám ukážu z perál postavené,
stĺpy majúce z diamantov čistých,
dachy rubíny krásnymi sklepené
že horieť budú od vĺn plamenistých:
Do tých palácov ja milú uvediem,
na trón posadím zo zemských pokladov,
anjelov dolu sem z neba privediem,
čo ju oslávia piesňou večne mladou.

A či neprídu na moje rozkazy?
Z nocí vystavím strávených bez spania,
v ktorých som za ňou túžil bez ustania,
vežu vysokú; na jej stanem väzy —
a nebom strasiem, že jak pavučina
porozpukáva sa a jej dierami
anjeli zletia so svojimi harfami,
pred ňou vo strachu padnú na kolená:
Až od jej očí čarodejnej žiare
sa im zapália bledolíce tváre,
a z prsov ozve sa pieseň plamenná;
    „Mária, buď oslávená!“
I ja zaspievam —

    Čo? A komu?

Ach, bože, ona nerozumie tomu.
Kto? Ach, od nej ešte nepoznaný
ďaleko večne preč som odohnaný.
Nač sú mi dary? Nač mi sila moja? —
Však duše ona ma nesprostí boja.

Hoj, na plamenné sadnem ja oblaky,
keď budú búriť ich ťarchavé mraky,
a hromovými zahučím trúbami
ponad celého sveta krajinami:
        „Buď oslávená, Mária!“


",
https://zlatyfond.sme.sk/dielo/39/Kalinciak_Basne/16,"Hynú jak nič roky za rokami,
svet sa borí človeka rukami;
ľudská ruka staré ničí svety,
na krídlach bystrých ku nebesám letí.
Neba sa smeje obloha ďaleká,
keď hore vznáša sa duša človeka.
Panny milostne z kvetov vijú vence,
nimi miláčkov ovenčujú čelo,
mládenec dáva kvietky svej milence,
k prsiam ju tisne a objíma vrelo:
Starci sa tešia vo svojej rodine,
hodina jedna tak za druhou hynie:
Len vody smutné na tichom Dunaju
pod jarmom zlého dušmana stonajú.
Stonajú dlho, už od dávnych rokov
slzy krvavé z očí smutných lejú,
všetko pustotou sa stalo divokou,
všetko stratili — iba nie nádeju.

Svet sa im díva suchými očami,
jak oni hynú v putách zlého pána,
jak matka plače pomedzi horami,
keď dietky hladnú od rána do rána.
Otec nadarmo v púštiach snehu stenie,
keď dieťa nahé od zimy krepenie,
strechou im nebo, domom pusté hory,
posteľou snehy, pokrmom náreky:
Však už i toto bydlo dušman borí,
chtiac ich vyhladiť a zničiť naveky.
(Svet na to hľadí, jak by nič nebolo,
jeho zrak tupý, srdce je z kameňa.)
Plač daromný — on dušu Osmana
k ľútosti nehne, i nehne kresťana;
nech si polmesiac s konskými chvostami
povieva pyšno ponad Krista chrámy,
nech sa kríž, zrak to Spasiteľa, kloní,
nech Osman depce ho zlými nohami:
to kresťan slzu nad tým nevyroní.
Medzi kresťanmi od roka do roka
ríš falošného sa šíri proroka.

Za časov dávnych to inak bývalo,
vtedy keď slovo jedno sa ozvalo
„Za svätú vieru“, „Za kríž Krista Pána“,
milióny ľudstva vo svätom zápalu,
spievajúc slávne Spasiteľa chválu,
dvíhalo meče na krky pohana:
Teraz kresťan pre zisk, pohodlie svoje
dáva pohanom ničiť obidvoje,
pre kríž i vieru rody na Dunaju
s krížom i vierou život opúšťajú:
Však darmo vaše smutné je padanie,
daromné vaše sú viery zápaly,
ony nepohnú, iba tvrdé skaly,
a vás nevzbudí iba zmŕtvychvstanie —

Padali dlho otcovia predvekí,
za nimi vstáva nové pokolenie,
ktoré nad sebou nevedie náreky,
znášajúc v sebe človeka zníženie,
zubom nestíska, keď dušman v reťazi
okúva jeho vlastné voľné väzy,
okom neblýska, pomstou nezahorí,
keď kríž, kostoly Osman váľa, borí —
Nač vám pomáhať? Čo vám to pomôže?
Nač by sa i svet zmiloval nad vami?
Však v svete vyviesť nič ľudí nemôže
z otroctva, iba oni seba sami.
Čože je život bez žitia, života?
Snom je mŕtvym, čo sám seba zožiera,
človek statočný moc zloby stroskotá
mečom ohnivým, hoc i sám umiera,
aby na jeho pohrebnom sprievode
vnuk sa pozdvihol ku sláve, slobode!
Padli i vaši hrdinskí otcovia,
v putách dušmana uvyklí vnukovia,
vy ich neznáte, bo ak by ste znali,
jak oni by ste statne umierali,
ač by sa z mŕtvol zdvihli v krvi mori
nohám dušmana nepriestupné hory,
ktoré by vaše rodiny skrývali
pred vraha mocou jak múrové skaly.

Stoletia prešli, jak dunajské rody
padli za vieru, za svoje slobody,
moc je nesmierna silného Osmana;
jak jej odolá rodina zdrúzganá?
A v svojom žiali sa vôľa človeka
do svojej duše ukúva, uteká,
zármutok srdca duša vychováva
a nad svím pádom smútieva, plakáva,
plač ten sa v piesne a vo spev premení,
krotí ich túžbou, nádejou odený.
I kraje smutné na tichom Dunaju
v piesňach nad svojím pádom plakávajú.

Pamät skúvajú v nich svích bohatierov,
ona ich chová nádejou a vierou,
pokiaľ nepríde čas vyslobodenia
a na svích krídlach nebeské spasenia.
Kraje dunajské, kraje smútku, spevu,
vy požehnané, vy žiaľom trestané,
kto vám donesie nádejnú úlevu
kedy duch praotcov zas z hrobu povstane?
Pieseň vás vaša z jarma vyslobodí,
bo ona duchov z hrobov vyvoláva,
zbroj silný do rúk budúcnosti dáva,
i požehnanie a nádeju rodí.
Kým pieseň vaša nad otcov hrobami
hučať svojimi neprestane hlasy,
kým ňou mať dietky svoje chovať bude,
duch váš premôže i smrti zápasy,
hviezda nádeje nezhasne nad vami,
vnuk svoje čelo ovenčí činami
a pieseň slávy, víťazstva zahudie.

Spevy dunajské, chované žiaľami,
čo nad vašimi smútite biedami,
ja som vás nečul — a moja zrenica
neuvidela vašej vlasti líca,
však duša moja často o vás sníva,
smútieva s vami, vám sa vo tvár díva,
v nich ona vidí vašich bohatierov,
ktorí zhynuli so slávou a vierou,
oni zhynuli a len bájky veštia,
jak oni, vidiac hrúzu a neštestia,
za svoje kraje statne umierali —

Pamiatky po nich už sotva zostali,
však ja ich vidím a v ich bledé líca
moja sa díva napätá zrenica,
oni kývajú zo svojej mohyly
prstom uvädlým, okom pozerajú
a hlasom slabým v budúcnosť volajú,
by ich činami vnuci oslávili.

Ach, ja to vidím moj’ duše očami,
piesne dunajské, moc vašu mi dajte,
nad bohatierov zhynutých hrobami
ja vám zaspievam, no len počúvajte.",
https://zlatyfond.sme.sk/dielo/39/Kalinciak_Basne/17,"A tisíc kvapiek v spupnom letu
driape sa k nebu, hrozí svetu;
a všehomír jak pán v hneve
striasa zemou, skučí, reve;
a vietor v orkána podobe
všetko ničí v svojej zlobe.

I príde chvíľa, chvíľa jedna
i stratí sa dúha biedna,
i jedno, jedno božie slovo
utíši more nanovo.
Všehomír čuší, vetry stoja
jak chlapci, keď sa otca boja,
a ich sily a ich moci
darmo hľadať vo dne v noci.

Aj, moje srdce, srdce moje,
kde sa podeli sily tvoje?
Svetlo dúhy, mora vztekanie
i všehomíra zvučanie
i polnočných vetrov strely
v tebe zhasli — onemeli.
A teraz tak pusto v tebe
jak na hroboch po pohrebe.",
https://zlatyfond.sme.sk/dielo/39/Kalinciak_Basne/20,"Ľúb dni mladosti, braček mladý!
Ona kvetom je života.
    I keď ducha zbieraš poklady,
    i keď priateľstva hľadáš vnady,
ľúb dni mladosti, braček mladý,
abys’ nezostal sirota.
    Stavaj ľúbosti chrámy, hrady,
    kým srdce nezná mrazov chlady.
Ľúb dni mladosti, braček mladý!
Ona kvetom je života.",
https://zlatyfond.sme.sk/dielo/39/Kalinciak_Basne/22,"Vejú vetry od západu, vejú od východu,
či ti nesú, Slovač moja, štastie, či nehodu?

Čoby niesli šťastie moje, o tom ani snívať:
Zvykla som sa od nečasov na nehodu dívať.

Neboj sa ty, Slovač moja, to tak byť nemôže;
príde junák ocelistý, ten ti odpomôže!

Prišiel junák ocelistý, povedal Slovači:
Jeden človek od nehody ťa zbaviť postačí;

a keď tak chceš, Slovač moja, tu sú prsia moje,
nech strieľajú do nich, ak chcú, tisíc nehôd broje,

nech strieľajú, nech burcujú, čo mňa tam do toho,
prsia moje ocelisté, tak vydržia mnoho.

I strieľali do pŕs jeho slovanské nehody,
No čo? Stojí vždy pevne syn slovenskej slobody.

A tých nehôd našich tisíc iste sa pominie,
ale sláva 
Hurbanova
 nikdy nezahynie.",
https://zlatyfond.sme.sk/dielo/1382/Kellner-Hostinsky_Basne-a-piesne-slovenske/2,"Na Kriváň orol vyletel tatranský,
bystrý a hrdý pozeral z temena
na kraj široký, ďaleký, slovanský,
kde vôkol Tatier Sláva rozložená.
Tri ráz sa napnul strepotal krídlami,
už daraz len ujsť do klenutia neba,
tu razom švihnul, zletel nad skalami,
chvel sa nad Tatrou slobodný sám seba.

Tatro! kúzelných poviedok mohylo,
mnoho ich v chrámoch tvojich sa uvilo.
Poviedky slávske! Kde sú vaše veky,
pre ktoré vás tak čarovne stvorili,
kde sú bojiská, na nich ste pre vdeky
slávne velikých víťazov slávili?

Tatro! synovia tvoji idú k ľudu,
povestným poľom kraje tvoje budú —
lebo syn vekov rozpečatil knihu,
knihu tajomstva svätej zmluvy viery,
teraz vystúpia tvoji bohatieri,
od Tatier k moru, od polnoci k jihu,
od Petrohradu k národom východu
zvestujú život Slovanstva národu.

Pôjdete, bratia, k dobrým božím synom
založiť svety radosti, potechy,
prekliesniť cestu Herkulovým činom
pre velikánske človečenstva veky —
im duchom svätým zvestovať spasenie,
kde slovo zámky zakliate otvorí
a čin záhubné zadusí potvory.
Tatro! neminie ťa tvoje súdenie —
ty si slovanské kolísala deti,
slnko Slovanstva nad tebou zasvieti.

Pôjdete k domom spokojných Slovákov,
kde vás slovenskou láskou privítajú,
zatlčie srdce radosťou rodákov —
neb oni vo vás nádej svú skladajú,
vieru i pomoc lepších, lepších vekov…
Keby vám počítal tých mnoho nárekov,
Tatra by smutnými hučala piesňami,
tie slovenské hory pokryl by slzami.

Išiel by k moru — na brehu počakal,
jemu by žaloval rodu môjho žiale,
ono by vlnami prasklo sa ku skale —
tam by vzbúreným vlnobitím zaplakal…
Tam by zasa nad tichými vodami,
nad nekonečnou velikána hladinou,
na krídlach lásky slávskymi túžbami,
zletel nad božou Slovanstva rodinou! —

Národný chráme! Ty svätyňo svätá,
Slovanstva svätou zostaneš ty s nami,
v teba svitla žiara pravdou rozžatá —
už k tvojim voláš: „I choďte, zvestové,
vo viere, láske a nádeji novej
lipové vence vydobyť skutkami…“

Prešporské spomienky, nikdy nezhyniete…
Neraz si vy, bratia, na Dunaj spomniete,
ver’ k nemu na krídlach holubov zlietnete.
Akže by vám smutno to srdce nebilo,
veď sa vaše žitie s ním už rozlúčilo
Ale si z tej diaľky ešte raz pozriete,
ešte na rozchodnú: „zbohom“ mu poviete.

Keď si ten vetríček poduje horami,
ver’ vás on pozdraví vašimi túžbami,
zaduje po skale, zaduje po lese,
hoc’ aj kde budete, lásku vám donesie.
Ako si slniečko po nebi chodíva,
tak sa láska naša po svete rozplýva…
Ajta, ruku v ruke, Slovanstvo nás spojí,
teraz na rozchodnú: „zbohom“ uspokojí.",
https://zlatyfond.sme.sk/dielo/1382/Kellner-Hostinsky_Basne-a-piesne-slovenske/3,"Už sa od Dunaja orli rozlietajú,
už si po dolinách bystrí pozerajú.
Oni krídla majú a vzletia vysoko,
odtiaľ si pohľadnú ďaleko, široko,
aby svet svoj celý na jednú videli.
Na tatranské skaly prosto zaleteli,
keď hladné jastraby v horách koristili,
keď tie holubičky nevinné trápili
a spevavé vtáčky všetky rozplašili.
Na to si tí orli zletia zo skál dolu,
chránia drahých svojich a liečia od bôľu.

Časy naše časy, nášho žitia krásy,
keď sme boli spolu v roztomilom kolu,
už vás utratíme, ani jak nevieme,
čo s vami stratíme, v náreku nájdeme.
Vy dunajské kraje, vy slovenské hory
i vás sme hľadeli na večerné zory,
i vami spomínali nitrianske Zobory.
Teraz zostávajte zbohom krásne hory!",
https://zlatyfond.sme.sk/dielo/1382/Kellner-Hostinsky_Basne-a-piesne-slovenske/4,"Hej, bratia, vzleťme nad svetom,
po tých Slovanstva krajinách,
jako v tatranských skalinách!
Orli švihnú bystrým letom,
pozrú svete po širokom
i do slnka zhliadnu okom.

Bratia, pusťme sa do letu,
pred nami sú velikány,
čierne chmúry i balvany,
nebotyčné skaly, hory…
Bratia, pusťme sa do letu,
už vychádza blankyt zory.

Slnko zory nad Tatrami!
vzleťme bystrí na svitaní,
rozpnem krídla nad skalami
a pozdravme Všeslaviani.
Nad kolískou Slávy detí
krásne slnko sa už svieti.

Vzleťme, bratia, nad tým svetom,
aj — ešte búrka nad nami,
ešte blystia blesky hromov.
Ale mladosť poprobujme:
hoc’ tá búrka trasie svetom,
hoc’ aj padne hrozným buchom,
my vzlietneme smelým letom,
prerazíme naším duchom.",
https://zlatyfond.sme.sk/dielo/1382/Kellner-Hostinsky_Basne-a-piesne-slovenske/5,"Opadlo lístie hory
               nad Dunajom,
               nad Dunajom,
               nad Dunajom,
smutno bolo, zhasli zory
                    nad tým krajom,
                    nad tým krajom,
                    nad tým krajom.

Lipa Tatry, ktorá krásne
                 rozkvitala,
                 rozkvitala,
                 rozkvitala,
v búrkach, v hromoch pevne stála, —
                           opadala,
                           opadala,
                           opadala.

Kedyže sa nám tá hora
                 zazelená,
                 zazelená,
                 zazelená,
kedy bude kvitnúť lipa
                 opustená,
                 opustená,
                 opustená?

Či nevidíš jak z tých krajov —
                      ku Dunaju,
                      ku Dunaju,
                      ku Dunaju —
sokolovia nad mrakami
              zalietajú,
              zalietajú,
              zalietajú?

Jak od Váhu, ponad Tatry
                   bystrým letom,
                   bystrým letom,
                   bystrým letom —
zletel orol z temných Tatier
                      nado svetom,
                      nado svetom,
                      nado svetom?

Vitaj, veľký Tatry synu,
                   Ľudevíte,
                   Ľudevíte,
                   Ľudevíte —
my vzlietneme v búrkach s Tebou
                          na úsvite,
                          na úsvite,
                          na úsvite.",
https://zlatyfond.sme.sk/dielo/1382/Kellner-Hostinsky_Basne-a-piesne-slovenske/7,"Od hôr ku horám a od mora k moru
národných chrámov hradby sa zdvíhajú,
v prostriedku mora vodou obtočené
stoja ak skaly v ďalekom oboru,
vežami čierne mraky prerážajú.
Vôkol tých hradieb ďaleko — široko,
kde len z ich vŕškov zazrie bystré oko —
veľké Slovanstvo žije rozložené.

Vôkol oltárov národ vyvolený
zasiela piesne lásky s modlitbami:
„Zmiluj sa, bože, zmiluj sa nad nami,
aby sme svätým duchom roznietení
v kostoloch tvojich mohli sláviť teba,
daj nám znamenie z vysokého neba!“

Nebo zablyskne — hromy zachrapčali
a ľudia božiu vôľu uslyšali:
„Vykúp si mater — dostaneš spasenie,
vylož na hradby víťazstva prápory,
ktoré zvestujú sveta vykúpenie
a chrám zakliaty naraz sa otvorí.
Neb’ kliatba tvoja, kliatba je veliká,
teraz sa ona na teba zrútila —
v jednu ťa boží duch sveta zamyká
a druhou kliatbou pohan ťa okoval,
treťou ťa ale nevďak tvoj osnoval
a vlastná vina teba odsúdila.“

Časy minuli, časy preletali
neraz nad hradby svätého kostela
cez dlhé veky hromy zachrapčali —
ale sa na nich zástava nechvela.
Prápor víťazstva nikto nevyloží,
nikto neplní svätý zákon boží
a jeho slovo nikto nerozumie.

Aj po druhý raz pieseň s modlitbami
jak tichý vetrík k nebesiam zašumie:
„Zmiluj sa, bože, zmiluj sa nad nami,
čo máme robiť, aj daj nám znamenie.“
„Vykúp si mater, dostaneš spasenie,
vylož na hradby víťazstva prápory,
kostol skliaty naraz sa otvorí.“
Ach, ale slovu nikto nerozumie,
nikto neplní svätý zákon boží,
prápor víťazstva nikto nevyloží.

Tak mnoho vekov nad hradbou preletí,
národ stonáva v tušení spasenia
a v ťažkých žiaľoch čaká vykúpenia.
Ale z tých túžob predošlých století
povstane ľudu hrdina sľúbený,
on v piesňach jeho i v duchu zrodený,
kliatby tie slovom na veky stroskotá.
Uhádne hádku dávneho tušenia,
prápor na hradbách víťazstvo znamená
a v ňom už piesne zahučia života.

Jak temné hory od zôr k morom hučia
a ich balvany vetry kolísajú,
tak šumom krídel orlov nadtatranských
piesne víťazstva Slovanov zazvučia.
Tak šumom búrky duchov stroskotajú
na veľkom mori národov slovanských
a ducha vekov v jednote rozdujú.",
https://zlatyfond.sme.sk/dielo/1382/Kellner-Hostinsky_Basne-a-piesne-slovenske/9,"Nuž choď pod hradby Tatranskej doline,
vo viere, láske a nádeji novej,
káž duchom svätým Slovenska rodine,
vyzdob’ si vence skutkami lipové.
Keď si ten vetríček poduje horami,
ver’ Ťa on pozdraví mojimi túžbami.",
https://zlatyfond.sme.sk/dielo/1382/Kellner-Hostinsky_Basne-a-piesne-slovenske/12,"Nad valným Dunajom tiché vetry viali,
v javorovej hore sokoli lietali.

Oni si pod horou bystrým švihli letom,
povzniesli sa, smelí, nad tatranským svetom.

Ale valný Dunaj šíre brehy zborí,
zaplaví tie kraje, vyvráti javory.

Keď hromové búrky horou zatriasali,
sokoli sa v jedno stádo spojovali.

Tam oni lietali za záhubnou vodou,
tam horko plakali nad svojou slobodou.

Odtiaľ sa povzniesli v hromoch nad Tatrami,
kde sa uvítali s mladými bratami.

Ej, len sa spoj, Tatro, v objatí s Dunajom,
ver’ nový vek svitne nad slovenským krajom.

Hoj, zahučte vetry: že sa časy vrátia —
ku spáse Slovenska spojení sú bratia!",
https://zlatyfond.sme.sk/dielo/1382/Kellner-Hostinsky_Basne-a-piesne-slovenske/14,"Keby si počul všetky tie víchrice,

čo v mojej duši búrkami lomcujú,
keby si videl všetky blýskavice,
ktoré cez srdce žalostne križujú…
Vtedy ja plakať dumkami prestanem,
keď hory Tatier slzami porosím,
keď si na morské tiché brehy stanem
a stopím túžby, ktoré v prsiach nosím…
Slovensko moje, veľká tvoja rana,
ach, tys’ otrokom maďarského pána!
Či sa mám dívať na tvoju podobu,
dokiaľ ťa diabli nezrútia do hrobu?!
Nie, nie — ja pôjdem za teba do boja,
padnem za tvojich synov, Tatro moja.
Nie, nie — ja pôjdem za teba na vojnu,
za právo žitia, za slobodu rovnú.
Dotiaľ nespustím šabľu z mojej ruky,
dokiaľ nepomstím tvojho žitia muky,
dokiaľ nezotnem zlostných vrahov hlavy,
dokiaľ nevypnem na Tatry zástavy,
v ktorých víťazstva brinkoty zazvučia
a piesne žitia Slovákov zahučia —
a jak v tom chvení šumia vetrov hlasy,
tak budú šumieť Tatry vekov časy!


",
https://zlatyfond.sme.sk/dielo/777/Matuska_Piesne-a-recnovanky/1,"Postoj, mladíku, skloň koleno svoje,
  Svatém na místě stojíš otců vlastných,
Zdeť požívali oni mír pokoje,
  Obětě kládli na oltářích jasných.
    Než tomu dávno! — Oh, zašlá století,
    Jak vás vyvábit do svého objetí!

Daremná tužba, hlas můj se jen tratí
  Pomezi stromky vršku zněmčilého,
Co osud vyrval, již čas snád nevrátí,
  Padli sme, padli, do žití bídného.
    Kochat se nám jest jen v sladké náději:
    I sny jsou milé, krásně když se snějí.

Aj, setři slzu — nezkaleným zrakem
  Popatři vůkol ještě na ty kraje,
Jejichžto sláva čněla nad oblakem,
  Lidem tvořila nadpozemské ráje.
    Věrnému synu toto zpomenutí
    Z kalného oka proud slzí vynutí.

Vidíš ten Dunaj? Patři na ty vlnky,
  Jak se stíhají zmútěné po vodě;
Někdy zde hrály jen lehunké člnky,
  Teď pryč unáší již i parolodě.
    Nespěchej, řeko! Tam v dálce se ztratíš
    A v lůno svojich nikdy se nevrátíš.

Ona jen spěchá, nedbá na má slova, —
  Mne nechá zírat na to smutné pole,
Kde zradně zhasla sláva Slovákova,
  Synové padli do cizí nevole.
    Toť ten Slovenska hrbitov národní,
    Jehož zpomínkou zrak se rozpovodní.

Bídný rolníku, či neznáš své hříchy,
  Když tu svatou zem pluhem přeoráváš?
Zhroz se — ty boříš spánek otců tichý
  A svaté kosti z hrobky vyhrabáváš.
    Odlož ten lemeš a skloň hříšnou nohu,
    Za padlých otců pomodli se Bohu.

Oko se kalí, bolné srdce stoná,
  Že dávných otců nelzeť zbudit k stráži,
Že se zdlouhavě vyzdvíhá opona,
  Za níž den skvělý i náš věk oblaží.
    Kdy se zaskvěješ, žádaný dni zlatý,
    A dáš náhradu veličizné ztráty?

Tam vidím Zobor. Tam se Nitra kryje.
  A toť slovenské vrchy jsou i háje.
Za těmi vršky má rodinka žije
  A sladký nektar z úst národa ssaje.
    Rodinko milá, slyšíš svého syna,
    Jak na tě vroucně k Bohu ruky spíná?

Modlím se za vás, ubozí Slováci!
  Slzy krvavé z mutných očí stírám;
Za rod, jenž cizím pod jarmem krvácí,
  Odtudto často v smutku s bratry zírám.
    Tu se siroty spolu scházívají
    A zašlou slávu kradmo opěvají.",
https://zlatyfond.sme.sk/dielo/777/Matuska_Piesne-a-recnovanky/2,"Sokolíček plavý,
  Splň moju prosbičku,
Pojčaj mi krýdelká
  Na cestu maličkú.

Poletím ja na nich
  K otcovi Kriváňu,
Kde ma túžba ťahá
  V žiaľnom spomínaniu.

K Tatrám starovekým,
  Kde slniečko vzchodí,
Tam sa môjmu srdcu
  Potešenia plodí.

Plodí sa mi, plodí,
  Kde Váh brehy myje,
V smútku o samote
  Moja duša žije.

Nad ŇOU bych si lietal
  Jak zefyrček raní,
Čo lásky nevinnej
  Vždy prekážky straní.

Slávik štebetavý
  Pojčal by mi hlásku,
Ktorým bych opieval
  Našu vrelú lásku.

Tá moja pesnička
  Ta by ju priviedla,
Že by i môj obraz
  Nad postielkou zhliedla.

Videl bych, jak pre mňa
  Tie biele prsička
Hore sa zdvihujú
  Jak z rána zornička.

Počul bych si meno
  Pres tie rtíky zlaté,
Rtíky v poľúbeniu
  V tuhý plameň zňaté.

Keď by rúčky zdvihla,
  Zo sna by precitla,
Po celej jej tvári
  Radosť by rozkvitla.

Žalmy moje, žalmy,
  Zo srdca plynete,
No že tieto sníčky
  V skutočnosť uveďte!",
https://zlatyfond.sme.sk/dielo/777/Matuska_Piesne-a-recnovanky/3,"Preletel sokolík nad tichým Dunajom,
Zaplakalo dievča za svojím šuhajom.
Vyšvihla sa rybka nad tichou vodičkou,
Smutno šuhajkovi za svojou Aničkou.
Dve srdiečka plačú, v slzách sa kúpajú,
Bolestne sa lúčia, že sa neshliadajú.
Tri rôčky minuly, čo sme sa poznali,
Ako matka s deťmi sme sa milovali.
Či čuješ tie hlasy aj shora, aj zdola?
To mňa vlasť strápená do tábora volá.
Milo vernô dievča čisto je milovať,
Ale ešte milšie za národ bojovať.
Srdce je do smrti, ale potom zhnije,
A vlasť život hodný večným vencom zvije.
Ty si len samotná, a tam národ celý —
Vidíš, jak lietajú nad ním divé strely!
Keď sa z boja vrátim, vlasti muky stenčím,
Potom ťa svadobným venčekom ovenčím.
Šuhaj sa odbiera, sadne na koníka,
A milá len plače a boľno si fiká.
Jej plač sa ozieva temno po doline,
Až medzi jedľami docela zahynie.",
https://zlatyfond.sme.sk/dielo/777/Matuska_Piesne-a-recnovanky/5,"Pod Chočom mrholí,
  Daždík poprcháva,
Brat za bratmi plače,
  Túžiť neprestáva.

V boľné srdce jeho
  Viac radosť nestúpi,
Vzdialen od vás vzdychá,
  Pod Lisicou čupí.

Sokola tu nieto,
  Lastovka spí v lese,
Ktože moje túžby
  K Dunaju zanesie?

Po vodičke poslať
  Lístoček belavý —
Bojím sa, že v srieni
  Dakde sa zastaví.

Vetrík, ten sa krúti,
  Sberá s sebou smeti,
Tie počerné hory
  S lístkom nepreletí.

Slza slzu smýva,
  Na srdci mám mnoho —
Kohože vypravím
  K vám, vy bratia, koho?

Keď sa búrky zídu
  A strela zaskučí,
Oddám túžby mračnám,
  Vám ich hrom doručí.

Na smutnej Orave
  Húsky sa kúpajú,
Volám na ne: Šura!
  Ohlas mi nedajú.

Odkiaľ ste, šuričky,
  Odkiaľ priletely?
Či ste mojej húsky
  Dakde nevidely?

Ver ste ju videly
  Tam za Chočom v žiali —
Čo ste ju so sebou,
  Kľampy, nepojaly?

Príde búrka v lete
  Od poludnej strany —
Ktože moju húsku
  Vezme do ochrany?

Pokiaľ kŕdlik celý,
  Jastrab vás nezraní,
Ale jedna húska —
  Tá sa neobráni.

Dobre vám, husičky,
  Kým spolu chodíte —
Keď sa rozpŕchnete,
  Krýdelká zvesíte.",
https://zlatyfond.sme.sk/dielo/777/Matuska_Piesne-a-recnovanky/6,"Po dolinách kvákajú havrany!
Pane Bože, čože bude s nami?
  Tajné šumy popod skaly
    Čudno zaznievajú —
  Strašlivá sa povesť valí
    Po slovenskom kraju.

Ponad Tatru krkavce lietajú,
Holubičky jedom napájajú.
  Poďme, bratia, berme zbroje,
    Že ich vyhladíme!
  Hájme naše, bráňme svoje,
    Tatru očistíme.

Pre krkavcov nový strach sa budí,
Nielen vtákov, kazia už i ľudí.
  Nuž tak poďme! Preč ich, bratia,
    Ta na močariny!
  Tatra skvitne, keď sa ztratia
    Z povážskej doliny.",
https://zlatyfond.sme.sk/dielo/777/Matuska_Piesne-a-recnovanky/8,"Už mesiačik zbledol,
  Hviezda sa ztemnila,
Očká celkom vyschly,
  Hlávka sa sklonila.

Zakvitá ľalia
  Niže nášho domu,
Čo mi je z ľalie —
  Nemám hu dať komu.

Odtrhnem rozmajrín,
  Dám ho do skleničky,
Čo mi z rozmajrína,
  Keď tu niet Žofičky.

Odišla za hory,
  Kde vodička tichá,
Darmo túžim za ňou,
  Darmo srdce vzdychá.

Už i tie vtáčatká
  Len málo spievajú,
Ešte za ňou všetky
  V smútku vyzdychajú.

Príďže skoro zpátkom,
  Žofinka zlatúška,
Veru ti dač dobruo
  Pošepnem do uška.",
https://zlatyfond.sme.sk/dielo/777/Matuska_Piesne-a-recnovanky/9,"Jasný mesiac tmavý oblak plaší,
  Vietor divý, zuzden nocou, stojí,
Ticho všade! — — Moje srdce v boji,
  Mysliac na Ťa, vo mne samopaší.

Ty už driemkaš, poklade najdražší —
  Nuž spi, drahá, v úplnom pokoji,
Moja láska nech Ťa vo snách kojí,
  Duch môj slabý ku Tebe sa vznáší.

Dobrú noc Ti, zlatušká Žofička,
  Moje túžby, srdca môjho žiale
Vinšujú Ti spokojného sníčka!
  Nuž dobrú noc, spi tíše, má milá!
    Lásky neznáš? — Bodajs nenadále
  Prekvapená aspoň o nej snila!",
https://zlatyfond.sme.sk/dielo/777/Matuska_Piesne-a-recnovanky/11,"Povedajú ženy,
  Povedajú chlapi,
Že som lebo chorý,
  Lebo ma dač trápi.

Hlávka ma nebolí,
  Krú mi ide zticha —
Len tu pri srdiečku
  Tak ma dačô pichá.

Užíval som lieky,
  Že sa nemoc ztratí —
Lieky sa daromné,
  Vždy sa ona vráti.

Pri tej tichej vode
  Jahoda dozrieva,
Za tou utrápenô
  Srdiečko omdlieva.

Jahôdka červená,
  Milá vôňa Tvoja,
Kým ťa nedostanem,
  Niet vo mne pokoja.",
https://zlatyfond.sme.sk/dielo/777/Matuska_Piesne-a-recnovanky/12,"Dáždik sa leje, múti sa Orava,
  Rybky sa kryjú pod skaly,
Muška v povetrí žiadna si nepláva,
  Sťa kej všetky vyzdychaly.
Daždíčku, zmierni tie prudké krupäje,
Veď nám po poli všetko zbožie zleje.

Prší — a vietor kvapky rozhadzuje,
  Po zámku zticha padajú,
Skalka za skalkou s vrchu odpaduje,
  Schody mochom zarastajú.
Pamiatky otcov po skalách vyryté
Už sa pľušťami skoro celkom smyté.

Hrade náš, hrade! Kde sú tvoji ľudia,
  Čo ti tak tvrdo vystlali?
Spia nocou večnou, viacej sa nezbudia,
  Zmizli — sťa kej nebývali.
Kde sú ich hroby? Nik sa nedopýta,
Bárs radom všetky skalôčky prečíta.

Povedz nám, hrade, aké tvoje časy?
  Musels byť iste zakliaty — —
Kde sú princovia? Nikto sa nehlási,
  Darmo hľadať tvoj kľúč zlatý!
Kto ťa vykúpil? Dobrý Pánboh ho vie —
Tie tajné báje nik nám nerozpovie.

Tak sa napínaš nad mutnou Oravou,
  Sťa matka nad chorým synom.
Ľúto ti ozaj za odletlou slávou?
  Shovej — veďs v lone rodinnom.
Bárs si ťa cudzí máličko všímajú,
Lež vlastné deti zhynúť ti nedajú.

Čudno to ide medzi tými páni,
  Čo len píšu sťa z potreby:
Oni za chvilku na bársakej pláni
  Zámky vytiahnu až k nebi;
A hodnoverné predošlosti sklady
Sťa zakopané plesnejú poklady.

Sem sa, ľudkovia, medzi dumné hory,
  Klopajte na tajnú bránu —
Tu váš duch chtivý povesti vytvorí,
  Až vám vlasy dubkom vstanú!
Z prachu víťazov, bárs od tisícletia,
Dajaké orly ešte preds vyletia.

Predtisícletý z druhej časov vrstvy
  Už si stál, hrade, v výšave,
Pod Slavomírom už víťazi črství
  Boli dosť chýrni v Orave,
V tvojom temeni z medených pohárov
Zdravkávalo sa tu ku pocte Templárov.

Kdeže je Donča divá ruka skrytá,
  Čo vlastňú ženu zpotvoril?
Kde leží tvrdô srdce Hipolita,
  Čo si dcérečku umoril?
Kde sú Husítov ohlasy žalmovje,
Kde sú ich trúby — ktože nám rozpovie?

Ako včeličke jeden lístok malý,
  Keď je víchrica, osoží,
Tak i tu neraz prítulku dostali
  Na cestách poľskí veľmoži.
Krmil si cudzích, prijals ich pod strechu,
Pre svoje dobro padols do posmechu.

Kde tá dušička, čo krásou anjela
  Múry kláštorské premôhla,
Čistým srdiečkom zvíťaziť vedela,
  Kde zbožnosť ducha nemôhla.
Thurza, Barbaru kryjú hrobné skaly,
Iskry z ich činov len kde tu zostaly.

Hrade, tys obraz naozaj Slováka —
  Zpotvorené tvoje brány!
Slúchal si Čecha, Maďara, Poliaka,
  Slezákas choval s Taljany.
Kým si bol v sláve, s tebou fačkovali,
Teraz zbiednený všetci zanehali.

Bárs ošarpaný, ale nies sirota,
  Ešte skala pevne stojí —
V tvojom vrchovci hviezda sa ligotá,
  Tá srdiečko upokojí.
Nech si polmŕtvy — keď ti tá zasvieti,
Duch tvoj zmorený hen k nebu vyletí.",
https://zlatyfond.sme.sk/dielo/777/Matuska_Piesne-a-recnovanky/14,"Holús, holús! Poďte, holubičky,
  Poďte ko mne troška dolu,
Najedzte sa tu s mojej ručičky,
  Veď sa my už známe spolu.
    Keď si žltej pšeničky
    S mojej prajnej ručičky
      Pozobkáte,
Zas sa potom, holubinky, v letky dáte.

Holús, holús! Poletíte v háje
  Ponad vršky, ponad dolinky,
Všade sa vám otvorené kraje,
  Všade máte dobré rodinky.
    Ako treba jedlá variť,
    Ak sa musí človek pariť,
      Vy neznáte —
Predsa všade pripravené stoly máte.

Ach, ja niesom natoľko šťastlivá,
  Ja nemávam také sviatky —
Moja radosť to najmilšia býva,
  Keď si zájdem do záhradky:
    A tam medzi kvietočkami
    Prepletajúc nožičkami,
      Radosť mávam,
Tam za zdravie Pánu Bohu chválu vzdávam.

Holús, holús! Lietaš si veselo —
  Tie krýdelká kej ja mala,
Ba keby vás nebolelo,
  Hneď bych vám ich odrezala!
    Pripla by ich v oba bôčky,
    Lietala bych za tri rôčky
      Po slobode,
Lietala bych ponad háje k čistej vode.

Darmo som sa, darmo, radovala,
  Nemôže sa to nikdy stať,
Ale inšô bych si vinšovala,
  Ach, to kebych mohla dostať:
    Len vašu lásku, čistotu,
    Bez hnevu tichú dobrotu,
      To kej mala —
Potom bych sa za šťastlivú pokladala!",
https://zlatyfond.sme.sk/dielo/777/Matuska_Piesne-a-recnovanky/17,"Ach, vy hory, čierne hory,
Šum váš tajné báje tvorí;
  Nad vami sa slnko smeje —
  A vy spíte bez nádeje!

Ach, vy háje, tmavé háje,
Ktorým túžbam dych váš praje?
  Nad vami vták v prudkom lete,
  Lež vy v kliatbe nečujete!

Ach, vy rieky, Tatry rieky,
Strápených sŕdc voľné lieky —
  Hojte rany, krieste sily,
  Zmite rod váš zhanobilý!

Ach, vy skaly, dumné skaly,
Nad vami sa búrka valí!
  Čo vám po tom vo vás zlate,
  Keď sa predsa nehýbate?

Čierne hory, dumné háje,
Kto vás z poroby odkľaje?
  Všetko kvitne kvetom novým —
  Len žiaľ poľom Slovákovým.",
https://zlatyfond.sme.sk/dielo/1715/Herz_Ked-hviezdy-vzplanu-nam/1,"Osemnásť rokov sna a zabúdania.
Osemnásť rokov v krvi páli, páli,
Májové úsmevy; bozky slzou rania,
Ťažko je zabudnúť, že sny už opršali.

Osemnásť rokov ľúbi vôňu mája,
Osemnásť rokov rty má na bozk lačné.
Z plnosti rozkvetu jar nám život krája,
Roky sa prelejú a život bolieť začne.",
https://zlatyfond.sme.sk/dielo/1715/Herz_Ked-hviezdy-vzplanu-nam/4,"Zakvitnutá mladá jabloň.
Voňavý chládok, omamný dych,
Lupene kvetov spŕchnuté na zem tvrdú,
Listy sfúknuté meluzínou časnej jesene.
Holé, prosiace konáre.

Modré vrchy.
Akosi blízko, a predsa tak ďaleko,
Nemožno ich dosiahnuť,
Ach, aké je krásne môcť a nedosiahnuť cieľa.
Vrchy sú ďalej a modrejšie.",
https://zlatyfond.sme.sk/dielo/1715/Herz_Ked-hviezdy-vzplanu-nam/5,"Príďte dnes večer ku mne na hostinu
Noc bude jasná Nebo bezoblačné
Budem vám rozprávať ako sa časy minú
Ako sa umiera keď život páliť začne

Príďte dnes večer ku mne na hostinu
Bude to zvláštne Bude to naposledy
Tichučko tíško posledné chvíle plynú
Chcem vám dať zbohom Ako? Kedy?",
https://zlatyfond.sme.sk/dielo/1715/Herz_Ked-hviezdy-vzplanu-nam/11,"Tak teplé čosi srdcom previalo mi,
pozvanie jari v bájnom prebúdzaní;
 sa rozosmialo nebo, plesá, stromy
nám kvety sypú do vyschnutých dlaní.

Daj líca zľúbať vánku večernému,
podaj mi ruku, časom nedotknutá.
Ty so mnou cítiš radosť moju nemú,
nech jarné kvety Múzou svojou zvú Ťa.

Po boku Tvojom kráčať ľahko je mi
záhradou divnou, v ktorej láska kvitne,
a plakať, smiať sa, spievať hymnu zemi,
tak kráčať s Tebou v divom, žhavom rytme.

Cesta je dlhá, nekonečná v žití…
Ty musíš odísť, svet má ústa lačné.
Človek sa jari nikdy nenasýti,
zšedivieť musí nebo bezoblačné.

Sám stojím smutný na končiari holom,
deň jeden zase tíško, tíško hasne…
Bol som len chvíľu jari apoštolom,
a žiť v tej chvíli bolo také krásne.",
https://zlatyfond.sme.sk/dielo/1715/Herz_Ked-hviezdy-vzplanu-nam/15,"Na brehu Tvojom plakal som v radosti
na brehu Tvojom žiaľ v slzách som utápal
počul Ťa vo speve a videl Ťa na kare
v žeravom uhlíku svietil si na cestu
na vlnách búrlivých zbieral som trofeje
na srdci choval som planúce kométy
spev škovránka včaril som do studenej skaly
brechot psov povzniesol nad pieseň anjela
vliekol cit za sebou Stratený v prachu som

Na ruky písal som severské balady
s víťazným oblúkom plavil sa po mori
čakal som premenu v nadzemskej milosti
miešal som do Teba nedozretú lož
vtrhol som do mieru a delá hučali
s pekelnou rozkošou ničil som nádeje
strhával z oblohy panenské ideály
so štítom nad hlavou s nenávisťou v hrudi
šliapal som po Tebe Nechcel som Ťa počuť

Teraz keď unikáš v pomníku staroby
stojím ja nad Tebou v rúchu kajúcnika
vyschol Ti život už na pleciach máš rany
niesol si bezbožnosť s milosťou pospolu
Ja neviem nájsť slovo musíš sa navracať
vteliť sa do syna a slúžiť zase haute
však ľúbosť Ťa nevzkriesi na poli víťazstva
vyschol Ti život už a vsiakol do Nového

Na rove Tvojom plačem a spievam uvítanku
chválim Ťa do smrti a žehnám Tvojmu menu
za zvuku novosti po opojnom tanci
zabudnem na Teba a uvítam Rok Nový",
https://zlatyfond.sme.sk/dielo/4068/Menkina_Spievane-po-polnoci/1,"Horím a krv penením
mi kypí viac a viac.
A už aj snívam a čuším,
či iný sa ja vrátim nevraviac.

Kraj cudzejší to od Ázie.
Červiak horúčky schúlený
na udici srdca sa trasie,
by privábil trochu krásy.

A už aj prichádza všetko,
čo splnené nikdy nemohlo byť.
A už previesť môžem všetko,
nemožné s možným zasľúbiť.

Nad kúskom bláznivého šťastia
pije rybár svoj oldomáš.
Čas horúčkou noci po tvári kvapká
ružencom sĺz, večný otčenáš.

Nad popolom vidín ohňostroja
chorý úsmev, krivý zavládol.
Že šváby na tanec dakde sa stroja,
ja v bezesní som uhádol.

A pôjde to znova, ako vždycky,
biedu dňa, biedou dňa zalátam.
Nad čiernou kávou v Grande
života biedu raz porátam.",
https://zlatyfond.sme.sk/dielo/4068/Menkina_Spievane-po-polnoci/6,"Zle je, už je zasa zle.
Čert vie čo som vyviedol.
Peniaze, všetko dakde v hmle,
i ženy, ktoré som nesviedol.

Z biedy môjho brlohu
nevyjdem ja, nie ja veru.
Zdá sa, že Rimbaudove
vši slávne ma zožerú.

Keď ma i pre neporiadnosť iste
z mesta môjho vyženú,
prvému psovi srdce moje čisté
ja pohodím zo sympatie k obedu.

Bez srdca smutno mi nebude,
nevládzu už plakať rodičia.
Na cestu tvrdú, neláskavú
topánky mi Novomeský požičia.",
https://zlatyfond.sme.sk/dielo/4068/Menkina_Spievane-po-polnoci/7,"Lavína sa odvalila,
ratujte si životy.
Europa sa skrvavila,
zafŕkaný si i ty.

Kliatba stará zahryzla
jej do stehien.
O slávu sa modlí
črieda hyen.

K porodu sa chystá
tá vycicaná chudera.
Čo porodí, nie je istá —
Synov tisíce jej umiera.

Životom tak prijde
pravdu akú’s zaplatiť.
Čas vždy dajak ujde.
Hlavu hore! Nesmútiť.",
https://zlatyfond.sme.sk/dielo/4068/Menkina_Spievane-po-polnoci/11,"Si krutá v pýche, i sladká si.
Túha plamenná srdce moje svíja.
Mňa hrôza k tebe vábi akási,
ty zlatohlavá moja zmija.

Keď hudba rukou priesvitnou
pohľad tvoj hadí pohladí,
miernou, krotkou si mi laňou,
pohyb tvoj to každý prezradí.

A žiadostivosť citu nad priepasťou
visí pekelných tých vášní.
Sladkou, diabolskou si pasťou.
Tým hadím objatím plameň môj zhasni.

Si krutá v pýche, i sladká si,
túha plamenná srdce moje svíja.
Mňa tancom tým očarila si,
ty zlatohlavá moja zmija.",
https://zlatyfond.sme.sk/dielo/16/Sladkovic_Detvan/1,"Vo víchriciach žitia, v tvrdých časov boji,
ten ľud náš pozrime, vrstovníci moji!
Veky nám uchytia tie svitania žiare,
zmiznú — ako v dyme obeť na oltáre.

Ako obeť stlejú — bodaj by len stleli!
aby sme svet nový, vek slávy videli:
lež dúhu nádeju ktože z nás neľúbi?
a let sokolový a zelené duby?

a drumble dievčej žiaľ a spevavé pole,
a jarú družinu a nebové hole,
a voľnú svetlú diaľ a mohutné sily,
a tichú dedinu by sme neľúbili?

Oj, veď každá krása len chvíľočku žije,
a sladká hodina len jeden raz bije;
krásy krás boja sa, čas času sa bojí:
v slovenské doliny so mnou, bratia moji!",
https://zlatyfond.sme.sk/dielo/17/Sladkovic_Marina/1,"Keď sa lístoky tieto rozvinú
    pred tebou v chvíľkach pokoja,
pozdrav mi, krásna, moju Marínu,
    veď je ona družka tvoja:
Objím ju, krásnomladá je ona,
dcérka je nášho šumného Hrona,
    Slovenka je ľúbohlasná:
Objím ju, a keď v tomto objatí
duša jej v tvojej duši sa stratí,
    i na mňa si spomeň, krásna!",
https://zlatyfond.sme.sk/dielo/147/Sladkovic_Kratsie-basne/28,"Morava smúti, mlčí Morava,
vody jej nemo sa valia,
a predsa prúd jej čosi rozpráva
a odpoveď je šum skália.
Kde živé mlčí slovo človeka,
tam nemá musí hovoriť rieka,
kde duch nie, odpovie skala;
kde dejín sveta anjel zazvonil,
bárs sa on v vekov mlčania sklonil,
príroda mlčať prestala.

Oj, ako divno vetry tie vejú
ponad smutné tieto vlahy!
Či ony nesú novú nádeju?
Či to ohlasy výstrahy? —
Pred duše mojej vrelej očima
tôň sa dákychsi záľaha zdýma:
blud, či nešťastia to tôňa? —
Hľa, tam v tých parách Velehrad zdá sa,
tam Devín, Hostýn srdcom zatriasa,
tam Nitry svätej opona!

Tej smutnej vody divá nemota,
minulých to obrazy dňov:
a bied prítomných strašlivá slota,
strašný predmet týchto tieňov. —
Zrak svoj tam obráť ku hviezdnym stranám,
balzam mohutný osudov ranám
čakaj z boha, čakaj zhora! —
On v hromoch ohňov blaženstvo blýska,
keď plemä zemské tvrdo utíska
pohanská tá Kykymora! —

Tieň je to strašný: zrada zbojcova
v trón slávny seká pazúry;
hlas vetrov strašný: stonba slepcova,
pút brinkot — a šum purpury;
úkaz to strašný: zrodiť si slávu,
zrodiť tiež vadu a zlosť trojhlavú,
na blesk svoj zahuckať časy;
zjavisko hrozné: v búrach rozbrojov
brat brata krvou zašpliechať svojou,
zbiť slávu v svoje zápasy!



",new
https://zlatyfond.sme.sk/dielo/147/Sladkovic_Kratsie-basne/29,"Čo to za slza v slovenskom oku?
Čo tá pred Bohom žaloba?
Hádam súdená v časov potoku
rodinám našim poroba? —
Ľúbosť nespieva na brehoch Hrona,
zamĺkla pieseň veselá,
kvíľba sa ako hučanie zvona
nad rodom celým prestrela.

Hoj, bratia! strašnú spieval bych pieseň
o zlobe vrahov národa;
ale nežiada kliatbu a tieseň
duchov slovenských sloboda.
Spieval bych sväté otčiny žiale;
lež načo slabé kvílenie?
Keď spráchnivejú synov koštiale,
duch dá otčine spasenie.

Či mám dať strunám môjho varyta
mátožných strachov trasenie?
Či radosť hlásiť, že nám už svitá
po tmách storočných vzkriesenie?
Či mám cit v túžbe prázdnej zanoriť,
čo sama sebou umiera? —
Nie, bratia! našu slávu utvoriť
musí rozumnosť a viera.

Čo sa ľakáte zlata štrngotu
v truhliciach zradcov národa?
Či sa cvendžania mečov a hrotu
ľakala otcov sloboda?
Čo má so zlatom veľkosť svedomia?
Čo ľúbosť k rodu s panštinou?
V lone veľkosti sily sa lomia,
s trpkou moc rastie hodinou.

Nech si má sok náš kus týchto časov,
daných mu, by mal čo stratiť;
čo nám má slávnou zostať okrasou,
dvojne nám musí navrátiť:
„Veríte v Boha, aj vo mňa verte!“
Tak hlasom ľudským Boh volá;
len si poklady ducha zoberte,
duch mocný peklu odolá. —

Nekvitne veru národov sláva
z násilia, kriku, hmotnosti;
národ z národa svojho povstáva,
večné sa rodí z večnosti.
Čo vzniklo ako blesk meteora,
tomu smrť určia hodiny;
pomaly vstáva z dejinstva mora
mohutný život vidiny. —

S nadšením pekným spieva hlas Kóny
o divnom štíte Fingala:
Slovanských bardov posvätné tóny
budú myšlienky pochvala.
Voľnosť hľadali zapadlé doby,
voľnosť tá bila národy;
ale v Slovanstve z temníc poroby
svitne deň ducha slobody.

Svet, čo vo vekoch minulých zhasol,
choval sebectva nádoby;
ale zásada slovanských časov
zaprenie vlastnej osoby:
vlastnenec verný sám seba zruší
a žije vlasti jedine,
otčinu nájde vo svojej duši
a dušu svoju v otčine.

Čo to za slza v slovenskom oku?
Čo tá pred Bohom žaloba?
Či snáď vlasť naša v svojom pokroku
je Danaidok nádoba?
Či snáď víťazstvo chceme bez boja?
Či žať prv, než by sme siali?
Či chceme pokoj bez nepokoja?
Či bez zásluhy pochvaly?

Pravda je u nás poklad jediný,
duch pravdy hradba storaká;
žiadny surovec ľúbosť dediny
nevymkne z prsov Slováka.
Bratia! keď máme ľúbosť a vieru,
v božskosti pravdy nádeju:
strhneme slepcom z očí zásteru,
v svetle slzy ich zalejú.",new
https://zlatyfond.sme.sk/dielo/147/Sladkovic_Kratsie-basne/30,"Či spev slávičí Tatrou zavieva?
Či škriváň slávi svit rána? —
Sladkosť slávičia v hlasoch tých spieva
ale proroctvo škriváňa:
Nespievaš vojny, otčina moja!
nespievaš dejín obrazy:
spievaš nádejné žiale pokoja,
mladistvých duší výrazy.

Z rozvalín Nitry časom len veje
tiché slávnych dní šeptanie;
zavialo otcov posvätné deje
osudov smutných zdúvanie:
nesvornosť bratov, spolky dôverné,
otčina, teba zhanbili:
slabosť tá zdvihla hordy neverné,
a teba zradci zdrapili.

Veď aj keď blúdi, ešte je milý
letov vysokých mládenec,
veď aj v sne drahej obraz spanilý
vrelo objíma milenec:
ale keď spieva syn tvoj nadchnutý,
otčina, Bohom mi daná,
ľúbosť mu z duše ohlasy núti,
nie mysle chladná fatamorgána.

V zorách večerných horiacej slávy
tešia sa zbledlé národy,
a tône voľnej rabstva ohavy
držia za duchov slobody:
ty žiješ, pekná moja otčina,
v citov mladistvých priestore,
v nádejach tvojich duch Hospodina
a v spevoch tvojich svitania zore.

Slovenka spieva, útlučká deva,
ohlasy nežnej ľúbosti,
ale duch spevov tých sa prelieva
v mohutné Slovana kosti:
ľúbosť tá z útlych ňadier sa tisne,
k Tatrám sa sto ráz udiera,
od Krkonošov k Donu zablysne,
od Dubrovníka k uhlu severa:

A hlasom tichým chladnosť preborí,
ozve sa v dušiach pol sveta,
a nezadusným blčaním horí
plameň ten — svetov osveta; —
a hlas ten tisíc hlasov utvorí
v priestorách slavianskych rodín,
a žalm ten prijme, žalm ten pokory,
ku poctám svojim svätý Hospodin.",new
https://zlatyfond.sme.sk/dielo/147/Sladkovic_Kratsie-basne/36,"Chlapci, na Hron,
na Hron stuhnutý!
Tavon, tavon!
Ľad je na siahu vydutý;
naň smelo, bárs dvesto,
zdrží celé mesto:
      ale kto sa od družiny
      na sto krokov vzdiali,
      zhynie podľa svojej viny,
      keď sa pod ním ľad prevalí.

Chlapci, na Hron!
Na Hron opútaný
volá nás mladosti zvon!
Od Hôľ strany
bystré, šumné vetry vejú,
nechajme chyžné záduchy:
chlap, kto sa zime protiví,
slabúch, kto za prsty dúcha!
      Ale kto sa prechladí,
      nech sa potom nevadí,
      keď ho kašeľ schytí divý,
      alebo mať vybúcha!

Pripni si, kto máš korčule,
ruku v ruke, sťa by gule!
sem-tam, krížom-krážom
po slovenskom Hrone našom,
ako strela,
by pozdĺž letela! —
Bystrá, smelá je mladosť
na ľadoch osudov:
      ale kto sa obratne
      neskrútne, nezastaví,
      zľakne sa a ostatne
      dol’ sa skrochmelí,
      nos dokrvaví:
      tomu sa, koľko len chcejú,
      vysmejú
      chlapci smelí. —

Kto vyskočí,
čo sa nepotočí? —
Kto na jednej nohe zastane,
čo nepadne? —
Na preteky k druhej strane!
      Ten uvädne, prv než kvitol,
      kto spôsobnosť mysle, citov,
      zmyslov, údov
      lenivosťou chudou
      zakryje, zabije:
      ale kto sa v nebezpečnej chvíli
      v sile svojej nepomýli —
      nech žije, nech žije! —

Sladko je lietať po hladkom ľade,
sladko žiť v klzkých radostiach,
ale nezabudni sa!
Múdry prelietne bezpečne všade,
surový v hlave, netrebný v kostiach
padne, raní sa.
      Strašné má život prielupy,
      kde je jama
      pod nohama,
      nehľadí hlúpy:
      hup! zmizne sveta podobe —
      Oj, žiaľ po šuhajci mladom,
      že zhynul pod Hrona ľadom —
      alebo vo sveta hrobe! —

No, domov, chlapci, druhovia!
Radosť sa nechce zostarať,
páni sme radostí, ale nie sluhovia,
už deň sa ide zatvárať!
      Život má aj prísne strany,
      práce a zábavy — dve mramorné brány. —
      Ha, počujete mraku zvon?
      K svätým myšlienkam volá on,
      volá večnosť hlasom hromov:
      domov, domov, domov, domov! —
      Dobre sa maj, strieborný Hron!",new 11
https://zlatyfond.sme.sk/dielo/39/Kalinciak_Basne/25,"Keď na nás ty voláš,
tu synov svojich máš,
vlasť naša!
Slovensko, sláva ti!
Žiaľ tvoj sa ukráti,
keď hlas tvoj u brata
sa roznáša.

Tam, kde Tatier bralo
záštity nedalo,
boh ťa chráni:
Jak skaly stojíme,
striel sa nebojíme
a v boji veríme
na zdar zbrani.

Voľnosť na vše časy!
Tak sa naše hlasy
ozývajú:
Voľný kto umrieť zná,
bôľ smrti nepozná,
keď čas nastúpiť má
podstúpiť ju.

No kde zas po boji
velebný pristrojí
nám pokoj chrám:
Tam neznáme boja,
len žertvy pokoja,
čo boľasti hoja
vlasti i nám.


",new
https://zlatyfond.sme.sk/dielo/39/Kalinciak_Basne/28,"Ach, keby došiel môj milý,
prišiel on dávno, môj známy!
Zbozkávala by mu líca,
hoc vlčou krvou kypiace.
Uchytila by mu ruku,
hoc i hadmi obtočenú.
Keby mali vetry rozum,
znal hovoriť vetrík jari,
povesť nosil a donášal,
chýr by niesol a doniesol
dvojím ľuďom, čo sa ľúbia.
Nežiadam ja rozkoš kniežat,
nebažím po kňazských hodoch,
ja nedám za ne milého,
v lete čo som ho získala,
v zime si ho pokorila.",
https://zlatyfond.sme.sk/dielo/39/Kalinciak_Basne/30,"Víno pije Dojčín Petor, varadínsky bán;
prepil tristo on dukátov za jediný deň,
k tomu ešte vranka koňa, zlatý budzogáň;
pokarhal ho kráľ Matiáš, krajiny to pán:
„Boh ťa ubil, Petor Dojčín, varadínsky bán!
Mohols’ prepiť tie dukáty za jediný deň,
ale načo vranka koňa, zlatý budzogáň?“
No hovorí Dojčín Petor, varadínsky bán:
„Nekarhaj ma, kráľ Matiáš, našej krajny pán;
kebys’ ty bol v krčme býval, v ktorej pil som ja,
i bols’ ľúbil krčmárôčku, ktorú ľúbim ja,
bol bys’ prepil Pešť, mesto i zámok Budín sám.“",
https://zlatyfond.sme.sk/dielo/39/Kalinciak_Basne/32,"Verte mi, nikdy
nechodia bohovia,
nikdy sami.
Keď mi veselý Bakchus na um zíde
hneď k nemu čerstvý chlapec Amor príde,
Phöbus ligotný tiež zjaví sa mi.
    Blíži sa, prichádza
    nebeských synov zbor,
    bohmi sa naplní
    môj pozemský pitvor.
Jak zemerodý
Ja — vás neba deti —
mám uhostiť?
Bo čože smrteľný ja vám môžem dať?
Poďte radšej vy mňa hor’ k olympu vziať! —
Pozvoľte mi s vami večne žiť!
    Rozkoš tú znajú len
    Jupitera stany;
    dajte mi naplniť
    tiež nektáru džbány!
Daj, nebe, pohár!
Nalievaj pevcovi
len diaľ a diaľ!
I poros mu oči nebeským mokom,
by zlopovestný Styx neuzrel okom
i sa za rovného nám bohom mal.
    Pení sa a perlí
    nektáru mok čistý,
    v prsiach to utíchne,
    oko sa rozblyští.",
https://zlatyfond.sme.sk/dielo/39/Kalinciak_Basne/33,"Bolo to v hlbokom polnočnom čase,
kde som pozerával na tváre vaše,
vy moje deti, a krížom som vás žehnával,
aby vám vždy požehnania dával
    prstom svojím všemohúci Boh.

Bolo mi dobre, tak sladko na duši,
že váš detský pokoj nič, nič neruší,
že vaša duša je dobrá a čistá
i že nepríde žitia doba hmlistá
    na vás, vy bezstarostné deti.

Teraz prichádzame zas — všade tma hustá,
niet v izbe žitia viac; posteľ je pustá;
lampy pred obrazom už zahasol svet…
Mne je clivo tak… mojich malých už niet!
    A srdcu tak bôľno, tak ľúto.

Ó deti, v hlboký polonočný čas
modlite sa zaň, čo modlil sa za vás!
Zaň, čo vás vždy v noci krížom žehnával,
aby mu tiež vždy požehnania dával
    prstom svojim všemohúci boh.",
https://zlatyfond.sme.sk/dielo/1715/Herz_Ked-hviezdy-vzplanu-nam/16,"Čas vyhrýzol mi pery
a lásku vycedil
za kameň múdrosti.

Položím hlavu si
na vankúš kovový
a snívať budem šťastný
o nových vekoch krvi,
ktorá sa nezaprie.

Plameň raz ešte vyšľahne
a zžierať bude srdce,
ktoré mi v bojoch zatvrdlo
na hladkú, lesklú oceľ.

Budem raz ešte živý
a potom zase umriem,
lebo mi srdce vycedí
tú poslednú kvapku lásky
na kameň múdrosti.",no entity
https://zlatyfond.sme.sk/dielo/1715/Herz_Ked-hviezdy-vzplanu-nam/18,"Ni vzdychnúť sme si nestačili,
a jeseň prišla už.

Pár žltých listov na orechu
jak pečať sĺz a mdlého smiechu
leta,
ktoré nedozrelo.

Mám ešte svoje zachmúrené čelo
i ruky
i prsia chudé.

A jeseň, ktorá ešte stokrát bude,
ma nájde v srdciach splesnivených tiel.

Ó, verte, umrieť nemôže
ten, ktorý nedozrel.",no entity
https://zlatyfond.sme.sk/dielo/1715/Herz_Ked-hviezdy-vzplanu-nam/17,"Tisíc slov som našiel v Tvojom rozkvete
tisíc slov a jedno bolo z kameňa
Tisíc slov sa roztúlalo po svete
Tisíc slov a jedna nádej stratená

Tisíc snov som sníval v Tvojej premene
tisíc snov a jeden šepkal o žití
Sny tie boli iným očiam zverené
život za hrsť nových bôľov hodí Ti

Tisíc slov som našiel v Tvojom rozkvete
tisíc slov a všetko bolo iba klam
Tisíc slov sa roztúlalo po svete
Tisíc slov a ja som ostal zase sám

Rozprávky som slúchal v Tvojom objatí
rozprávky a jedna bola z kremeňa
Putujeme ďalej ďalej bez mena
Ozvena ich po rokoch sa roztratí",no entity