text,title,url

"Nam strzelać nie kazano. - Wstąpiłem na działo
I spójrzałem na pole; dwieście armat grzmiało.
Artyleryi ruskiej ciągną się szeregi,
Prosto, długo, daleko, jako morza brzegi;
I widziałem ich wodza: przybiegł, mieczem skinął
I jak ptak jedno skrzydło wojska swego zwinął;
Wylewa się spod skrzydła ściśniona piechota
Długą czarną kolumną, jako lawa błota,
Nasypana iskrami bagnetów. Jak sępy
Czarne chorągwie na śmierć prowadzą zastępy.
Przeciw nim sterczy biała, wąska, zaostrzona,
Jak głaz bodzący morze, reduta Ordona. 
Sześć tylko miała armat; wciąż dymią i świecą;
I nie tyle prędkich słów gniewne usta miecą,
Nie tyle przejdzie uczuć przez duszę w rozpaczy,
Ile z tych dział leciało bomb, kul i kartaczy.
Patrz, tam granat w sam środek kolumny się nurza,
Jak w fale bryła lawy, pułk dymem zachmurza;
Pęka śród dymu granat, szyk pod niebo leci
I ogromna łysina śród kolumny świeci.
Tam kula, lecąc, z dala grozi, szumi, wyje.
Ryczy jak byk przed bitwą, miota się, grunt ryje; -
Już dopadła; jak boa śród kolumn się zwija,
Pali piersią, rwie zębem, oddechem zabija.
Najstraszniejszej nie widać, lecz słychać po dźwięku,
Po waleniu się trupów, po ranionych jęku:
Gdy kolumnę od końca do końca przewierci,
Jak gdyby środkiem wojska przeszedł anioł śmierci.
Gdzież jest król, co na rzezie tłumy te wyprawia?
Czy dzieli ich odwagę, czy pierś sam nadstawia?
Nie, on siedzi o pięćset mil na swej stolicy,
Król wielki, samowładnik świata połowicy;
Zmarszczył brwi, - i tysiące kibitek wnet leci;
Podpisał, - tysiąc matek opłakuje dzieci;
Skinął, - padają knuty od Niemna do Chiwy.
Mocarzu, jak Bóg silny, jak szatan złośliwy,
Gdy Turków za Bałkanem twoje straszą spiże,
Gdy poselstwo paryskie twoje stopy liże, -
Warszawa jedna twojej mocy się urąga,
Podnosi na cię rękę i koronę ściąga,
Koronę Kazimierzów, Chrobrych z twojej głowy,
Boś ją ukradł i skrwawił, synu Wasilowy!
Car dziwi się - ze strachu. drzą Petersburczany,
Car gniewa się - ze strachu mrą jego dworzany;
Ale sypią się wojska, których Bóg i wiara
Jest Car. - Car gniewny: umrzem, rozweselim Cara.
Posłany wódz kaukaski z siłami pół-świata,
Wierny, czynny i sprawny - jak knut w ręku kata.
Ura! ura! Patrz, blisko reduty, już w rowy
Walą się, na faszynę kładąc swe tułowy;
Już czernią się na białych palisadach wałów.
Jeszcze reduta w środku, jasna od wystrzałów,
Czerwieni się nad czernią: jak w środek mrowiaka
Wrzucony motyl błyska, - mrowie go naciska, -
Zgasł - tak zgasła reduta. Czyż ostatnie działo
Strącone z łoża w piasku paszczę zagrzebało?
Czy zapał krwią ostatni bombardyjer zalał?
Zgasnął ogień. - Już Moskal rogatki wywalał.
Gdzież ręczna broń? - Ach, dzisiaj pracowała więcej
Niż na wszystkich przeglądach za władzy książęcej;
Zgadłem, dlaczego milczy, - bo nieraz widziałem
Garstkę naszych walczącą z Moskali nawałem.
Gdy godzinę wołano dwa słowa: pal, nabij;
Gdy oddechy dym tłumi, trud ramiona słabi;
A wciąż grzmi rozkaz wodzów, wre żołnierza czynność;
Na koniec bez rozkazu pełnią swą powinność,
Na koniec bez rozwagi, bez czucia, pamięci,
Żołnierz jako młyn palny nabija - grzmi - kręci
Broń od oka do nogi, od nogi na oko:
Aż ręka w ładownicy długo i głęboko
Szukała, nie znalazła - i żołnierz pobladnął,
Nie znalazłszy ładunku, już bronią nie władnął;
I uczuł, że go pali strzelba rozogniona;
Upuścił ją i upadł; - nim dobiją, skona.
Takem myślił, - a w szaniec nieprzyjaciół kupa
Już łazła, jak robactwo na świeżego trupa.
Pociemniało mi w oczach - a gdym łzy ocierał,
Słyszałem, że coś do mnie mówił mój Jenerał.
On przez lunetę wspartą na moim ramieniu
Długo na szturm i szaniec poglądał w milczeniu.
Na koniec rzekł; ""Stracona"". - Spod lunety jego
Wymknęło się łez kilka, - rzekł do mnie: ""Kolego,
Wzrok młody od szkieł lepszy; patrzaj, tam na wale,
Znasz Ordona, czy widzisz, gdzie jest?"" - ""Jenerale,
Czy go znam? - Tam stał zawsze, to działo kierował.
Nie widzę - znajdę - dojrzę! - śród dymu się schował:
Lecz śród najgęstszych kłębów dymu ileż razy
Widziałem rękę jego, dającą rozkazy. -
Widzę go znowu, - widzę rękę - błyskawicę,
Wywija, grozi wrogom, trzyma palną świécę,
Biorą go - zginął - o nie, - skoczył w dół, - do lochów""!
""Dobrze - rzecze Jenerał - nie odda im prochów"".
Tu blask - dym - chwila cicho - i huk jak stu gromów.
Zaćmiło się powietrze od ziemi wylomów,
Harmaty podskoczyły i jak wystrzelone
Toczyły się na kołach - lonty zapalone
Nie trafiły do swoich panew. I dym wionął
Prosto ku nam; i w gęstej chmurze nas ochłonął.
I nie było nic widać prócz granatów blasku,
I powoli dym rzedniał, opadał deszcz piasku.
Spojrzałem na redutę; - wały, palisady,
Działa i naszych garstka, i wrogów gromady;
Wszystko jako sen znikło. - Tylko czarna bryła
Ziemi niekształtnej leży - rozjemcza mogiła.
Tam i ci, co bronili, -i ci, co się wdarli,
Pierwszy raz pokój szczery i wieczny zawarli.
Choćby cesarz Moskalom kazał wstać, już dusza
Moskiewska. tam raz pierwszy, cesarza nie słusza.
Tam zagrzebane tylu set ciała, imiona:
Dusze gdzie? nie wiem; lecz wiem, gdzie dusza Ordona.
On będzie Patron szańców! - Bo dzieło zniszczenia
W dobrej sprawie jest święte, Jak dzieło tworzenia;
Bóg wyrzekł słowo stań się, Bóg i zgiń wyrzecze.
Kiedy od ludzi wiara i wolność uciecze,
Kiedy ziemię despotyzm i duma szalona
Obleją, jak Moskale redutę Ordona -
Karząc plemię zwyciężców zbrodniami zatrute,
Bóg wysadzi tę ziemię, jak on swą redutę.

",REDUTA ORDONA,https://literat.ug.edu.pl/amwiersz/0060.htm
"O matko Polko! gdy u syna twego
W źrenicach błyszczy genijuszu świetność,
Jeśli mu patrzy z czoła dziecinnego
Dawnych Polaków duma i szlachetność;
Jeśli rzuciwszy rówienników grono
Do starca bieży, co mu dumy pieje,
Jeżeli słucha z głową pochyloną,
Kiedy mu przodków powiadają dzieje:
O matko Polko! źle się twój syn bawi!
Klęknij przed Matki Boleśnej obrazem
I na miecz patrzaj, co Jej serce krwawi:
Takim wróg piersi twe przeszyje razem!
Bo choć w pokoju zakwitnie świat cały,
Choć się sprzymierzą rządy, ludy, zdania,
Syn twój wyzwany do boju bez chwały
I do męczeństwa... bez zmartwychpowstania.
Każże mu wcześnie w jaskinią samotną
Iść na dumanie... zalegać rohoże,
Oddychać parą zgniłą i wilgotną
I z jadowitym gadem dzielić łoże.
Tam się nauczy pod ziemię kryć z gniewem
I być jak otchłań w myśli niedościgły;
Mową truć z cicha, jak zgniłym wyziewem,
Postać mieć skromną jako wąż wystygły.
Nasz Odkupiciel, dzieckiem w Nazarecie,
Piastował krzyżyk, na którym świat zbawił.
O Matko Polko! ja bym twoje dziecię
Przyszłymi jego zabawkami bawił.
Wcześnie mu ręce okręcaj łańcuchem,
Do taczkowego każ zaprzęgać woza,
By przed katowskim nie zbladnął obuchem
Ani się spłonił na widok powroza;
Bo on nie pójdzie, jak dawni rycerze,
Utkwić zwycięski krzyż w Jeruzalemie,
Albo jak świata nowego żołnierze
Na wolność orać... krwią polewać ziemię.
Wyzwanie przyszle mu szpieg nieznajomy,
Walkę z nim stoczy sąd krzywoprzysiężny,
A placem boju będzie dół kryjomy,
A wyrok o nim wyda wróg potężny.
Zwyciężonemu za pomnik grobowy
Zostaną sucha drewna szubienicy,
Za całą sławę krótki płacz kobiécy
I długie nocne rodaków rozmowy.

",DO MATKI POLKI,https://literat.ug.edu.pl/amwiersz/0055.htm
"Pójdźcie, o dziatki, pójdźcie wszystkie razem
Za miasto, pod słup na wzgórek,
Tam przed cudownym klęknijcie obrazem,
Pobożnie zmówcie paciórek.
 
Tato nie wraca; ranki i wieczory
We łzach go czekam i trwodze;
Rozlały rzeki, pełne zwierza bory
I pełno zbójców na drodze".

Słysząc to dziatki biegą wszystkie razem,
Za miasto, pod słup na wzgórek,
Tam przed cudownym klękają obrazem
I zaczynają paciórek.

Całują ziemię, potem: "W imię Ojca,
Syna i Ducha świętego,
Bądź pochwalona, przenajświętsza Trójca,
Teraz i czasu wszelkiego".

Potem: Ojcze nasz i Zdrowaś, i Wierzę,
Dziesięcioro i koronki,
A kiedy całe zmówili pacierze,
Wyjmą książeczkę z kieszonki:

I litaniją do Najświętszej Matki
Starszy brat śpiewa, a z bratem
"Najświętsza Matko - przyśpiewują dziatki,
Zmiłuj się, zmiłuj nad tatem!"

Wtem słychać tarkot, wozy jadą drogą
I wóz znajomy na przedzie;
Skoczyły dzieci i krzyczą jak mogą:
"Tato, ach, tato nasz jedzie!"

Obaczył kupiec, łzy radośne leje,
Z wozu na ziemię wylata;
"Ha, jak się macie, co się u was dzieje?
Czyście tęskniły do tata?
 
Mama czy zdrowa? ciotunia? domowi?
A ot rozynki w koszyku".
Ten sobie mówi, a ten sobie mówi,
Pełno radości i krzyku.

"Ruszajcie - kupiec na sługi zawoła -
Ja z dziećmi pójdę ku miastu".
Idzie... aż zbójcy obskoczą dokoła,
A zbójców było dwunastu.

Brody ich długie, kręcone wąsiska,
Wzrok dziki, suknia plugawa;
Noże za pasem, miecz u boku błyska,
W ręku ogromna buława.

Krzyknęły dziatki, do ojca przypadły,
Tulą się pod płaszcz na łonie;
Truchleją sługi, struchlał pan wybladły,
Drżące ku zbójcom wzniósł dłonie.

"Ach, bierzcie wozy, ach, bierzcie dostatek,
Tylko puszczajcie nas zdrowo,
Nie róbcie małych sierotami dziatek
I młodej małżonki wdową".

Nie słucha zgraja, ten już wóz wyprzęga,
Zabiera konie, a drugi
"Pieniędzy!" krzyczy i buławą sięga,
Ów z mieczem wpada na sługi.

Wtem: "Stójcie, stójcie!" - krzyknie starszy zbójca
I spędza bandę precz z drogi,
A wypuściwszy i dzieci, i ojca,
"Idźcie, rzekł, dalej bez trwogi".

Kupiec dziękuje, a zbójca odpowie:
"Nie dziękuj, wyznam ci szczerze,
Pierwszy bym pałkę strzaskał na twej głowie,
Gdyby nie dziatek pacierze.

Dziatki sprawiły, że uchodzisz cało,
Darzą cię życiem i zdrowiem;
Im więc podziękuj za to, co się stało,
A jak się stało, opowiem.

Z dawna już słysząc o przejeździe kupca,
I ja, i moje kamraty,
Tutaj za miastem, przy wzgórku u słupca
Zasiadaliśmy na czaty.

Dzisiaj nadchodzę, patrzę między chrusty,
Modlą się dziatki do Boga,
Słucham, z początku porwał mię śmiech pusty,
A potem litość i trwoga.

Słucham, ojczyste przyszły na myśl strony,
Buława upadła z ręki;
Ach! ja mam żonę, i u mojej żony
Jest synek taki maleńki.

Kupcze! jedź w miasto, ja do lasu muszę;
Wy, dziatki, na ten pagórek
Biegajcie sobie, i za moję duszę
Zmówcie też czasem paciórek.

",POWRÓT TATY,https://literat.ug.edu.pl/amwiersz/0012.htm
"Jedzą, piją, lulki palą,
Tańce, hulanka, swawola;
Ledwie karczmy nie rozwalą,
Cha cha, chi chi, hejza, hola!
Twardowski siadł w końcu stoła.
Podparł się w boki jak basza;
""Hulaj dusza! hulaj!"" - woła,
Śmieszy, tumani, przestrasza.
Żołnierzowi, co grał zucha,
Wszystkich łaje i potrąca,
Świsnął szablą koło ucha,
Już z żołnierza masz zająca.
Na patrona z trybunału,
Co milczkiem wypróżniał rondel,
Zadzwonił kieską pomału,
Z patrona robi się kondel.
Szewcu w nos wyciął trzy szczutki,
Do łba przymknął trzy rureczki,
Cmoknął, cmok, i gdańskiej wódki
Wytoczył ze łba pół beczki.
Wtem gdy wódkę pił z kielicha.
Kielich zaświstał, zazgrzytał;
Patrzy na dno: Co u licha?
Po coś tu, kumie, zawitał?
Diablik to był w wódce na dnie,
Istny Niemiec, sztuczka kusa;
Skłonił się gościom układnie,
Zdjął kapelusz i dał susa.
Z kielicha aż na podłogę
Pada, rośnie na dwa łokcie,
Nos jak haczyk, kurzą nogę
I krogulcze ma paznokcie.
""A! Twardowski; witam, bracie!""
To mówiąc bieży obcesem:
""Cóż to, czyliż mię nie znacie?
Jestem Mefistofelesem.
Wszak ze mnąś na Łysej Górze
Robił o duszę zapisy;
Cyrograf na byczeJ skórze
Podpisaleś ty, i bisy
Miały słuchać twego rymu;
Ty, jak dwa lata przebiegą,
Miałeś pojechać do Rzymu,
By cię tam porwać jak swego.
Już i siedem lat uciekło,
Cyrograf nadal nie służy;
Ty, czarami dręcząc piekło,
Ani myślisz o podróży.
Ale zemsta, choć leniwa,
Nagnała cię w nasze sieci;
Ta karczma Rzym się nazywa,
Kładę areszt na waszeci.""
Twardowski ku drzwióm się kwapił
Na takie dictum acerbum,
Diabeł za kuntusz ułapił:
""A gdzie jest nobile verbum?""
Co tu począć? kusa rada,
Przyjdzie już nałożyć głową.
Twardowski na koncept wpada
I zadaje trudność nową.
""Patrz w kontrakt, Mefistofilu,
Tam warunki takie stoją:
Po latach tylu a tylu,
Gdy przyjdziesz brać duszę moją,
Będę miał prawo trzy razy
Zaprząc ciebie do roboty?
A ty najtwardsze rozkazy
Musisz spełnić co do joty.
Patrz, oto jest karczmy godło,
Koń malowany na płótnie;
Ja chcę mu wskoczyć na siodło,
A koń niech z kopyta utnie.
Skręć mi przy tym biczyk z piasku,
Żebym miał czym konia chłostać,
I wymuruj gmach w tym lasku,
Bym miał gdzie na popas zostać.
Gmach będzie z ziarnek orzecha,
Wysoki pod szczyt Krępaku,
Z bród żydowskich ma być strzecha,
Pobita nasieniem z maku.
Patrz, oto na miarę ćwieczek,
Cal gruby. długi trzy cale,
W każde z makowych ziareczek
Wbij mi takie. trzy bratnale"".
Mefistofil duchem skoczy,
Konia czyści, karmi, poi,
Potem bicz z piasku utoczy
I już w gotowości stoi.
Twardowski dosiadł biegusa,
Próbuje podskoków, zwrotów,
Stępa, galopuje, kłusa,
Patrzy, aż i gmach już gotów.
No! wygrałeś, panie bisie;
Lecz druga rzecz nic skończona,
Trzeba skąpać się w tej misie,
A to jest woda święcona.
Diabeł kurczy się i krztusi,
Aż zimny pot na nim bije;
Lecz pan każe, sługa musi,
Skąpał się biedak po szyję.
Wyleciał potem jak z procy,
Otrząsł się, dbrum! parsknął raźnie.
""Teraz jużeś w naszej mocy,
Najgorętsząm odbył łaźnię.""
""Jeszcze jedno, będzie kwita,
Zaraz pęknie moc czartowska;
Patrzaj, oto jest kobiéta,
Moja żoneczka Twardowska.
Ja na rok u Belzebuba
Przyjmę za ciebie mieszkanie,
Niech przez ten rok moja luba
Z tobą jak z mężem zostanie.
Przysiąż jej miłość, szacunek
I posłuszeństwo bez granic;
Złamiesz choć jeden warunek.
Już cała ugoda za nic.""
Diabeł do niego pół ucha,
Pół oka zwrócił do samki,
Niby patrzy, niby słucha,
Tymczasem już blisko klamki.
Gdy mu Twardowski dokucza,
Od drzwi, od okien odpycha,
Czmychnąwszy dziurką od klucza,
Dotąd jak czmycha, tak czmycha.

",PANI TWARDOWSKA,https://literat.ug.edu.pl/amwiersz/0017.htm
"Jakiż to chłopiec piękny i młody?
Jaka to obok dziewica?
Brzegami sinej Świtezi wody
Idą przy świetle księżyca.
Ona mu z kosza daje maliny,
A on jej kwiatki do wianka;
Pewnie kochankiem jest tej dziewczyny,
Pewnie to jego kochanka.
Każdą noc prawie, o jednej porze,
Pod tym się widzą modrzewiem.
Młody jest strzelcem w tutejszym borze,
Kto jest dziewczyna? - ja nie wiem.
Skąd przyszła? - darmo śledzić kto pragnie,
Gdzie uszła? - nikt jej nie zbada.
Jak mokry jaskier wschodzi na bagnie,
Jak ognik nocny przepada.
""Powiedz mi, piękna, luba dziewczyno,
Na co nam te tajemnice,
Jaką przybiegłaś do mnie drożyną?
Gdzie dom twój, gdzie są rodzice?
Minęło lato, zżółkniały liścia
I dżdżysta nadchodzi pora,
Zawsze mam czekać twojego przyścia
Na dzikich brzegach jeziora?
Zawszeż po kniejach jak sarna płocha,
Jak upiór błądzisz w noc ciemną?
Zostań się lepiej z tym, kto cię kocha,
Zostań się, o luba! ze mną.
Chateczka moja stąd niedaleka
Pośrodku gęstej leszczyny;
Jest tam dostatkiem owoców, mleka,
Jest tam dostatkiem źwierzyny"".
""Stój, stój - odpowie - hardy młokosie,
Pomnę, co ojciec rzekł stary:
Słowicze wdzięki w mężczyzny głosie,
A w sercu lisie zamiary.
Więcej się waszej obłudy boję,
Niż w zmienne ufam zapały,
Może bym prośby przyjęła twoje;
Ale czy będziesz mnie stały?""
Chłopiec przyklęknął, chwycił w dłoń piasku,
Piekielne wzywał potęgi,
Klął się przy świętym księżyca blasku,
Lecz czy dochowa przysięgi?
""Dochowaj, strzelcze, to moja rada:
Bo kto przysięgę naruszy,
Ach, biada jemu, za życia biada!
I biada jego złej duszy!""
To mówiąc dziewka więcej nie czeka,
Wieniec włożyla na skronie
I pożegnawszy strzelca z daleka,
Na zwykłe uchodzi błonie.
Próżno się za nią strzelec pomyka,
Rączym wybiegom nie sprostał,
Znikła jak lekki powiew wietrzyka,
A on sam jeden pozostał.
Sam został, dziką powraca drogą,
Ziemia uchyla się grząska,
Cisza wokoło, tylko pod nogą
Zwiędła szeleszcze gałązka.
Idzie nad wodą, błędny krok niesie,
Błędnymi strzela oczyma;
Wtem wiatr zaszumiał po gęstym lesie,
Woda się burzy i wzdyma.
Burzy się, wzdyma, pękają tonie,
O niesłychane zjawiska!
Ponad srebrzyste Świtezi błonie
Dziewicza piękność wytryska.
Jej twarz jak róży bladej zawoje,
Skropione jutrzenki łezką;
Jako mgła lekka, tak lekkie stroje
Obwiały postać niebieską.
""Chłopcze mój piękny, chłopcze mój młody -
Zanuci czule dziewica -
Po co wokoło Świteziu wody
Błądzisz przy świetle księżyca?
Po co żałujesz dzikiej wietrznicy,
Która cię zwabia w te knieje:
Zawraca głowę, rzuca w tęsknicy
I może jeszcze się śmieje?
Daj się namówić czułym wyrazem,
Porzuć wzdychania i żale,
Do mnie tu, do mnie, tu będziem razem
Po wodnym pląsać krysztale.
Czy zechcesz niby jaskółka chybka
Oblicze tylko wód muskać,
Czy zdrów jak rybka, wesół jak rybka,
Cały dzień ze mną się pluskać.
A na noc w łożu srebrnej topieli
Pod namiotami źwierciadeł,
Na miękkiej wodnych lilijek bieli.
Śród boskich usnąć widziadeł"".
Wtem z zasłon błysną piersi łabędzie,
Strzelec w ziemię patrzy skromnie,
Dziewica w lekkim zbliża się pędzie
I ""Do mnie, woła, pójdź do mnie"".
I na wiatr lotne rzuciwszy stopy,
Jak tęcza śmiga w krąg wielki,
To znowu siekąc wodne zatopy,
Srebrnymi pryska kropelki.
Podbiega strzelec i staje w biegu,
I chciałby skoczyć, i nie chce;
Wtem modra fala, prysnąwszy z brzegu,
Z lekka mu w stopy załechce.
I tak go łechce, i tak go znęca,
Tak się w nim serce rozpływa,
Jak gdy tajemnie rękę młodzieńca
Ściśnie kochanka wstydliwa.
Zapomniał strzelec o swej dziewczynie,
Przysięgą pogardził świętą,
Na zgubę oślep bieży w głębinie,
Nową zwabiony ponętą.
Bieży i patrzy, patrzy i bieży;
Niesie go wodne przestworze,
Już z dala suchych odbiegł wybrzeży,
Na średnim igra jeziorze.
I już dłoń śnieżną w swej ciśnie dłoni,
W pięknych licach topi oczy,
Ustami usta różane goni
I skoczne okręgi toczy.
Wtem wietrzyk świsnął, obłoczek pryska,
Co ją w łudzącym krył blasku;
Poznaje strzelec dziewczynę z bliska,
Ach, to dziewczyna spod lasku!
""A gdzie przysięga? gdzie moja rada?
Wszak kto przysięgę naruszy,
Ach, biada jemu, za życia biada!
I biada jego złej duszy!
Nie tobie igrać przez srebrne tonie
Lub nurkiem pluskać w głąb jasną;
Surowa ziemia ciało pochłonie,
Oczy twe żwirem zagasną.
A dusza przy tym świadomym drzewie
Niech lat doczeka tysiąca,
Wiecznie piekielne cierpiąc żarzewie
Nie ma czym zgasić gorąca"".
Słyszy to strzelec, błędny krok niesie,
Błędnymi rzuca oczyma;
A wicher szumi po gęstym lesie,
Woda się burzy i wzdyma.
Burzy się, wzdyma i wre aż do dna,
Kręconym nurtem pochwyca,
Roztwiera paszczę otchłań podwodna,
Ginie z młodzieńcem dziewica.
Woda się dotąd burzy i pieni,
Dotąd przy świetle księżyca
Snuje się para znikomych cieni;
Jest to z młodzieńcem dziewica.
Ona po srebrnym pląsa jeziorze,
On pod tym jęczy modrzewiem.
Kto jest młodzieniec? - strzelcem był w borze.
A kto dziewczyna? - ja nie wiem.

",ŚWITEZIANKA,https://literat.ug.edu.pl/amwiersz/0010.htm
"Zbrodnia to niesłychana,
Pani zabija pana;
Zabiwszy grzebie w gaju,
Na łączce przy ruczaju,
Grób liliją zasiewa,
Zasiewając tak śpiewa:
""Rośnij kwiecie wysoko,
Jak pan leży głęboko;
Jak pan leży głęboko,
Tak ty rośnij wysoko.""
Potem cała skrwawiona,
Męża zbójczyni żona,
Bieży przez łąki, przez knieje,
I górą, i dołem, i górą;
Zmrok pada, wietrzyk wieje;
Ciemno, wietrzno, ponuro.
Wrona gdzieniegdzie kracze
I puchają puchacze.
Bieży w dół do strumyka,
Gdzie stary rośnie buk,
Do chatki pustelnika,
Stuk stuk, stuk stuk.
""Kto tam?"" - spadła zapora,
Wychodzi starzec, świeci;
Pani na kształt upiora
Z krzykiem do chatki leci.
""Ha! ha!"" zsiniałe usta,
Oczy przewraca w słup,
Drżąca, zbladła jak chusta;
""Ha! mąż, ha! trup!""
""- Niewiasto, Pan Bóg z tobą,
Co ciebie tutaj niesie,
Wieczorną słotną dobą,
Co robisz sama w lesie?""
""- Tu za lasem, za stawem,
Błyszczą mych zamków ściany.
Mąż z królem Bolesławem
Poszedł na Kijowiany.
Lato za latem bieży,
Nie masz go z bojowiska;
Ja młoda śród młodzieży,
A droga cnoty śliska!
Nie dochowałam wiary,
Ach! biada mojej głowie!
Król srogie głosi kary;
Powrócili mężowie.
""Ha! ha! mąż się nie dowie!
Oto krew! oto nóż!
Po nim już, po nim już!
Starcze, wyznałam szczerze.
Ty głoś świętymi usty,
Jakie mówić: pacierze,
Gdzie mam iść na odpusty.
Ach, pójdę aż do piekła,
Zniosę bicze, pochodnie,
Byleby moję zbrodnię
Wieczysta noc powlekła.""
""- Niewiasto, - rzecze stary -
Więc ci nie żal rozboju,
Ale tylko strach kary?
Idźże sobie w pokoju,
Rzuć bojaźń, rozjaśń lica,
Wieczna twa tajemnica.
Bo takie sądy boże,
Iż co ty zrobisz skrycie,
Mąż tylko wydać może;
A mąż twój stracił życie.""
Pani z wyroku rada,
Jak wpadła, tak wypada;
Bieży nocą do domu
Nic nie mówiąc nikomu.
Stoją dzieci przed bramą,
""Mamo, - wołają - Mamo!
A gdzie został nasz tato?""
- ""Nieboszczyk? co? wasz tato?"" -
Nie wie, co mówić na to.
- ""Został w lesie za dworem,
Powróci dziś wieczorem.""
Czekają wieczór dzieci;
Czekają drugi, trzeci,
Czekają tydzień cały;
Nareszcie zapomniały.
Pani zapomnieć trudno,
Nie wygnać z myśli grzechu.
Zawsze na sercu nudno,
Nigdy na ustach śmiechu,
Nigdy snu na źrenicy!
Bo często w nocnej porze
Coś stuka się na dworze,
Coś chodzi po świetlicy.
""Dzieci - woła - to ja to,
To ja, dzieci, wasz tato!""
Noc przeszła, zasnąć trudno.
Nie wygnać z myśli grzechu.
Zawsze na sercu nudno,
Nigdy na ustach śmiechu!
- ""Idź, Hanko, przez dziedziniec.
Słyszę tętent na moście,
I kurzy się gościniec;
Czy nie jadą tu goście?
Idź na gościniec i w las,
Czy kto nie jedzie do nas?""
Jadą, jadą w tę stronę,
Tuman na drodze wielki,
Rżą, rżą koniki wrone,
Ostre błyszczą szabelki.
Jadą, jadą panowie,
Nieboszczyka bratowie!
- ""A witajże, czy zdrowa?
Witajże nam, bratowa.
Gdzie brat?"" - ""Nieboszczyk brat,
Już pożegnał ten świat.""
- ""Kiedy?"" - ""Dawno, rok minął,
Umarł... na wojnie zginął.""
- ""To kłamstwo, bądź spokojna!
Już skończyła się wojna;
Brat zdrowy i ochoczy,
Ujrzysz go na twe oczy.""
Pani ze strachu zbladła,
Zemdlała i upadła,
Oczy przewraca w słup,
Z trwogą dokoła rzuca.
- ""Gdzie on? gdzie mąż? gdzie trup?""
Powoli się ocuca;
Mdlała niby z radości
I pytała u gości:
""Gdzie mąż, gdzie me kochanie,
Kiedy przede mną stanie?""
- ""Powracał razem z nami,
Lecz przodem chciał pośpieszyć,
Nas przyjąć z rycerzami
I twoje łzy pocieszyć.
Dziś, jutro pewnie będzie,
Pewnie kędyś w obłędzie
Ubite minął szlaki.
Zaczekajmy dzień jaki,
Poszlemy szukać wszędzie,
Dziś, jutro pewnie będzie.""
Posłali wszędzie sługi,
Czekali dzień i drugi,
Gdy nic nie doczekali,
Z płaczem chcą jechać daléj.
Zachodzi drogę pani:
- ""Bracia moi kochani,
Jesień zła do podróży,
Wiatry, słoty i deszcze.
Wszak czekaliście dłużéj,
Czekajcie trochę jeszcze.""
Czekają. Przeszła zima,
Brata nie ma i nié ma.
Czekają; myślą sobie:
Może powróci z wiosną?
A on już leży w grobie,
A nad nim kwiatki rosną,
A rosną tak wysoko,
Jak on leży głęboko.
I wiosnę przeczekali,
I już nie jadą daléj.
Do smaku im gospoda,
Bo gospodyni młoda;
Że chcą jechać, udają,
A tymczasem czekają;
Czekają aż do lata,
Zapominają brata.
Do smaku im gospoda
I gospodyni młoda.
Jak dwaj u niej gościli,
Tak ją dwaj polubili.
Obu nadzieja łechce,
Obadwaj zjęci trwogą,
Żyć bez niej żaden nie chce,
Żyć z nią obaj nie mogą.
Wreszcie na jedno zdani,
Idą razem do pani.
- ""Słuchaj, pani bratowo,
Przyjm dobrze nasze słowo.
My tu próżno siedzimy,
Brata nie zobaczymy.
Ty jeszcze jesteś młoda,
Młodości twojej szkoda.
Nie wiąż dla siebie świata,
Wybierz brata za brata"".
To rzekli i stanęli,
Gniew ich i zazdrość piecze,
Ten, to ów okiem strzeli,
Ten, to ów słówko rzecze;
Usta sine przycięli,
W ręku ściskają miecze.
Pani ich widzi w gniewie,
Co mówić, sama nie wie.
Prosi o chwilkę czasu,
Bieży zaraz do lasu.
Bieży w dół do strumyka,
Gdzie stary rośnie buk,
Do chatki pustelnika,
Stuk stuk, stuk stuk!
Całą mu rzecz wykłada,
Pyta się, co za rada?
- ""Ach, jak pogodzić braci?
Chcą mojej ręki oba?
Ten i ten się podoba:
Lecz kto weźmie? kto straci?
Ja mam maleńkie dziatki,
I wioski, i dostatki,
Dostatek się zmitręża,
Gdy zostałam bez męża.
Lecz, ach! nie dla mnie szczęście!
Nie dla mnie już zamęście!
Boża nade mną kara,
Ściga mnie nocna mara,
Zaledwie przymknę oczy,
Traf, traf, klamka odskoczy;
Budzę się, widzę, słyszę,
Jak idzie i jak dysze,
Jak dysze i jak tupa,
Ach, widzę, słyszę trupa!
Skrzyp, skrzyp, i już nad łożem
Skrwawionym sięga nożem,
I iskry z gęby sypie,
I ciągnie mię, i szczypie.
Ach, dosyć, dosyć strachu,
Nie siedzieć mnie w tym gmachu,
Nie dla mnie świat i szczęście,
Nie dla mnie już zamęście!""
""Córko, - rzecze jej stary -
Nie masz zbrodni bez kary.
Lecz jeśli szczera skrucha,
Zbrodniarzów Pan Bóg słucha.
Znam ja tajnie wyroku,
Miłą ci rzecz obwieszczę;
Choć mąż zginął od roku,
Ja go wskrzeszę dziś jeszcze.""
- ""Co, co? jak, jak? mój ojcze!
Nie czas już, ach, nie czas!
To żelazo zabojcze
Na wieki dzieli nas!
Ach, znam, żem warta kary,
I zniosę wszelkie kary,
Byle się pozbyć mary.
Zrzekę się mego zbioru
I pójdę do klasztoru,
I pójdę w ciemny las.
Nie, nie wskrzeszaj, mój ojcze!
Nie czas już, ach, nie czas,
To żelazo zabojcze
Na wieki dzieli nas!""
Starzec westchnął głęboko
I łzami zalał oko,
Oblicze skrył w zasłonie,
Drżące załamał dłonie.
- ""Idź za mąż, póki pora,
Nie lękaj się upiora.
Martwy się nie ocuci,
Twarda wieczności brama;
I mąż twój nie powróci,
Chyba zawołasz sama.""
- ""Lecz jak pogodzić braci?
Kto weźmie, a kto straci?"" -
""Najlepsza będzie droga
Zdać się na los i Boga.
Niechajże z ranną rosą
Pójdą i kwiecie zniosą.
Niech każdy weźmie kwiecie
I wianek tobie splecie,
I niechaj doda znaki,
Żeby poznać, czyj jaki,
I pójdzie w kościoł boży,
I na ołtarzu złoży.
Czyj pierwszy weźmiesz wianek,
Ten mąż twój, ten kochanek.""
Pani z przestrogi rada,
Już do małżeństwa skora,
Nie boi się upiora;
Bo w myśli swej układa
Nigdy w żadnej potrzebie
Nie wołać go do siebie.
I z tych układów rada,
Jak wpadła, tak wypada.
Bieży prosto do domu
Nic nie mówiąc nikomu.
Bieży przez łąki, przez gaje,
I bieży. i staje,
I staje, i myśli, i słucha:
Zda się, że ją ktoś goni
I że coś szepce do niéj,
Wokoło ciemność głucha;
- ""To ja, twój mąż, twój mąż!""
I staje, i myśli, i słucha,
Słucha, zrywa się, bieży,
Włos się na głowie jeży,
W tył obejrzeć się lęka,
Coś wciąż po krzakach stęka,
Echo powtarza wciąż:
""To ja, twój mąż, twój mąż!""
Lecz zbliża się niedziela.
Zbliża się czas wesela.
Zaledwie słońce wschodzi,
Wybiegają dwaj młodzi.
Pani, śród dziewic grona
Do ślubu prowadzona,
Wystąpi śród kościoła
I bierze pierwszy wianek,
Obnosi go dokoła;
""Oto w wieńcu lilije,
Ach, czyjeż to są, czyje?
Kto mój mąż, kto kochanek?""
Wybiega starszy brat,
Radość na licach płonie,
Skacze i klaszcze w dłonie:
""Tyś moja. mój to kwiat!
Między liliji kręgi
Uplotłem wstążek zwój,
To znak, to moje wstęgi!
To mój, to mój, to mój!
- ""Kłamstwo! - drugi zawoła -
Wyjdźcie tylko z kościoła,
Miejsce widzieć możecie,
Kędy rwałem to kwiecie.
Rwałem na łączce w gaju,
Na grobie przy ruczaju,
Okażę grób i zdrój,
To mój, to mój, to mój!""
Kłócą się źli młodzieńce;
Ten mówi, ten zaprzecza;
Dobyli z pochew miecza;
Wszczyna się srogi bój,
Szarpią do siebie wieńce:
""To mój, to mój, to mój!""
Wtem drzwi kościoła trzasły,
Wiatr zawiał, świece zgasły,
Wchodzi osoba w bieli.
Znany chód, znana zbroja,
Staje, wszyscy zadrżeli,
Staje, patrzy ukosem,
Podziemnym woła głosem:
""Mój wieniec i ty moja!
Kwiat na mym rwany grobie,
Mnie, księże, stułą wiąż;
Zła żono, biada tobie!
To ja. twój mąż, twój mąż!
Źli bracia, biada obu!
Z mego rwaliście grobu,
Zawieście krwawy bój.
To ja, twój mąż, wasz brat,
Wy moi, wieniec mój,
Dalej na tamten świat!""
Wstrzęsła się cerkwi posada,
Z zrębu wysuwa się zrąb,
Sklep trzeszczy, głąb zapada,
Cerkiew zapada w głąb.
Ziemia ją z wierzchu kryje,
Na niej rosną lilije,
A rosną tak wysoko,
Jak pan leżał głęboko.

",LILIJE,https://literat.ug.edu.pl/amwiersz/0018.htm
"Methinks, I see... Where?
- In my mind's eyes.
Shakespeare
Zdaje mi się, że widzę... gdzie?
Przed oczyma duszy mojej.
Słuchaj, dzieweczko!
- Ona nie słucha -
To dzień biały! to miasteczko!
Przy tobie nie ma żywego ducha.
Co tam wkoło siebie chwytasz?
Kogo wołasz, z kim się witasz?
- Ona nie słucha. -
To jak martwa opoka
Nie zwróci w stronę oka,
To strzela wkoło oczyma,
To się łzami zaleje;
Coś niby chwyta, coś niby trzyma;
Rozpłacze się i zaśmieje.
""Tyżeś to w nocy? to ty, Jasieńku!
Ach! i po śmierci kocha!
Tutaj, tutaj, pomaleńku,
Czasem usłyszy macocha!
Niech sobie słyszy, już nie ma ciebie!
Już po twoim pogrzebie!
Ty już umarłeś? Ach! ja się boję!
Czego się boję mego Jasieńka?
Ach, to on! lica twoje, oczki twoje!
Twoja biała sukienka!
I sam ty biały jak chusta,
Zimny, jakie zimne dłonie!
Tutaj połóż, tu na łonie,
Przyciśnij mnie, do ust usta!
Ach, jak tam zimno musi być w grobie!
Umarłeś! tak, dwa lata!
Weź mię, ja umrę przy tobie,
Nie lubię świata.
Źle mnie w złych ludzi tłumie,
Płaczę, a oni szydzą;
Mówię, nikt nie rozumie;
Widzę, oni nie widzą!
Śród dnia przyjdź kiedy... To może we śnie?
Nie, nie... trzymam ciebie w ręku.
Gdzie znikasz, gdzie, mój Jasieńku!
Jeszcze wcześnie, jeszcze wcześnie!
Mój Boże! kur się odzywa,
Zorza błyska w okienku.
Gdzie znikłeś? ach! stój, Jasieńku!
Ja nieszczęśliwa"".
Tak się dziewczyna z kochankiem pieści,
Bieży za nim, krzyczy, pada;
Na ten upadek, na głos boleści
Skupia się ludzi gromada.
""Mówcie pacierze! - krzyczy prostota -
Tu jego dusza być musi.
Jasio być musi przy swej Karusi,
On ją kochał za żywota!""
I ja to słyszę, i ja tak wierzę,
Płaczę i mówię pacierze.
""Słuchaj, dzieweczko!"" - krzyknie śród zgiełku
Starzec, i na lud zawoła:
""Ufajcie memu oku i szkiełku,
Nic tu nie widzę dokoła.
Duchy karczemnej tworem gawiedzi,
W głupstwa wywarzone kuźni.
Dziewczyna duby smalone bredzi,
A gmin rozumowi bluźni"".
""Dziewczyna czuje, - odpowiadam skromnie -
A gawiedź wierzy głęboko;
Czucie i wiara silniej mówi do mnie
Niż mędrca szkiełko i oko.
Martwe znasz prawdy, nieznane dla ludu,
Widzisz świat w proszku, w każdej gwiazd iskierce.
Nie znasz prawd żywych, nie obaczysz cudu!
Miej serce i patrzaj w serce!

",ROMANTYCZNOŚĆ,https://literat.ug.edu.pl/amwiersz/0008.htm
"Bez serc, bez ducha, to szkieletów ludy;
Młodości! dodaj mi skrzydła!
Niech nad martwym wzlecę światem
W rajską dziedzinę ułudy:
Kędy zapał tworzy cudy,
Nowości potrząsa kwiatem
I obleka w nadziei złote malowidła.
Niechaj, kogo wiek zamroczy,
Chyląc ku ziemi poradlone czoło,
Takie widzi świata koło,
Jakie tępymi zakreśla oczy.
Młodości! ty nad poziomy
Wylatuj, a okiem słońca
Ludzkości całe ogromy
Przeniknij z końca do końca.
Patrz na dół - kędy wieczna mgła zaciemia
Obszar gnuśności zalany odmętem;
To ziemia!
Patrz. jak nad jej wody trupie
Wzbił się jakiś płaz w skorupie.
Sam sobie sterem, żeglarzem, okrętem;
Goniąc za żywiołkami drobniejszego płazu,
To się wzbija, to w głąb wali;
Nie lgnie do niego fala, ani on do fali;
A wtem jak bańka prysnął o szmat głazu.
Nikt nie znał jego życia, nie zna jego zguby:
To samoluby!
Młodości! tobie nektar żywota
Natenczas słodki, gdy z innymi dzielę:
Serca niebieskie poi wesele,
Kiedy je razem nić powiąże złota.
Razem, młodzi przyjaciele!...
W szczęściu wszystkiego są wszystkich cele;
Jednością silni, rozumni szałem,
Razem, młodzi przyjaciele!...
I ten szczęśliwy, kto padł wśród zawodu,
Jeżeli poległym ciałem
Dał innym szczebel do sławy grodu.
Razem, młodzi przyjaciele!...
Choć droga stroma i śliska,
Gwałt i słabość bronią wchodu:
Gwałt niech się gwałtem odciska,
A ze słabością łamać uczmy się za młodu!
Dzieckiem w kolebce kto łeb urwał Hydrze,
Ten młody zdusi Centaury,
Piekłu ofiarę wydrze,
Do nieba pójdzie po laury.
Tam sięgaj, gdzie wzrok nie sięga;
Łam, czego rozum nie złamie:
Młodości! orla twych lotów potęga,
Jako piorun twoje ramię.
Hej! ramię do ramienia! spólnymi łańcuchy
Opaszmy ziemskie kolisko!
Zestrzelmy myśli w jedno ognisko
I w jedno ognisko duchy!...
Dalej, bryło, z posad świata!
Nowymi cię pchniemy tory,
Aż opleśniałej zbywszy się kory,
Zielone przypomnisz lata.
A jako w krajach zamętu i nocy,
Skłóconych żywiołów waśnią,
Jednym ""stań się"" z bożej mocy
Świat rzeczy stanął na zrębie;
Szumią wichry, cieką głębie,
A gwiazdy błękit rozjaśnią -
W krajach ludzkości jeszcze noc głucha:
Żywioły chęci jeszcze są w wojnie;
Oto miłość ogniem zionie,
Wyjdzie z zamętu świat ducha:
Młodość go pocznie na swoim łonie,
A przyjaźń w wieczne skojarzy spojnie.
Pryskają nieczułe lody
I przesądy światło ćmiące;
Witaj, jutrzenko swobody,
Zbawienia za tobą słońce!

",ODA DO MŁODOŚCI,https://literat.ug.edu.pl/amwiersz/0004.htm
"Wpłynąłem na suchego przestwór oceanu,
Wóz nurza się w zieloność i jak łódka brodzi,
Śród fali łąk szumiących, śród kwiatów powodzi,
Omijam koralowe ostrowy burzanu.
Już mrok zapada, nigdzie drogi ni kurhanu;
Patrzę w niebo, gwiazd szukam, przewodniczek łodzi;
Tam z dala błyszczy obłok - tam jutrzenka wschodzi;
To błyszczy Dniestr, to weszła lampa Akermanu.
Stójmy! - jak cicho! - słyszę ciągnące żurawie,
Których by nie dościgły źrenice sokoła;
Słyszę, kędy się motyl kołysa na trawie,
Kędy wąż śliską piersią dotyka się zioła.
W takiej ciszy - tak ucho natężam ciekawie,
Że słyszałbym głos z Litwy. - Jedźmy, nikt nie woła.

",STEPY AKERMAŃSKIE,https://literat.ug.edu.pl/amwiersz/0032.htm
"Z ogrodowej altany wojewoda zdyszany
Bieży w zamek z wściekłością i trwogą.
Odchyliwszy zasłony, spojrzał w łoże swej żony
Pójrzał, zadrżał, nie znalazł nikogo.
Wzrok opuścił ku ziemi i rękami drżącemi
Siwe wąsy pokręca, i duma.
Wzrok od łoża odwrócił, w tył wyloty zarzucił
I zawołał kozaka Nauma.
""Hej, kozaku, ty chamie, czemu w sadzie przy bramie
Nie ma nocą ni psa, ni pachołka?
Weź mi torbę borsuczą i jańczarkę hajduczą,
I mą strzelbę gwintówkę zdejm z kołka"".
Wzięli bronie, wypadli, do ogrodu się wkradli,
Kędy szpaler altanę obrasta.
Na darniowym siedzeniu coś bieleje się w cieniu:
To siedziała w bieliźnie niewiasta.
Jedną ręką swe oczy kryła w puklach warkoczy
I pierś kryła pod rąbek bielizny;
Drugą ręką od łona odpychała ramiona
Klęczącego u kolan mężczyzny.
Ten, ściskając kolana, mówił do niej: ""Kochana!
Więc już wszystko, jam wszystko utracił!
Nawet twoje westchnienia, nawet ręki ściśnienia
Wojewoda już z góry zapłacił.
Ja, choć z takim zapałem, tyle lat cię kochałem,
Będę kochał i jęczał daleki;
On nie kochał, nie jęczał, tylko trzosem zabrzęczał,
Tyś mu wszystko przedała na wieki.
Co wieczora on będzie, tonąc w puchy łabędzie,
Stary łeb na twym łonie kołysał,
I z twych ustek różanych, i z twych liców rumianych
Mnie wzbronione słodycze wysysał.
Ja na wiernym koniku, przy księżyca promyku,
Biegę tutaj przez chłody i słoty,
Bym cię witał westchnieniem i pożegnał życzeniem
Dobrej nocy i długiej pieszczoty!""
Ona jeszcze nie słucha, on jej szepce do ucha
Nowe skargi czy nowe zaklęcia:
Aż wzruszona, zemdlona, opuściła ramiona
I schyliła się w jego objęcia.
Wojewoda z kozakiem przyklęknęli za krzakiem
I dobyli zza pasa naboje,
I odcięli zębami, i przybili sztęflami
Prochu garść i grankulek we dwoje.
""Panie! - kozak powiada - jakiś bies mię napada,
Ja nie mogę zastrzelić tej dziewki;
Gdym półkurcze odwodził. zimny dreszcz mię przechodził
I stoczyła się łza do panewki"".
""Ciszej, plemię hajducze, ja cię płakać nauczę!
Masz tu z prochem leszczyńskim sakiewkę;
Podsyp zapał, a żywo sczyść paznokciem krzesiwo,
Potem palnij w twój łeb lub w tę dziewkę.
Wyżej... w prawo... pomału, czekaj mego wystrzału,
Pierwej musi w łeb dostać pan młody"".
Kozak odwiódł, wycelił, nie czekając wystrzelił
I ugodził w sam łeb - wojewody.

",CZATY,https://literat.ug.edu.pl/amwiersz/0050.htm
"Nigdy, więc nigdy z tobą rozstać się nie mogę!
Morzem płyniesz i lądem idziesz za mną w drogę,
Na lodowiskach widzę błyszczące twe ślady
I głos twój słyszę w szumie alpejskiej kaskady,
I włosy mi się jeżą, kiedy się oglądam,
I postać twoję widzieć lękam się i żądam.
Niewdzięczna! Gdy ja dzisiaj, w tych podniebnych górach.
Spadający w otchłanie i niknący w chmurach,
Wstrzymuję krok, wiecznymi utrudzony lody.
I oczy przecierając z lejącej się wody,
Szukam północnej gwiazdy na zamglonym niebie,
Szukam Litwy i domku twojego, i ciebie;
Niewdzięczna! może dzisiaj, królowa biesiady,
Ty w tańcu rej prowadzisz wesołej gromady,
Lub może się nowymi miłostkami bawisz,
Lub o naszych miłostkach śmiejąca się prawisz,
Powiedz, czyś ty szczęśliwsza, że ciebie poddani,
Niewolnicze schylając karki, zowią Pani!
Że cię rozkosz usypia i wesołość budzi,
I że cię nawet żadna pamiątka nie nudzi?
Czy byłabyś szczęśliwsza, gdybyś, moja miła,
Wiernego ci wygnańca przygody dzieliła?
Ach! Ja bym cię za rękę po tych skałach wodził,
Ja bym trudy podróżne piosenkami słodził,
Ja bym pierwszy w ryczące rzucał się strumienie
I pod twą nóżkę z wody dostawał kamienie.
I przeszłaby twa nóżka wodą nie dotknięta,
A całowaniem twoje ogrzałbym rączęta.
Spoczynek by nas czekał pod góralską chatą:
Tam zwleczoną z mych barków okryłbym cię szatą,
A ty byś przy pasterskim usiadłszy płomieniu
Usnęła i zbudziła na moim ramieniu.

",DO***,https://literat.ug.edu.pl/amwiersz/0054.htm
"Od dworu, spod lasa, z wioski,
Smutna wybiega dziewica,
Rozpuściła na wiatr włoski
I łzami skropiła lica.
Przybiega na koniec łączki,
Gdzie w jezioro wpada rzeka;
Załamuje białe rączki
I tak żałośnie narzeka:
""O wy, co mieszkacie w wodzie,
Siostry moje Świtezianki,
Słuchajcie w ciężkiej przygodzie
Głosu zdradzonej kochanki.
Kochałam pana tak szczerze,
On mię przysięgał zaślubić,
Dziś księżnę za żonę bierze,
Krysię ubogą chce zgubić.
Niechże sobie żyją młodzi,
Niech się z nią obłudnik pieści,
Niech tylko tu nie przychodzi
Urągać się z mych boleści.
Dla opuszczonej kochanki
Cóż pozostało na świecie?
Przyjmijcie mię, Świtezianki!
Lecz moje dziecię... ach, dziecię!""
To mówiąc rzewnie zapłacze.
Rączkami oczy zasłoni
I z brzegu do wody skacze,
I w bystrej nurza się toni.
Wtem z lasu, gdzie się dwór bieli,
Tysiączne świecą kagańce,
Zjeżdżają goście weseli,
Muzyka, hałas i tańce.
Lecz mimo tego hałasu
Płacz dziecięcia słychać w lesie,
Wierny sługa wyszedł z lasu
I dziecię na ręku niesie.
Ku wodzie obraca kroki,
Gdzie łoza, gęsto spleciona,
Wzdłuż wykręconej zatoki
Okryła rzeki ramiona.
Tam staje w ciemnym zakątku,
Placze i woła: ""Niestety!
Ach, któż da piersi dzieciątku!
Ach! gdzie ty, Krysiu, ach, gdzie ty?""
""Tu jestem, w rzece u spodu, -
Cichy mu głos odpowiada -
Tutaj drżę cała od chłodu,
A żwir mnie oczki wyjada.
""Przez żwir, przez ostre kamuszki
Fale mnie gwałtowne niosą;
Pokarm mój koralki, muszki.
A zapijam zimną rosą"".
Lecz sługa, jak na początku,
Tak wszystko woła: ""Niestety!
Ach, któż da piersi dzieciątku?
Ach, gdzie ty, Krysiu, ach, gdzie ty?""
Wtem się coś z lekka potrąci
Śród kryształowej przezroczy,
Woda się z lekka zamąci,
Rybka nad wodę podskoczy;
I jak skałka płaskim bokiem
Gdy z lekkich rąk chłopca pierzchnie,
Tak nasza rybka podskokiem
Mokre całuje powierzchnie.
Złotymi plamki nadobna,
Kraśne ma po bokach piórka,
Główka jak naparstek drobna,
Oczko drobne jak paciórka.
Wtem rybią łuskę odwinie,
Spójrzy dziewicy oczyma;
Z głowy jasny włos wypłynie,
Szyjka cieniuchna się wzdyma.
Na licach różana krasa,
Piersi jak jabłuszka mleczne,
Rybią ma płetwę do pasa,
Płynie pod chrusty nadrzeczne.
I dziecię bierze do ręki,
U łona białego tuli,
""Luli - woła - mój maleńki,
Luli, mój maleńki, luli"".
Gdy dziecię płakać przestało,
Zawiesza kosz na gałęzi
I znowu ściska swe ciało,
I główkę nadobną zwęzi.
Znowu ją łuski powleką,
Od boków wyskoczą skrzelki,
Plusła i tylko nad rzeką
Kipiące pękły bąbelki.
Tak co wieczora, co ranka,
Gdy sługa stanie w zakątku,
Wraz wypływa Świtezianka,
Żeby dać piersi dzieciątku.
Za cóż jednego wieczora
Nikt nie przychodzi na smugi?
Już zwykła przemija pora;
Nie widać z dziecięciem sługi.
Nie może on przyjść tą stroną,
Musi zaczekać troszeczkę,
Bo właśnie teraz pan z żoną
Poszli przechadzką nad rzeczkę.
Wrócił się, czekał z daleka,
Za gęstym usiadłszy krzakiem;
Lecz próżno czeka i czeka,
Nikt nie powracał tym szlakiem.
Wstaje i dłoń w trąbkę zwinął,
I patrzył przez palców szparę,
Ale i dzień już przeminął,
I mroki padają szare.
Czekał długo po zachodzie,
A gdy noc gwiazdy zapala,
Zbliża się z lekka ku wodzie
I śledzi oczyma z dala.
Przebóg! cudy czy moc piekła!
Uderza go widok nowy.
Gdzie pierwej rzeczułka ciekła,
Tam suchy piasek i rowy.
Na brzegach porozrzucana
Wala się odzież bez ładu,
Ani pani, ani pana
Nie widać nigdzie ni śladu.
Tylko z zatoki połową
Sterczał wielki głazu kawał
I dziwną kształtu budową
Dwa ludzkia ciała udawał.
Zdumiewa się wierny sługa,
Rozpierzchłych myśli nie złowił;
Przeszła godzina i druga,
Nim wreszcie słówko przemówił.
""Krysiu, o Krysiu!"" - zawoła:
Echo mu ""Krysiu"" odpowie,
Lecz próżno patrzy dokoła,
Nikt nie pokazał się w rowie.
Patrzy na rów i na głazy,
Otrze pot na licu zbladłem,
I kiwnie głową trzy razy,
Jakby chciał mówić: już zgadłem.
Dzieciątko na ręce bierze,
Śmieje się dzikim uśmiechem,
I odmawiając pacierze
Wraca do domu z pośpiechem.

",RYBKA,https://literat.ug.edu.pl/amwiersz/0011.htm
"Bóg się rodzi, moc truchleje,
Pan niebiosów obnażony;
Ogień krzepnie, blask ciemnieje,
Ma granice Nieskończony.
Wzgardzomy - okryty chwałą,
Śmiertelny - Król nad wiekami!...
A Słowo Ciałem się stało
I mieszkało między nami.
Cóż, Niebo, masz nad ziemiany?
Bóg porzucił szczęście twoje,
Wszedł między lud ukochany,
Dzieląc z nim trudy i znoje.
Niemało cierpiał, niemało.
Żeśmy byli winmi sami.
A Słowo Ciałem się stało
I mieszkało między nami.
W nędznej szopie urodzony,
Żłób mu za kolebkę dano!
Cóż jest, czym był otoczony?
Bydło, pasterze i siano.
Ubodzy, was to spotkało
Witać Go przed bogaczami!
A Słowo Ciałem się stało
I mieszkało między nami.
Potem i króle widziani:
Cisną się między prostotą,
Niosąc dary Panu w dani:
Mirrę, kadzidło i złoto.
Bóstwo to razem zmieszało
Z wieśniaczymi ofiarami!...
A Słowo Ciałem się stało,
I mieszkało między nami.
Podnieś rękę, Boże Dziecię,
Błogosław ojczyznę miłą,
W dobrych radach, w dobrym bycie
Wspieraj jej siłę swą siłą,
Dom nasz i majętność całą,
I Twoje wioski z miastami.
A Słowo Ciałem się stało
I mieszkało między nami.

",O NARODZENIU PAŃSKIM,https://literat.ug.edu.pl/krpnski/004.htm
"W głuchej puszczy, przcd chatką leśnika,
Rota strzelców stanęła zielona;
A u wrót stoi straż Pułkownika,
Tam w izdebce Pułkownik ich kona.
Z wiosek zbiegły się tłumy wieśniacze,
Wódz to był wielkiej mocy i sławy,
Kiedy po nim lud prosty tak płacze
I o zdrowie tak pyta ciekawy.
Kazał konia Pułkownik kulbaczyć,
Konia w każdej sławnego potrzebie;
Chce go jeszcze przed śmiercią obaczyć,
Kazał przywieść do izby - do siebie.
Kazał przynieść swój mundur strzelecki,
Swój kordelas i pas, i ładunki;
Stary żołnierz - on chce jak Czarniecki.
Umierając, swe żegnać rynsztunki.
A gdy konia już z izby wywiedli,
Potem do niej wszedł ksiądz z Panem Bogiem;
I żołnierze od żalu pobledli.
A lud modlił się klęcząc przed progiem.
Nawet starzy Kościuszki żołnierze,
Tyle krwi swej i cudzej wylali,
Łzy ni jednej - a teraz płakali
I mówili z księżami pacierze.
Z rannym świtem dzwoniono w kaplicy;
Już przed chatą nie było żołnierza,
Bo już Moskal był w tej okolicy.
Przyszedł lud widzieć zwłoki rycerza,
Na pastuszym tapczanie on leży -
W ręku krzyż, w głowach siodło i burka,
A u boku kordelas, dwururka.
Lecz ten wódz, choć w żołnierskiej odzieży,
Jakie piękne dziewicze ma lica?
Jaką pierś? - Ach, to była dziewica,
To Litwinka, dziewica-bohater,
Wódz Powstańców - Emilija Plater!

",ŚMIERĆ PUŁKOWNIKA,https://literat.ug.edu.pl/amwiersz/0061.htm
"Niemnie, domowa rzeko moja! gdzie są wody,
Które niegdyś czerpałem w niemowlęce dłonie,
Na których potem w dzikie pływałem ustronie,
Sercu niespokojnemu szukając ochłody?
Tu Laura, patrząc z chlubą na cień swej urody,
Lubiła włos zaplatać i zakwiecać skronie,
Tu obraz jej malowny w srebrnej fali łonie
Łzami nieraz mąciłem, zapaleniec młody.
Niemnie, domowa rzeko, gdzież są tamte zdroje.
A z nimi tyle szczęścia, nadziei tak wiele?
Kędy jest miłe latek dziecinnych wesele?
Gdzie milsze burzliwego wieku niepokoje?
Kędy jest Laura moja? gdzie są przyjaciele?...
Wszystko przeszło, a czemuż nie przejdą łzy moje!

",DO NIEMNA,https://literat.ug.edu.pl/amwiersz/0027.htm
"Niech fantastycznie lutnia nastrojona
Wtóruje myśli posępnéj i ciemnéj;
Bom oto wstąpił w grób Agamemnona,
I siedzę cichy w kopule podziemnéj,
Co krwią Atrydów zwalana okrutną.
Serce zasnęło, lecz śni. - Jak mi smutno!
O! jak daleko brzmi ta harfa złota,
Któréj mi tylko echo wieczne słychać!
Druidyczna to z głazów wielkich grota,
Gdzie wiatr przychodzi po szczelinach wzdychać
I ma Elektry głos - ta bieli płótno
I odzywa się z laurów: Jak mi smutno!
Tu po kamieniach, z pracowną Arachną
Kłóci ,się wietrzyk i rwie jéj przędziwo;
Tu cząbry smutne gór spalonych pachną;
Tu wiatr obiegłszy górę ruin siwą,
Napędza nasion kwiatów - a te puchy
Chodzą i w grobie latają jak duchy.
Tu świerszcze polne, pomiędzy kamienie
Przed nadgrobowém pochowane słońcem,
Jakby mi chciały nakazać milczenie,
Sykają. - Strasznym jest Rapsodu końcem
Owe sykanie, co się w grobach słyszy -
Jest objawieniem, hymnem, pieśnią ciszy.
O! cichy jestem jak wy, o! Atrydzi.
Których popioły śpią pod świerszczów strażą.
Ani mię teraz moja małość wstydzi,
Ani się myśli tak jak orły ważą.
Głęboko jestem pokorny i cichy
Tu, w tym grobowcu, sławy, zbrodni, pychy.
Nad drzwiami grobu, na granitu zrębie
Wyrasta dąbek w trójkącie z kamieni,
Posadziły go wróble lub gołębie,
I listkami się czarnemi zieleni,
I słońca w ciemny grobowiec nie puszcza;
Zerwałem jeden liść z czarnego kuszcza;
Nie bronił mi go żaden duch ni mara,
Ani w gałązkach jęknęło widziadło;
Tylko się słońcu stała większa szpara,
I wbiegło złote, i do nóg mi padło.
Zrazu myślałem, że ten co się wdziera
Blask, była struna to z harfy Homera;
I wyciągnąłem rękę na ciemności,
By ją ułowić i napiąć i drżącą
Przymusić do łez i śpiewu i złości
Nad wielkiem niczem
grobów i milczącą
Garstką popiołów: - ale w mojem ręku
Ta struna drgnęła i pękła bez jęku.
Tak więc - to los mój na grobowcach siadać
I szukać smutków błahych, wiotkich, kruchych.
To los mój senne królestwa posiadać,
Nieme mieć harfy i słuchaczów głuchych
Albo umarłych - i tak pełny wstrętu........
Na koń! chcę słońca, wichru, i tententu!
Na koń! - Tu łożem suchego potoku,
Gdzie zamiast wody, płynie laur różowy;
Ze łzą i z wielką błyskawicą w oku,
Jakby mię wicher gnał błyskawicowy,
Lecę, a koń się na powietrzu kładnie -
Jeśli napotka grób rycerzy - padnie.
Na Termopilach? - Nie, na Cheronei
Trzeba się memu załamać koniowi,
Bo jestem z kraju, gdzie widmo nadziei
Dla małowiernych serc podobne snowi
Więc jeśli koń mój w biegu się przestraszy,
To téj mogiły - co równa jest - naszej.
Mnie od mogiły termopilskiéj gotów
Odgonić legion umarłych Spartanów;
Bo jestem z krają smutnego Ilotów,
Z kraju - gdzie rozpacz nie sypie kurhanów,
Z kraju - gdzie zawsze po dniach nieszczęśliwych
Zostaje smutne pół - rycerzy - żywych.
Na Termopilach ja się nie odważę
Osadzić konia w wąwozowym szlaku.
Bo tam być muszą tak patrzące twarze,
Że serce skruszy wstyd - w każdym Polaku.
Ja tam nie będę stał przed Grecyj duchem -
Nie - pierwej skonam: niż tam iść - z łańcuchem.
Na Termopilach - jaką bym zdał sprawę?
Gdyby stanęli męże nad mogiłą?
I pokazawszy mi swe piersi krwawe
Potem spytali wręcz: -
Wiele was było? -
Zapomnij, że jest długi wieków przedział. -
Gdyby spytali tak, - cóż bym powiedział?!
Na Termopilach, bez złotego pasa,
Bez czerwonego leży trup kontusza:
Ale jest nagi trup Leonidasa,
Jest w marmurowych kształtach piękna dusza:
I długo płakał lud takiej ofiary,
Ognia wonnego, i rozbitéj czary.
O! Polsko! póki ty duszę anielską
Będziesz więziła w czerepie rubasznym,
Poty kat będzie rąbał twoje cielsko,
Poty nie będzie twój miecz zemsty strasznym,
Poty mieć będziesz hyjenę na sobie,
I grób - i oczy otworzone w grobie.
Zrzuć do ostatka te płachty ohydne,
Tę - Dejaniry palącą koszulę:
A wstań jak wielkie posągi bezwstydne,
Naga - w styksowym wykąpana mule,
Nowa - nagością żelazną bezczelna -
Nie zawstydzona niczem - nieśmiertelna.
Niech ku północy z cichéj się mogiły
Podniesie naród i ludy przelęknie,
Że taki wielki posąg - z jednéj bryły,
A tak hartowny, że w gromach nie pęknie,
Ale z piorunów ma ręce i wieniec;
Gardzący śmiercią wzrok - życia rumieniec.
Polsko! lecz ciebie błyskotkami łudzą;
Pawiem narodów byłaś i papugą;
A teraz jesteś służebnicą cudzą. -
Choć wiem, ze słowa te nie zadrżą długo
W sercu - gdzie nie trwa myśl nawet godziny:
Mówię - bom smutny - i sam pełen winy.
Przeklnij - lecz ciebie przepędzi ma dusza,
Jak Eumenida przez wężowe rózgi.
Boś ty, jedyny syn Prometeusza -
Sęp ci wyjada nie serce - lecz mózgi.
Choć Muzę moją w twojéj krwi zaszargam,
Sięgnę do wnętrza twych trzew - i zatargam.
Szczeknij z boleści i przeklinaj syna,
Lecz wiedz - że ręka przekleństw wyciągnięta
Nade mną - zwinie się w łęk jak gadzina,
I z ramion ci się odkruszy zeschnięta,
I w proch ją czarne szatany rozchwycą;
Bo nie masz władzy przekląć - Niewolnico!

",UŁAMEK Z GRECKIEJ PODRÓŻY GRÓB AGAMEMNONA,https://literat.ug.edu.pl/jswiersz/016.htm
"Żyłem z wami, cierpiałem i płakałem z wami,
Nigdy mi, kto szlachetny, nie był obojętny,
Dziś was rzucam i dalej idę w cień - z duchami -
A jak gdyby tu szczęście było - idę smętny.
Nie zostawiłem tutaj żadnego dziedzica
Ani dla mojej lutni, ani dla imienia; -
Imię moje tak przeszło jako błyskawica
I będzie jak dźwięk pusty trwać przez pokolenia.
Lecz wy, coście mnie znali, w podaniach przekażcie,
Żem dla ojczyzny sterał moje lata młode;
A póki okręt walczył - siedziałem na maszcie,
A gdy tonął - z okrętem poszedłem pod wodę...
Ale kiedyś - o smętnych losach zadumany
Mojej biednej ojczyzny- przyzna, kto szlachetny,
Że płaszcz na moim duchu był nie wyżebrany,
Lecz świetnościami dawnych moich przodków świetny.
Niech przyjaciele moi w nocy się zgromadzą
I biedne serce moje spalą w aloesie,
I tej, która mi dała to serce, oddadzą -
Tak się matkom wypłaca świat, gdy proch odniesie...
Niech przyjaciele moi siądą przy pucharze
I zapiją mój pogrzeb - oraz własną biédę:
Jeżeli będę duchem, to się im pokażę,
Jeśli Bóg uwolni od męki - nie przyjdę...
Lecz zaklinam - niech żywi nie tracą nadziei
I przed narodem niosą oświaty kaganiec;
A kiedy trzeba, na śmierć idą po kolei,
Jak kamienie przez Boga rzucane na szaniec!...
Co do mnie - ja zostawiam maleńką tu drużbę
Tych, co mogli pokochać serce moje dumne;
Znać, że srogą spełniłem, twardą bożą służbę
I zgodziłem się tu mieć - niepłakaną trumnę.
Kto drugi tak bez świata oklasków się zgodzi
Iść... taką obojętność, jak ja, mieć dla świata?
Być sternikiem duchami napełnionéj łodzi,
I tak cicho odlecieć, jak duch, gdy odlata?
Jednak zostanie po mnie ta siła fatalna,
Co mi żywemu na nic... tylko czoło zdobi;
Lecz po śmierci was będzie gniotła niewidzialna,
Aż was, zjadacze chleba - w aniołów przerobi.

",TESTAMENT MÓJ,https://literat.ug.edu.pl/jswiersz/036.htm
"Niechaj mię Zośka o wiersze nie prosi,
Bo kiedy Zośka do ojczyzny wróci,
To każdy kwiatek powie wiersze Zosi,
Każda jej gwiazdka piosenkę zanuci.
Nim kwiat przekwitnie, nim gwiazdeczka zleci,
Słuchaj - bo to są najlepsi poeci.
Gwiazdy błękitne, kwiateczki czerwone
Będą ci całe poemata składać.
Ja bym to samo powiedział, co one,
Bo ja się od nich nauczyłem gadać;
Bo tam, gdzie Ikwy srebrne fale płyną,
Byłem ja niegdyś, jak Zośka, dzieciną.
Dzisiaj daleko pojechałem w gości
I dalej mię los nieszczęśliwy goni.
Przywieź mi, Zośko, od tych gwiazd światłości,
Przywieź mi, Zośko, z tamtych kwiatów woni,
Bo mi zaprawdę odmłodnieć potrzeba.
Wróć mi więc z kraju taką - jakby z nieba.

",[W PAMIĘTNIKU ZOFII BOBRÓWNY],https://literat.ug.edu.pl/jswiersz/048.htm
"Bogurodzica, dziewica, Bogiem sławiena
Maryja!
U twego syna, Gospodzina, matko zwolena Maryja!
Zyszczy nam, spuści nam.
Kirielejson.
Twego dziela Krzciciela, bożyce,
Usłysz głosy, napełni myśli człowiecze.
Słysz modlitwę, jąż nosimy,
A dać raczy, jegoż prosimy,
A na świecie zbożny pobyt,
Po żywocie rajski przebyt.
Kirielejson.
Nas dla wstał z martwych syn boży,
Wierzyż w to człowiecze zbożny,
Iż przez trud Bog swoj lud
Odjął diablej
strożej.
Przydał nam zdrowia wiecznego,
Starostę skował pkielnego,
Śmierć podjął, wspominął
Człowieka
pirwego.
Jenże trudy cirzpiał zawiernie,
Jeszcze był nie prześpiał zaśmierne,
Aliż sam Bog z martwych wstał.
Adamie, ty boży kmieciu,
Ty siedzisz u Boga [w] wiecu,
Domieściż twe dzieci,
Gdzie krolują
anjeli.
Tegoż nas domieściż, Jezu Kryste miły,
Bychom z Tobą byli,
Gdzież się nam radują szwe niebieskie siły.
Była radość, była miłość, było
widzienie tworca
Anjelskie bez końca,
Tuć się nam zwidziało diable potępienie.
Ni śrzebrzem, ni złotem nas diabłu odkupił,
Swą mocą zastąpił.
Ciebie dla, człowiecze, dał Bog przekłoć
sobie
Ręce, nodze obie.
Kry święta szła z boka na zbawienie
tobie.
Wierzyż w to, człowiecze, iż Jezu Kryst
prawy,
Cirpiał za nas rany,
Swą świętą krew' przelał za nas krześcijany.
O duszy o grzeszne sam Bog pieczą ima,
Diabłu ją otyma,
Gdzie to sam kroluje, k sob[ie] ją przyma.
Maryja dziewice, prośmy synka twego
Krola niebieskiego,
Haza nas huchowa ote wszego złego.
Amen tako Bog daj,
Bychom szli szwyćcy w raj.

",BOGURODZICA,https://literat.ug.edu.pl/bgrdzc/2.htm
"Ujrzał ją znowu po latach
Z krzyżykiem w ręce...
Jak spała cicho na kwiatach
Po życia skończonej męce.
Ujrzał - gdy każde swe słowo,
Każde spojrzenie łaskawsze
Uniosła w ciemność grobową
Na zawsze.
Jak obcy przyszedł tu do niej
W dzikiej rozpaczy,
Wiedząc, że główki nie skłoni,
Nie wstanie i nie przebaczy;
Więc boleść piersi mu targa,
I stoi blady jak chusta,
I straszna tłoczy się skarga
Przez jego usta.
I mówi: ""Już leżysz w trumnie,
Nic cię nie wzruszy -
Nie spojrzysz litośnie ku mnie,
Nie zdejmiesz ciężaru z duszy.
Nikt losów moich nie zmieni
I klątwy nikt nie odwoła,
Nie sięgnie w morze płomieni
Ręka anioła.
Nie dojdzie do twego ucha
Moje wołanie -
Przestrzeń przegradza nas głucha,
Wieczyste ciężkie rozstanie.
Na zawsze pomiędzy nami
Ciemna się przepaść rozwarła...
Mnie czoło występek plami,
A tyś umarła!
Dla innych nadzieją błyska
Grobowca łono,
Bo wiedzą, że duch odzyska
Miłość na ziemi straconą;
Dla innych rozstania chwile
Szybko uniesie czas rączy,
I znów kochanków w mogile
Wieczność połączy.
Lecz mnie zgon również jak życie
Od ciebie dzieli -
Obcą mi będziesz w błękicie,
Jak tu na zmarłych pościeli.
Przedział otworzy daleki
Ta śmierć, co innych przybliża...
Bo nas rozdziela na wieki
Znak krzyża!""

",Rozłączenie,https://literat.ug.edu.pl/asnyk/056.htm
"Smutno
mi, Boże! - Dla mnie na zachodzie
Rozlałeś
tęczę blasków promienistą;
Przede
mną gasisz w lazurowéj wodzie
Gwiazdę
ognistą...
Choć
mi tak niebo ty złocisz i morze,
Smutno
mi, Boże!
Jak
puste kłosy, z podniesioną głową
Stoję
rozkoszy próżen i dosytu...
Dla
obcych ludzi mam twarz jednakową,
Ciszę
błękitu.
Ale
przed tobą głąb serca otworzę,
Smutno
mi, Boże!
Jako
na matki odejście się żali
Mała
dziecina, tak ja płaczu bliski,
Patrząc
na słońce, co mi rzuca z fali
Ostatnie
błyski...
Choć
wiem, że jutro błyśnie nowe zorze,
Smutno
mi, Boże!
Dzisiaj,
na wielkim morzu obłąkany,
Sto
mil od brzegu i sto mil przed brzegiem,
Widziałem
lotne w powietrzu bociany
Długim
szeregiem.
Żem
je znał kiedyś na polskim ugorze,
Smutno
mi, Boże!
Żem
często dumał nad mogiłą ludzi,
Żem
prawie nie znał rodzinnego domu,
Żem
był jak pielgrzym, co się w drodze trudzi
Przy
blaskach gromu,
Że
nie wiem, gdzie się w mogiłę położę,
Smutno
mi, Boże!
Ty
będziesz widział moje białe kości
W
straż nie oddane kolumnowym czołom;
Alem
jest jako człowiek, co zazdrości
Mogił
popiołom...
Więc
że mieć będę niespokojne łoże,
Smutno
mi, Boże!
Kazano
w kraju niewinnéj dziecinie
Modlić
się za mnie co dzień... a ja przecie
Wiem,
że mój okręt nie do kraju płynie,
Płynąc
po świecie...
Więc,
że modlitwa dziecka nic nie może,
Smutno
mi, Boże!
Na
tęczę blasków, którą tak ogromnie
Anieli
twoi w siebie rozpostarli,
Nowi
gdzieś ludzie w sto lat będą po mnie
Patrzący
- marli.
Nim
się przed moją nicością ukorzę,
Smutno
mi, Boże!
Pisałem
o zachodzie słońca, na
morzu przed Aleksandrią.

",HYMN,https://literat.ug.edu.pl/jswiersz/003.htm
"W starym kościółku na Woli
Został jenerał Sowiński,
Starzec o drewnianej nodze,
I wrogom się broni szpadą;
A wokoło leżą wodze
Batalionów i żołnierze,
I potrzaskane armaty,
I gwery: wszystko stracone!
Jenerał się poddać nie chce,
Ale się staruszek broni
Oparłszy się na ołtarzu,
Na białym bożym obrusie,
I tam łokieć położywszy,
Kędy zwykle mszały kładą,
Na lewej ołtarza stronie,
Gdzie ksiądz Ewangelią czyta.
I wpadają adiutanty,
Adiutanty Paszkiewicza,
I proszą go: ""Jenerale,
Poddaj się... nie giń tak marnie"".
Na kolana przed nim padli,
Jak ojca własnego proszą:
""Oddaj szpadę, Jenerale,
Marszałek sam przyjdzie po nią...""
""Nie poddam się wam, panowie -
Rzecze spokojnie staruszek -
Ani wam, ni marszałkowi
Szpady tej nie oddam w ręce,
Choćby sam car przyszedł po nią,
To stary - nie oddam szpady,
Lecz się szpadą bronić będę,
Póki serce we mnie bije.
""Choćby nie było na świecie
Jednego już nawet Polaka,
To ja jeszcze zginąć muszę
Za miłą moją ojczyznę,
I za ojców moich duszę
Muszę zginąć... na okopach,
Broniąc się do śmierci szpadą
Przeciwko wrogom ojczyzny,
""Aby miasto pamiętało
I mówiły polskie dziatki,
Które dziś w kołyskach leżą
I bomby grające słyszą,
Aby, mówię, owe dziatki
Wyrósłszy wspomniały sobie,
Że w tym dniu poległ na wałach
Jenerał - z nogą drewnianą.
""Kiedym chodził po ulicach,
I śmiała się często młodzież,
Żem szedł na drewnianej szczudle
I często, stary, utykał.
Niechże teraz mię obaczy,
Czy mi dobrze noga służy,
Czy prosto do Boga wiedzie
I prędko tam zaprowadzi.
""Adiutanty me, fircyki,
Że byli na zdrowych nogach,
Toteż usłużyli sobie
W potrzebie - tymi nogami,
Tak że muszę na ołtarzu
Oprzeć się, człowiek kulawy,
Więc śmierci szukać nie mogę,
Ale jej tu dobrze czekam.
""Nie klękajcie wy przede mną,
Bo nie jestem żaden święty.
Ale Polak jestem prawy,
Broniący mego żywota;
Nie jestem żaden męczennik,
Ale się do śmierci bronię
I kogo mogę, zabiję,
I krew dam - a nie dam szpady...""
To rzekł jenerał Sowiński,
Starzec o drewnianej nodze,
I szpadą się jako fechmistrz
Opędzał przed bagnetami;
Aż go jeden żołnierz stary
Uderzył w piersi i przebił...
Opartego na ołtarzu
I na tej nodze drewnianej.

",[SOWIŃSKI W OKOPACH WOLI],https://literat.ug.edu.pl/jswiersz/067.htm
"Po morzach wędrował - był kiedyś Farysem,
Pod palmą spoczywał, pod ciemnym cyprysem,
Z modlitwą Araba był w gmachach Khaaba,
Odwiedzał Proroka grobowce.
Koń jego arabski był biały bez skazy.
Siedmiokroć na koniu przeleciał step Gazy,
I stał przed kościołem, i kornym bił czołem,
Jak czynią w Solimie wędrówce.
Miał drogę gwiazdami znaczoną po stepie
I życie niósł własne w skrzydlatym oszczepie,
Błądzący po świecie zaufał w sztylecie,
Bo sztylet mu dała dziewica.
Gdy nocą opuszczał haremu krużganki,
By odciąć drabinę, wziął sztylet kochanki;
Choć broń była żeńska, lecz stal damasceńska,
Hartowna - i złota głowica.
A kiedy odjeżdżał - ta bladła i mdlała,
O sztylet prosiła, bo zabić się chciała.
""Żyj długo - bądź zdrowa, dziewico stepowa,
Twój sztylet położy mnie w grobie.
""Bo kiedy już przeszłość ten step mi zakryje,
Gdy żyć będzie ciężko, to sam się zabiję,
Bo dziką mam duszę. Więc sztylet mieć muszę,
Twój sztylet mieć muszę przy sobie"".
Smutnego uniosły arabskie latawce,
Bo znikła z krużganku, bo widział w sadzawce
Pod oknem, w ogrodzie, fal koła na wodzie
I białą zasłonę... O Lachu!...
I nocą obaczył kraj miły, rodzony,
Gdy księżyc się wznosił na stepach czerwony.
W noc nawet i ślepy poznałby te stepy
Po kwiatów rodzinnych zapachu.
A niwa mu do stóp kłaniała się złota,
I marzył, że wierny druh wyjdzie przed wrota.
Lecz druhów nie było... Pod zimną mogiłą
Posnęli, gdy błądził w pustyni.
Więc jechał samotny, nie znany nikomu,
Lecz jeszcze z dziedzińca, od wrót swego domu,
Odwrócić chciał konia i jechać na błonia,
Gdzie błądzą jak wiatr Beduini.
Lecz konia podkowy rozkute od krzemion,
I koń był zmęczony... Więc skoczył ze strzemion
I wszedł do siedziby, bez zamka, bez szyby,
Gdzie rosą próchniało obicie.
I miło mu było, gdy ujrzał te skały
Nad ciemnym Smotryczem - gdzie orzeł żył biały
I wił sobie gniazdo; nadziei był gwiazdą,
Po nieba szybując błękicie.
Dla konia w ogrodzie budował altany,
I żłoby pozłacał - z kryształu dał ściany.
Przed cara żołdakiem mógł uciec tym ptakiem
Daleko - i wolnym być zawsze.
I ludzi żałował, że żaden z nich nie miał
Szybkiego tak konia; więc każdy oniemiał,
I był jakby głazem pod cara rozkazem
A były rozkazy co krwawsze.
Raz, starym zwyczajem pomarłych już rodzin,
Ten Emir arabski w dzień Pańskich narodzin,
Na sianie, za stołem, przyjaciół swych kołem
Połamał opłatek i spożył.
A potém, jak przodków święcono zwyczajem,
Wniósł toast nadziei stoletnim tokajem:
""Żyj, Polsko, wiek sławy!"" Wtem goniec z Warszawy
Przyleciał - zawołał: ""Kraj ożył!""
Więc Emir w stepowe zapuszcza się szlaki,
A za nim na koniach buńczuczne Kozaki,
W czerwieni i w bieli, po stepach płynęli,
Po smutnych kurhanach przeszłości.
I cały ten szereg, błyszczący od stali,
Zrównanym galopem jak morze się fali;
Gdzie słychać dział huki tam lecą buńczuki
Jak gwiazdy z ogonem jasności.
Emira Kozaki gdy błądzą przez wrzosy,
Umieją pieśń dziką rozłamać na głosy.
Pieśń z echem odsyła stepowa mogiła,
Pieśń grzmiącą: ""Ho urra! nasz Emir!""
Do cara pieśń doszła - wściekłością się pienił
I głowę Emira na ruble ocenił;
Bo myślał, że w kraju z hordami Nogaju
Czyngiskan szedł - Batt lub Kantemir.
Bo umiał Rzewuski jak Arab stepowy
Płachtami rumakom ogłuszyć podkowy,
I cicho, gdy spali, pod Obóz Moskali
Podkradać się - bić- i brać działa.
Więc ściągnął, jak wszyscy ściągali, pod Daszów,
Gdzie nasza konnica ze szczękiem pałaszów,
Z wesołym okrzykiem stanęła w mur szykiem
I chmurą proporców powiała.
A kiedy z mgły srebrnéj wybiło się słońce,
Ujrzeli Moskalów - straż przednią i Dońce.
Mur dział jak mur złota, a za nim piechota
W bagnety porosła jak zboże.
I cicho... Wtém bomba śmierciami ciężarna
Upadła w szeregi zwichrzona i czarna.
A nasi w téj chwili jeszcze się modlili,
Do nieba wołali: ""O Boże!""
I razem bomb tysiąc zaryło się w stepy,
Rozpękłe wrącymi ciskały czerepy,
I grzmiały, dopokąd piechoty czworokąt
Nasz Emir opasał konnicą.
I strasznie ją ściskał, w żelazne brał skręty,
Przednimi nogami na bagnet koń wspięty
Tak jak oczerety połamał bagnety,
W złamanych miecz wiał błyskawicą.
Przemogliby nasi, choć bój był rozpaczny -
Wtem wódz od armaty dał rozkaz dwuznaczny:
""Konnica na skrzydła!"" - zwinęli wędzidła,
Odbiegli, ostygli w zapale.
I popłoch się wmieszał, ów, co był przyczyną
Wszczętego popłochu, nie przeżył godziną.
Bojaźni nie dzielił, dwa działa wystrzelił
I sam się zastrzelił na dziale. *
On może wśród bólów ostatnich zgryzoty
Pamiętał, że dzieci zostawiał sieroty.
Lecz śmierć zwyciężyła, niech dziś więc mogiła
Ma łzy, a nie skargi wygnańca.
A Emir, gdy ogień ucichał armatni,
Ujeżdżał z rozpaczą, choć zjeżdżał ostatni.
Któż męstwa zaprzecza? gdy szczerby nić miecza
Powlekły jak perły różańca.
A kiedy opuszczał kraj miły, rodzony,
Znów księżyc się wznosił na stepach czerwony.
""Leć prędzéj po błoniu, odpoczniesz, mój koniu,
Gdy w ziemi staniemy tureckiéj.
""O koniu! mój koniu, gdzie twoje zalety?
Czyś może się rozkuł deptając bagnety?
Czyś złaman w kul wiatrze? Stój, koniu, opatrzę,
Czy nie ma gdzie kuli zdradzieckiéj?
""Ha zdrowy!... To dobrze, lecz jechać w noc trudno"".
Więc chatę na stepach upatrzył odludną,
Koń zimne gryzł kwiaty, a Emir wśród chaty
Zmęczony zalegał na ziemi...
I zasnął głęboko - bo trud go osłabił...
Śpiącego od cara najęty chłop zabił,
I sztylet dziewicy do złotéj głowicy
W pierś nurzył rękami drzącemi.
O! czemuś, Emirze, nie oddał kindżała
Stepowéj dziewicy, gdy zabić się chciała?
Dziś ona śpi w fali, lecz dar jéj ze stali
Na wieki w twym sercu zostanie.
A w Moskwie z dział bito na górze pokłonnéj
I miasto się trzęsło od pieśni studzwonnéj.
Cieszył się car ruski, że Emir Rzewuski
W stepowym śpi cicho kurhanie.
* Orlikowski, kapitan artylerii konnej, dowodzący działami
w bitwie pod Daszowem. Skończył, jak powyżej duma
opisuje.

",DUMA O WACŁAWIE RZEWUSKIM,https://literat.ug.edu.pl/jswiersz/012.htm
"Szukajcie prawdy jasnego płomienia!
Szukajcie nowych, nie odkrytych dróg...
Za każdym krokiem w tajniki stworzenia
Coraz się dusza ludzka rozprzestrzenia,
I większym staje się Bóg!
Choć otrząśniecie kwiaty barwnych mitów,
Choć rozproszycie legendowy mrok,
Choć mgłę urojeń zedrzecie z błękitów,
Ludziom niebiańskich nie zbraknie zachwytów,
Lecz dalej sięgnie ich wzrok.
Każda epoka ma swe własne cele
I zapomina o wczorajszych snach...
Nieście więc wiedzy pochodnię na czele
I nowy udział bierzcie w wieków dziele,
Przyszłości podnoście gmach!
Ale nie depczcie przeszłości ołtarzy,
Choć macie sami doskonalsze wznieść;
Na nich się jeszcze święty ogień żarzy,
I miłość ludzka stoi tam na straży,
I wy winniście im cześć!
Ze światem, który w ciemność już zachodzi
Wraz z całą tęczą idealnych snów,
Prawdziwa mądrość niechaj was pogodzi -
I wasze gwiazdy, o zdobywcy młodzi,
W ciemnościach pogasną znów!

",Do młodych,https://literat.ug.edu.pl/asnyk/080.htm
"Daremne żale
Daremne żale - próżny trud,
Bezsilne złorzeczenia!
Przeżytych kształtów żaden cud
Nie wróci do istnienia.
Świat wam nie odda, idąc wstecz,
Znikomych mar szeregu -
Nie zdoła ogień ani miecz
Powstrzymać myśli w biegu.
Trzeba z żywymi naprzód iść,
Po życie sięgać nowe...
A nie w uwiędłych laurów liść
Z uporem stroić głowę.
Wy nie cofniecie życia fal!
Nic skargi nie pomogą -
Bezsilne gniewy, próżny żal!
Świat pójdzie swoją drogą.

",Daremne żale,https://literat.ug.edu.pl/asnyk/057.htm
"Między nami nic nie było
Między nami nic nie było!
Żadnych zwierzeń, wyznań żadnych,
Nic nas z sobą nie łączyło
Prócz wiosennych marzeń zdradnych;
Prócz tych woni, barw i blasków
Unoszących się w przestrzeni,
Prócz szumiących śpiewem lasków
I tej świeżej łąk zieleni;
Prócz tych kaskad i potoków
Zraszających każdy parów,
Prócz girlandy tęcz, obłoków,
Prócz natury słodkich czarów;
Prócz tych wspólnych, jasnych zdrojów,
Z których serce zachwyt piło,
Prócz pierwiosnków i powojów
Między nami nic nie było!

",Między nami nic nie było,https://literat.ug.edu.pl/asnyk/001.htm
"Nie rzucim ziemi, skąd nasz ród,
Nie damy pogrześć mowy!
Polski my naród, polski lud,
Królewski szczep Piastowy,
Nie damy, by nas zniemczył wróg...
- Tak nam dopomóż Bóg!

Do krwi ostatniej kropli z żył
Bronić będziemy Ducha,
Aż się w rozpadnie w proch i w pył
Krzyżacka zawierucha.
Twierdzą nam będzie każdy próg...
- Tak nam dopomóż Bóg!  

Nie będzie Niemiec pluł nam w twarz
Ni dzieci nam germanił.
Orężny wstanie hufiec nasz,
Duch będzie nam hetmanił,
Pójdziem, gdy zabrzmi złoty róg...
- Tak nam dopomóż Bóg!

",ROTA,https://literat.ug.edu.pl/mariakon/018.htm
"Szedł po świecie Bajdała,
Co go wiosna zagrzała -
Oprócz siebie - wiódł szkapę, oprócz szkapy - wołu,
Tyleż tędy, co wszędy, szedł z nimi pospołu.
Zachciało się Bajdale,
Przespać upał w upale,
Wypatrzył zezem ściółkę ze mchu popod lasem,
Czy dogodna dla karku - spróbował obcasem.
Poległ cielska tobołem
Między szkapą a wołem,
Skrzywił gębę na bakier i jęzorem mlasnął
I ziewnął wniebogłosy i splunął i zasnął.
Nie wiadomo dziś wcale,
Co się śniło Bajdale?
Lecz wiadomo, że szpecąc przystojność przestworza,
Wylazł z rowu Dusiołek, jak półbabek z łoża.
Pysk miał z żabia ślimaczy -
(Że też taki żyć raczy!) -
A zad tyli, co kwoka, kiedy znosi jajo.
Milcz gębo nieposłuszna, bo dziewki wyłają!
Ogon miał ci z rzemyka,
Podogonie zaś z łyka.
Siadł Bajdale na piersi, jak ten kruk na snopie -
Póty dusił i dusił, aż coś warkło w chłopie!
Warkło, trzasło, spotniało!
Coć się stało, Bajdało?
Dmucha w wąsy ze zgrozy, jękiem złemu przeczy -
Słuchajta, wszystkie wierzby, jak chłop przez sen beczy!
Sterał we śnie Bajdała
Pół duszy i pół ciała,
Lecz po prawdzie niedługo ze zmorą marudził -
Wyparskał ją nozdrzami, zmarszczył się i zbudził.
Rzekł Bajdała do szkapy:
Czemu zwieszasz swe chrapy?
Trzebać było kopytem Dusiołka przetrącić,
Zanim zdążył mój spokój w całym polu zmącić!
Rzekł Bajdała do wołu:
Czemuś skąpił mozołu?
Trzebać było rogami Dusiołka postronić,
Gdy chciał na mnie swej duszy paskudę wyłonić!
Rzekł Bajdała do Boga:
O, rety - olaboga!
Nie dość ci, żeś potworzył mnie, szkapę i wołka,
Jeszcześ musiał takiego zmajstrować Dusiołka?

",DUSIOŁEK,https://literat.ug.edu.pl/lesman/dusiol.htm
"Dewotce służebnica w czymsiś przewiniła
Właśnie natenczas, kiedy pacierze kończyła.
Obróciwszy się przeto z gniewem do dziewczyny,
Mówiąc właśnie te słowa: ""... i odpuść nam winy,
Jako my odpuszczamy"" - biła bez litości.
Uchowaj, Panie Boże, takiej pobożności.

",DEWOTKA,https://literat.ug.edu.pl/ikbajk/021.htm
"Gęsi, iż Rzym uwolniły,
Wielbione były;
A że się to i w nocy, i krzyczeniem działo,
Ujęte chwałą
Szły na radę i stanęło,
Aby zacząć nowe dzieło:
W krzyczeniu się nie oszczędzić,
Lisy z łasa wypędzić.
Więc wspaniałe a żwawe
Poszły w nocy i wrzawę
W lesie zrobiły,
Lisy zbudziły.
A te, gdy z jam wypadły,
Zgryzły gęsi i zjadły.

",GĘSI,https://literat.ug.edu.pl/ikbajk/050.htm
"Dwaj portretów malarze słynęli przed laty:
Piotr dobry, a ubogi. Jan zły, a bogaty.
Piotr malował wybornie, a głód go uciskał,
Jaa mato i źle robił, więcej jednak zyskał.
Dlaczegoż los tak różny mieli ci malarze?
Piotr malował podobne, Jan piękniejsze twarze.

",MALARZE,https://literat.ug.edu.pl/ikbajk/055.htm
"Snycerz za to, że nieraz na klocu odpoczął,
Statuę Herkulesa robić z niego począł.
Jeszcze rąk nie dokończył, już rycerz zuchwały
Niekontent, że był w sieniach, chciał osiąść dom cały.
Zląkł się snycerz nad takim wdzięczności owocem;
Uciął ręce i nogi - kloc został się klocem

",SNYCERZ I STATUA,https://literat.ug.edu.pl/ikbajk/036.htm
"Ugrzązł wóz, ani ruszyć już się nie mógł w błocie;
Ustał furman, ustały i konie w robocie.
Motyl, który na wozie siedział wtenczas prawie,
Sądząc, że był ciężarem w takowej przeprawie,
Pomyśli! sobie: ""Litość nie jest złym nałogiem"".
Zleciał i rzekł do chłopa: ""Jedźże z Panem
Bogiem!""

",FURMAN I MOTYL,https://literat.ug.edu.pl/ikbajk/026.htm
"Strzygąc pasterz owieczkę nad tym się rozwodził,
Jak wiele prac ponosi, żeby jej dogodził.
Że milczała: ""Niewdzięczna!"" - żwawie ją ofuknie.
Więc rzekła: ""Bóg ci zapłać... a z czego te suknie?""

",OWIECZKA I PASTERZ,https://literat.ug.edu.pl/ikbajk/016.htm
"Po dwudziestu dekretach, trzynastu remisach,
Czterdziestu kondemnatach, sześciu kompromisach
Zwyciężył Marek Piotra; a że się zbogacił,
Ostatnie trzysta złotych za dekret zapłacił.
Umarł Piotr, umarł Marek, powróciwszy z grodu:
Ten, co przegrał, z rozpaczy; ten, co wygrał, z głodu.

",PIENIACZE,https://literat.ug.edu.pl/ikbajk/014.htm
"Wszytki płacze, wszytki
łzy Heraklitowe
I lamenty, i skargi Symonidowe,
Wszytki troski na świecie,
wszytki wzdychania
I żale, i frasunki, i
rąk łamania,
Wszytki a wszytki za raz w dom się mój noście,
A mnie płakać mej wdzięcznej dziewki pomożcie,
Z którą mię niepobożna
śmierć rozdzieliła
I wszytkich moich pociech nagle zbawiła.
Tak więc smok,
upatrzywszy gniazdko kryjome,
Słowiczki liche zbiera, a
swe łakome
Gardło pasie; tymczasem
matka szczebiece
Uboga, a na zbójcę coraz
się miece,
Prózno ! bo i na sarnę
okrutnik zmierza,
A ta nieboga ledwe umyka pierza.
""Prózno płakać"" - podobno drudzy rzeczecie.
Cóż, prze Bóg żywy,
nie jest prózno na świecie?
Wszytko prózno! Macamy, gdzie miękcej w rzeczy,
A ono wszędy ciśnie!
Błąd - wiek człowieczy!
Nie wiem, co lżej : czy w
smutku jawnie żałować,
Czyli się z przyrodzeniem
gwałtem mocować?

",TREN I,https://literat.ug.edu.pl/kochan/tren001.htm
"Jeslim kiedy nad dziećmi piórko miał zabawić,
A kwoli temu wieku lekkie rymy stawić,
Bodajżebych był raczej
kolebkę kołysał
I z drugimi nieważne
mamkom pieśni pisał,
Którymi by dziecinki noworodne spiły
I swoich wychowańców
lamenty tóliły!
Takie fraszki mnie zbierać pożyteczniej było
Niżli, w co mię
nieszczęście moje dziś wprawiło,
Płakać nad głuchym grobem mej wdzięcznej
dziewczyny
I skarżyć się na srogość ciężkiej Prozerpiny.
Alem użyć w obojgu jednakiej wolności
Nie mógł: owom ominął,
jako w dordzałości
Dowcipu coś ranego; na to
mię przygoda
Gwałtem wbiła i moja
nienagrodna szkoda.
Ani mi teraz łacno
dowiadać się o tym,
Jaka mię z płaczu mego
czeka cześć na poty m.
Nie chciałem żywym
śpiewać, dziś
umarłym muszę.
A cudzej śmierci
płacząc, sam swe kości suszę.
Prózno to! Jakie szczęście
ludzi naszladuje,
Tak w nas albo dobrą
myśl, albo złą sprawuje.
O prawo krzywdy pełne! O
znikomych cieni
Sroga, nieubłagana,
nieużyta ksieni !
Tak li moja Orszula, jeszcze żyć na świecie
Nie umiawszy, musiała w
ranym umrzeć lecie?
I nie napatrzawszy się
jasności słonecznej
Poszła, nieboga, widzieć krajów nocy wiecznej !
A bodaj ani była świata
oglądała!
Co bowiem więcej, jeno
ród a śmierć poznała?
A miasto pociech, które winna z czasem była
Rodzicom swym, w ciężkim
je smutku zostawiła.

",TREN II,https://literat.ug.edu.pl/kochan/tren002.htm
"Wzgardziłaś mną,
dziedziczko moja ucieszona!
Zdałać się ojca twego barziej uszczuplona
Ojczyzna, niżlibyś ty
przestać na niej miała.
To prawda, żeby była
nigdy nie zrównała
Z ranym rozumem twoim, z pięknymi
przymioty,
Z których się już
znaczyły twoje przyszłe cnoty.
O słowa! o zabawo! o
wdzięczne ukłony!
Jakożem ja dziś po was
wielce zasmucony!
A ty, pociecho moja, już
mi się nie wrócisz
Na wieki ani mojej tesknice okrócisz!
Nie lza, nie lza, jedno się
za tobą gotować
A stopeczkami twymi ciebie naszladować.
Tam cię ujźrzę, da Pan
Bóg, a ty więc drogimi
Rzuć
się ojcu do szyje ręczynkami swymi!

",TREN III,https://literat.ug.edu.pl/kochan/tren003.htm
"Zgwałciłaś, niepobożna Śmierci, oczy moje,
Żem widział umierając miłe dziecię swoje!
Widziałem, kiedyś
trzęsła owoc niedordzały,
A rodzicom nieszczęsnym
serca się krajały.
Nigdyć by ona była bez wielkiej
źałości
Mojej umrzeć nie mogła, nigdy bez ciężkości
I serdecznego bolu, w którymkolwiek lecie
Mnie by smutnego była
odbiegła na świecie;
Alem ja już z jej
śmierci nigdy żałościwszy,
Nigdy smutniejszy nie mógł
być ani teskliwszy.
A ona, by był Bóg
chciał, dłuższym wiekiem swoim
Siła pociech przymnożyć mogła oczom moim.
A przynamniej tymczasem mogłem
był odprawić
Wiek swój i Persefonie ostatniej się stawić,
Nie uczuwszy na sercu tak wielkiej żałości,
Której równia nie widzę
w tej tu śmiertelności.
Nie dziwuję Niobie, że
na martwe ciała
Swoich namilszych dziatek patrząc skamieniała.

",TREN IV,https://literat.ug.edu.pl/kochan/tren004.htm
"Jako oliwka mała pod
wysokim sadem
Idzie z ziemie ku górze macierzyńskim śladem,
Jeszcze ani gałązek, ani
listków rodząc,
Sama tylko dopiro szczupłym
prątkiem wschodząc:
Tę jesli, ostre ciernie
lub rodne pokrzywy
Uprzątając, sadownik
podciął ukwapliwy,
Mdleje zaraz, a zbywszy siły
przyrodzonej,
Upada przed nogami matki ulubionej -
Takci się mej namilszej
Orszuli dostało.
Przed oczyma rodziców swoich rostąc, mało
Od ziemie się co
wznióswszy, duchem zaraźliwym
Srogiej Śmierci
otchniona, rodzicom troskliwym
U nóg martwa upadła. O
zła Persefono,
Mogłażeś tak wielu
łzam dać upłynąć płono?

",TREN V,https://literat.ug.edu.pl/kochan/tren005.htm
"Ucieszna moja śpiewaczko! Safo słowieńska!
Na którą nie tylko moja cząstka ziemieńska,
Ale i lutnia dziedzicznym prawem spaść miała!
Tęś nadzieję już po sobie okazowała,
Nowe piosnki sobie tworząc, nie zamykając
Ustek nigdy, ale cały dzień prześpiewając,
Jako więc lichy słowiczek w krzaku zielonym
Całą noc prześpiewa gardłkiem swym ucieszonym.
Prędkoś mi nazbyt umilkła! Nagle cię sroga
Śmierć spłoszyła, moja wdzięczna szczebiotko droga!
Nie nasyciłaś mych uszu swymi piosnkami,
I tę trochę teraz płacę sowicie łzami.
A tyś ani umierając śpiewać przestała,
Lecz matkę, ucałowawszy, takeś żegnała
""Już ja tobie, moja matko, służyć nie będę
Ani za twym wdzięcznym stołem miejsca zasiędę;
Przyjdzie mi klucze położyć, samej precz jechać,
Domu rodziców swych miłych wiecznie zaniechać.""
To i czego żal ojcowski nie da serdeczny
Przypominać więcej, był jej głos ostateczny.
A matce, słysząc żegnanie tak żałościwe,
Dobre serce, że od żalu zostało żywe.

",TREN VI,https://literat.ug.edu.pl/kochan/tren006.htm
"Nieszczęsne ochędóstwo, żałosne ubiory
Mojej namilszej cory!
Po co me smutne oczy za sobą ciągniecie,
Żalu mi przydajecie?
Już ona członeczków swych wami nie odzieje -
Nie masz, nie masz nadzieje!
Ujął ją sen żelazny, twardy, nieprzespany...
Już letniczek pisany
I uploteczki wniwecz, i paski złocone,
Matczyne dary płone.
Nie do takiej łożnice, moja dziewko droga,
Miała cię mać uboga
Doprowadzić! Nie takąć dać obiecowala
Wyprawę, jakąć dała
Giezłeczkoć tylko dała a lichą tkaneczkę;
Ojciec ziemie brełeczkę
W główki włożył. - Niestetyż, i posag, i ona
W jednej skrzynce zamkniona!

",TREN VII,https://literat.ug.edu.pl/kochan/tren007.htm
"Wielkieś mi uczyniła pustki w domu moim,
Moja droga Orszulo, tym zniknieniem swoim!
Pełno nas, a jakoby nikogo nie było:
Jedną maluczką duszą tak wiele ubyło.
Tyś za wszytki mówiła, za wszytki śpiewała,
Wszytkiś w domu kąciki zawżdy pobiegała.
Nie dopuściłaś nigdy matce się frasować
Ani ojcu myśleniem zbytnim głowy psować,
To tego, to owego wdzięcznie obłapiając
I onym swym uciesznym śmiechem zabawiając.
Teraz wszytko umilkło, szczere pustki w domu,
Nie masz zabawki, nie masz rozśmiać się nikomu.
Z każdego kąta żałość człowieka ujmuje,
A serce swej pociechy darmo upatruje.

",TREN VIII,https://literat.ug.edu.pl/kochan/tren008.htm
"Kupić by cię, Mądrości, za drogie pieniądze!
Która, jesli prawdziwie mienią, wszytki żądze,
Wszytki ludzkie frasunki umiesz wykorzenić,
A człowieka tylko nie w anioła odmienić,
Który nie wie, co boleść, frasunku nie czuje,
Złym przygodom nie podległ, strachom nie hołduje.
Ty wszytki rzeczy ludzkie masz za fraszkę sobie,
Jednaką myśl tak w szczęściu, jako i w żałobie
Zawżdy niesiesz. Ty śmierci namniej się nie boisz,
Bezpieczna, nieodmienna, niepożyta stoisz.
Ty bogactwa nie złotem, nie skarby wielkimi,
Ale dosytem mierzysz i przyrodzonymi
Potrzebami. Ty okiem swym nieuchronionym
Nędznika upatrujesz pod dachem złoconym,
A uboższym nie zajźrzysz szczęśliwego mienia,
Kto by jedno chciał słuchać twego upomnienia.
Nieszczęśliwy ja człowiek, którym lata swoje
Na tym strawił, żebych był ujźrzał progi twoje!
Terazem nagle z stopniów ostatnich zrzucony
I między insze, jeden z wiela, policzony.

",TREN IX,https://literat.ug.edu.pl/kochan/tren009.htm
"Orszulo moja wdzięczna, gdzieś mi się podziała?
W którą stronę, w którąś się krainę udała?
Czyś ty nad wszytki nieba wysoko wniesiona
I tam w liczbę aniołków małych policzona?
Czyliś do raju wzięta? Czyliś na szczęśliwe
Wyspy zaprowadzona? Czy cię przez teskliwe
Charon jeziora wiezie i napawa zdrojem
Niepomnym, że ty nie wiesz nic o płaczu mojem?
Czy, człowieka zrzuciwszy i myśli dziewicze,
Wzięłaś na się postawę i piórka słowicze?
Czyli się w czyścu czyścisz, jesli z strony ciała
Jakakolwiek zmazeczka na tobie została?
Czyś po śmierci tam poszła, kędyś pierwej była,
Niżeś się na mą ciężką żałość urodziła?
Gdzieśkolwiek jest, jesliś jest, lituj mej żałości,
A nie możesz li w onej dawnej swej całości,
Pociesz mię, jako możesz, a staw' się przede mną
Lubo snem, lubo cieniem, lub marą nikczemną!

",TREN X,https://literat.ug.edu.pl/kochan/tren010.htm
"Fraszka cnota ! - powiedział Brutus porażony...
Fraszka, kto się przypatrzy, fraszka z każdej strony!
Kogo kiedy pobożność jego ratowała?
Kogo dobroć przypadku złego uchowała?
Nieznajomy wróg jakiś miesza ludzkie rzeczy
Nie mając ani dobrych, ani złych na pieczy.
Kędy jego duch wienie, żaden nie ulęże;
Praw-li, krzyw-li, bez braku każdego dosięże.
A my rozumy swoje przedsię udać chcemy:
Hardzi miedzy prostaki, że nic nie umiemy,
Wspinamy się do nieba, boże tajemnice
Upatrując; ale wzrok śmiertelnej źrzenice
Tępy na to! Sny lekkie, sny płoche nas bawią,
Które się nam podobno nigdy nie wyjawią...
Żałości! co mi czynisz? Owa już oboje
Mam stracić: i pociechę, i baczenie swoje?

",TREN XI,https://literat.ug.edu.pl/kochan/tren011.htm
"Żaden ojciec podobno barziej nie miłował
Dziecięcia, żaden barziej nad mię nie żałował.
A też ledwe się kiedy dziecię urodziło.
Co by łaski rodziców swych tak godne było.
Ochędożne, posłuszne, karne, niepieszczone,
Śpiewać, mówić, rymować jako co uczone;
Każdego ukłon trafić; wyrazić postawę,
Obyczaje panieńskie umieć i zabawę;
Roztropne, obyczajne, ludzkie, nierzewniwe,
Dobrowolne, układne, skromne i wstydliwe.
Nigdy ona po ranu karmie nie wspomniała,
Aż pierwej Bogu swoje moditwy oddała.
Nie poszła spać, aż pierwej matkę pozdrowiła
I zdrowie rodziców swych Bogu poruczyła.
Zawżdy przeciwko ojcu wszytki przebyć progi,
Zawżdy się uradować i przywitać z drogi,
Każdej roboty pomóc, do każdej posługi
Uprzedzić było wszytki rodziców swych sługi.
A to w tak małym wieku sobie poczynała,
Że więcej nad trzydzieści miesięcy nie miała.
Tak wiele cnót jej młodość i takich dzielności
Nie mogła znieść; upadła od swejże bujności,
Żniwa nie doczekawszy! Kłosie mój jedyny,
Jeszcześ mi się był nie zstał, a ja, twej godziny
Nie czekając; znowu cię w smutną ziemię sieję!
Ale pospołu z tobą grzebę i nadzieję:
Bo już nigdy nie wznidziesz ani przed mojema
Wiekom wiecznie zakwitniesz smutnymi oczema.

",TREN XII,https://literat.ug.edu.pl/kochan/tren012.htm
"Moja wdzięczna Orszulo, bodaj ty mnie była
Albo nie umierała lub się nie rodziła!
Małe pociechy płacę wielkim żalem swoim
Za tym nieodpowiednym pożegnaniem twoim.
Omyliłaś mię jako nocny sen znikomy,
Który wielkością złota cieszy smysł łakomy,
Potym nagle uciecze, a temu na jawi
Z onych skarbów jeno chęć a żądzą zostawi.
Takeś ty mnie, Orszulo droga, uczyniła
Wielkieś nadzieje w moim sercu roznieciła,
Potymeś mię, smutnego, nagle odbieżała
I wszytki moje z sobą pociechy zabrała.
Wzięłaś mi, zgoła mówiąc, dusze połowicę;
Ostatek przy mnie został na wieczną tesknicę.
Tu mi kamień, murarze, ciosany połóżcie,
A na nim tę nieszczęsną pamiątkę wydróżcie:
""Orszula Kochanowska tu leży, kochanie
Ojcowe albo raczej płacz i narzekanie.
Opakeś to, niebaczna śmierci, udziałała
Nie jać onej, ale mnie ona płakać miała.

",TREN XIII,https://literat.ug.edu.pl/kochan/tren013.htm
"Gdzie te wrota nieszczęsne, którymi przed laty
Puszczał się w ziemię Orfeus szukając swej straty?
Żebych ja też tąż ścieżką swej namilszej córy
Poszedł szukać i on bród mógł przebyć, przez który
Srogi jakiś przewoźnik wozi blade cienie
I w lasy niewesołe cyprysowe żenie.
A ty mię nie zostawaj, wdzięczna lutni moja,
Ale ze mną pospołu pódź aż do pokoja
Surowego Plutona! Owa go to łzami,
To tymi żałosnymi zmiękczywa pieśniami,
Że mi moję namilszą dziewkę jeszcze wróci,
A ten nieuśmierzony we mnie żal ukróci.
Zginąć ci mu nie może, tuć się wszytkim zostać,
Niech się tylko niedoszłej jagodzie da dostać.
Gdzie by też tak kamienne ten bóg serce nosił,
Żeby tam smutny człowiek już nic nie uprosił!
Cóż temu rzec? Więc tamże już za jedną drogą
Zostać, a z duszą za raz zewlec troskę srogą.

",TREN XIV,https://literat.ug.edu.pl/kochan/tren014.htm
"Erato złotowłosa i ty, wdzięczna lutni,
Skąd pociechę w swych troskach biorą ludzie smutni!
Uspokójcie na chwilę strapioną myśl uroję,
Póki jeszcze kamienny w polu słup nie stoję,
Lejąc ledwie nie krwawy płacz przez marmór żywy,
Żalu ciężkiego pamięć i znak nieszczęśliwy.
Mylę się? czyli, patrząc na ludzkie przygody,
Skromniej człowiek uważa i swe własne szkody?
Nieszczesna matko (jesli przyczytać możemy ,
Nieszczęściu, co prze głupi swój rozum cierpiemy),
Gdzie teraz twych siedm' synów i dziewek tak wiele?
Gdzie pociecha? gdzie radość i twoje wesele?
Widzę czternaście mogił, a ty, nieszczęśliwa
I podobno tak długo nad wolą swą żywa,
Obłapiasz zimne groby, w których - ach, niebogo -
Składłaś dziateczki swoje zagubione srogo!
Takie więc kwiaty leżą kosą podsieczone
Albo deszczem gwałtownym na ziemię złożone.
W którą nadzieję żywiesz? Czego czekasz więcej?
Czemu śmiercią żałości nie zbywasz co pręcej?
A wasze prędkie strzały albo łuk co czyni
Niepochybny, o Febe i mściwa bogini?
Albo z gniewu, bo winna, albo więc z litości
Dokonajcie, prze Boga, jej biednej starości!
Nowa pomsta, nowa kaźń hardą myśl potkała
Dziatek płacząc Niobe sama skamieniała
I stoi na Sypilu marmor nieprzetrwany,
Jednak i pod kamieniem żywią skryte rany.
Jej bowiem łzy serdeczne skałę przenikają
I przeźroczystym z góry strumieniem spadają,
Skąd źwierz i ptastwo pije; a ta w wiecznym pęcie
Tkwi w rogu skały wiatrom szalonym na wstręcie.
Ten grób nie jest na martwym, ten martwy nie w grobie
Ale samże jest martwym, samże grobem sobie.

",TREN XV,https://literat.ug.edu.pl/kochan/tren015.htm
"Pańska ręka mię dotknęła,
Wszytkę mi radość odjęta:
Ledwe w sobie czuję duszę
I tę podobno dać muszę.
Lubo wstając gore jaśnie,
Lubo padnąc slońce gaśnie,
Mnie jednako serce boli,
A nigdy się nie utoli.
Oczu nigdy nie osuszę -
I tak wiecznie płakać muszę!
Muszę płakać! - O mój Boże,
Kto się przed Tobą skryć może?
Prózno morzem nie pływamy,
Prózno w bitwach nie bywamy:
Ugodzi nieszczęście wszędzie,
Choć podobieństwa nie będzie.
Wiodłem swój żywot tak skromnie,
Że ledwe kto wiedział o mnie,
A zazdrość i złe przygody
Nie miały miały mi w co dać szkody.
Lecz Pan, który gdzie tknąć, widzi,
A z przestrogi ludzkiej szydzi,
Zadał mi raz tym znaczniejszy,
Czym-em już był bezpieczniejszy.
A rozum, który w swobodzie
Umiał mówić o przygodzie,
Dziś ledwe sam wie o sobie:
Tak mię podparł w mej chorobie.
Czasem by się chciał poprawić,
A mnie ciężkiej troski zbawić,
Ale gdy siędzie na wadze,
Żalu ruszyć nie ma władze.
Prózne to ludzkie wywody,
Żeby szkodą nie zwać szkody;
A kto się w nieszczęściu śmieje,
Ja bych tak rzekł, że szaleje.
Kto zaś na płacz lekkość wkłada,
Słyszę dobrze, co powiada;
Lecz się tym żal nie hamuje,
Owszem, więtszy przystępuje.
Bo, mając zranioną duszę,
Rad i nierad płakać muszę,
Co snać nie cześć, to ku szkodzie
I zelżywość serce bodzie.
Lekarstwo to, prze Bóg żywy,
Ciężkie na umysł troskliwy!
Kto przyjaciel zdrowia mego,
Wynajdzi co wolniejszego!
A ja zatym łzy niech leję,
Bom stracił wszytkę nadzieję,
By mię rozum miał ratować;
Bóg sam mocen to hamować.

",TREN XVII,https://literat.ug.edu.pl/kochan/tren017.htm
"My, nieposłuszne, Panie, dzieci Twoje,
W szczęśliwe czasy swoje
Rzadko Cię wspominamy,
Tylko rozkoszy zwykłych używamy.
Nie baczym, że to z Twej łaski nam płynie,
A także prędko minie,
Kiedy po nas wdzięczności
Nie uznasz, Panie, za Twe życzliwości.
Miej nas na wodzy, niech nas nie rozpycha
Doczesna rozkosz licha!
Niechaj na Cię pomniemy
Przynamniej w kaźni, gdy w łasce nie chcemy.
Ale ojcowskim nas karz obyczajem,
Boć przed Twym gniewem stajem
Tak, jako śnieg niszczeje,
Kiedy mu slońce niebieskie dogrzeje.
Zgubisz nas prędko, wiekuisty Panie,
Jesli nad nami stanie
Twa ciężka boska ręka;
Sama niełaska jest nam sroga męka.
Ale od wieku Twoja lutość słynie,
A pierwej świat zaginie,
Niż Ty wzgardzisz pokornym,
Chocia był długo przeciw Tobie spornym.
Wielkie przed Tobą są występy moje,
Lecz miłosierdzie Twoje
Przewyssza wszytki złości.
Użyj dziś, Panie, nade mną litości!

",TREN XVIII,https://literat.ug.edu.pl/kochan/tren018.htm
"Żałość moja długo w noc oczu mi nie dała
Zamknąć i zemdlonego upokoić ciała ;
Ledwie mię na godzinę przed świtaniem swymi
Sen leniwy obłapił skrzydły czarnawymi.
Natenczas mi się matka włamie ukazała,
A na ręku Orszulę moję wdzięczną miała,
Jaka więc po paciorek do mnie przychodziła,
Skoro z swego posłania rano się ruszyła.
Giezłeczko białe na niej, włoski pokręcone,
Twarz rumiana, a oczy ku śmiechu skłonione.
Patrzę, co dalej będzie, aż matka tak rzecze:
""Śpisz, Janie? czy cię żałość twoja zwykła piecze?""
Zatym-em ciężko westchnął i tak mi się zdało,
Żem się ocknął. - A ona, pomilczawszy mało,
Znowu mówić poczęła : ""Twój nieutolony
Płacz, synu mój, przywiódł mię w te tu wasze strony
Z krain barzo dalekich, a łzy gorzkie twoje
Przeszły aż i umarłych tajemne pokoje.
Przyniosłam ci na ręku wdzięczną dziewkę twoją,
Abyś ją mógł oglądać jeszcze, a tę swoją
Serdeczną żałość ujął, która tak ujmuje
Sił twoich i tak zdrowie nieznacznie twe psuje,
Jako ogień suchy knot obraca w perzyny,
Darmo nie upuszczając namniejszej godziny.
Czyli nas już umarłe macie za stracone
I którym już na wieki słońce jest zgaszone?
A my, owszem, żywiemy żywot tym ważniejszy,
Czym nad to grube ciało duch jest szlachetniejszy.
Ziemia w ziemię się wraca, a duch, z nieba dany,
Miałby zginąć ani na miejsca swe wezwany?
O to się ty nie frasuj, a wierz niewątpliwie,
Że twoja namilejsza Orszuleczka żywie.
A tu więc takim ci się kształtem ukazała,
Jakoby się śmiertelnym oczom poznać dała.
Ale między anioły i duchy wiecznymi
Jako wdzięczna jutrzenka świeci, a za swymi
Rodzicami się modli, jako to umiała
Z wami będąc. choć jeszcze słów nie domawiała.
Jesliżeć też stąd roście żałość, że jej lata
Pierwej są przyłomione, niżli tego świata
Rozkoszy zażyć mogła? O biedne i płone
Rozkoszy wasze, które tak są usadzone,
Że w nich więcej frasunków i żałości więcej!
Czego ty doznać możesz sam z siebie napręcej!
Ucieszyłeś się kiedy z dziewki swej tak wiele,
Żeby pociecha twoja i ono wesele
Mogło porównać z twoim dzisiejszym kłopotem?
Nie rzeczesz tego, widzę! Także trzymaj o tem,
Jakoś doznał, ani się frasuj, że tak rana
Twojej ze wszech namilszej dziewce śmierć zesłana!
Nie od rozkoszyć poszła; poszłać od trudności,
Od pracej, od frasunków, od łez, od żałośni,
Czego świat ma tak wiele, że by też co było
W tym doczesnym żywocie człowieczeństwu miło,
Musi smak swój utracić prze wielkość przysady,
A przynamniej prze bojaźń nieuchronnej zdrady.
Czegóż płaczesz, prze Boga? Czegóż nie zażyła?
Że sobie swym posagiem pana nie kupiła?
Że przegróżek i cudzych fuków nie słuchała?
Że boleści w rodzeniu dziatek nie uznała?
Ani umie powiedzieć, czego jej troskliwa
Matka doszła : co z więtszym utrapieniem bywa,
Czy je rodzić, czy je grześć? - Takieć pospolicie
Przysmaki wasze, czym wy sobie świat słodzicie! -
W niebie szczere rozkoszy, a do tego wieczne,
Od wszelakiej przekazy wolne i bezpieczne;
Tu troski nie panują, tu pracej nie znają,
Tu nieszczęście, tu miejsca przygody nie mają,
Tu choroby nie najdzie, tu nie masz starości,
Tu śmierć, łzami karmiona, nie ma już wolności.
Żyjem wiek nieprzeżyty, wiecznej używamy
Dobrej myśli, przyczyny wszytkich rzeczy znamy.
Słońce nam zawżdy świeci, dzień nigdy nie schodzi
Ani za sobą nocy niewidomej wodzi.
Twórcę wszech rzeczy widziem w jego majestacie,
Czego wy, w ciele będąc, prózno upatrzacie.
Tu w czas obróć swe myśli, a chowaj się na te
Nieodmienne, synu mój, rozkoszy bogate!
Doznałeś, co świat umie i jego kochanie;
Lepiej na czym ważniejszym zasadź swe staranie!
Dziewka twoja dobry los, możesz wierzyć, wzięła,
A własnie w swoich rzeczach sobie tak poczęta,
Jako gdy kto, na morze nowo się puściwszy,
A tam niebezpieczeństwo wielkie obaczywszy,
Woli nazad do brzegu. Drudzy, co podali
Żagle wiatrom, na ślepe skały powpadali;
Ten mrozem zwyciężcny, ten od głodu zginął,
Rzadki, co by do brzegu na desce przypłynął.
Śmierci zniknąć nie mogła, by też dobrze była
Onę dawną Sybillę wiekiem swym przeżyła.
To, co mimo być potym, uprzedzić wolała;
Tymże mniej tego świata niewczasów doznała,
Drugie po swych namilszych rodzicach zostają
I ciężkiego siroctwa, nędzne, doznawają.
Wypchną drugą za męża leda jako z domu,
A majętność zostanie, sam to Bóg wie komu.
Biorą drugie i gwałtem, a biorą i swoi,
Ale i w hordach część się wielka ich zostoi,
Gdzie w niewoli pogańskiej i w służbie sromotnej
Łzy swe piją czekając śmierci wszytkokrotnej.
Tego twej wdzięcznej dziewce bać się już nie trzeba,
Która w swych młodych leciech wzięta jest do nieba
Żadnych frasunków tego świata nie doznawszy
Ani grzechem dusze swej drogiej pomazawszy.
Jej tedy rzeczy, synu - nie masz wątpliwości -
Dobrze poszły, ani stąd używaj żałości! -
Swoje szkody tak szacuj i omyłki swoje,
Abyś nie przepamiętał, że baczenie twoje
I stateczność jest droższa! W tę bądź przedsię panem,
Jako się kolwiek czujesz w pociechy obranem.
Człowiek urodziwszy się zasiadł w prawie takim,
Że ma być jako celem przygodom wszelakim;
Z tego trudno się zdzierać! Pocznimy, co chcemy,
Jesli po dobrej woli nie pójdziem, musiemy,
A co wszystkich jednako ciśnie, nie wiem, czemu
Tobie ma być, synu mój, naciężej jednemu.
Śmiertelna jako i ty twoja dziewka była;
Póki jej zamierzony kres był, póty żyła.
Krótko wprawdzie! ale w tym człowiek nic nie włada,
A wyrzec też, co lepiej, niełacno przypada.
Skryte są Pańskie sądy; co się Jemu zdało,
Nalepiej, żeby się też i nam podobało.
Łzy w tej mierze niepłatne; gdy raz dusza ciała
Odbieży, prózno czekać, by się wrócić miała.
Ale człowiek nie zda się praw szczęściu w tej mierze,
Że szkody pospolicie tylko przed się bierze,
A tego baczyć nie chce ani mieć w pamięci,
Co mu też czasem padnie wedle jego chęci.
Tać jest władza Fortuny, mój namilszy synie,
Że nie tak uskarżać się, kiedy nam co zginie,
Jako dziękować trzeba, że wżdam co zostało,
Bo to wszytko nieszczęście w ręku swoich miało.
A tak i ty, folgując prawu powszechnemu,
Zagródź drogę do serca upadkowi swemu
A w to patrzaj, co uszło ręki złej przygody;
Zyskiem człowiek zwać musi, w czym nie popadł szkody
Na koniec, w co się on koszt i ona utrata,
W co się praca i twoje obróciły lata,
Któreś ty niemal wszytkie strawił nad księgami,
Mało się bawiąc świata tego zabawami?
Teraz by owoc zbierać swojego szczepienia
I ratować w zachwianiu mdłego przyrodzenia!
Cieszyłeś przedtym insze w takiejże przygodzie:
I będziesz w cudzej czulszy niżli w swojej szkodzie?
Teraz, mistrzu, sam się lecz! Czas doktór każdemu,
Ale kto pospolitym torem gardzi, temu
Tak póznego lekarstwa czekać nie przystoi!
Rozumem ma uprzedzić, co insze czas goi.
A czas co ma za fortel? Dawniejsze świeżymi
Przypadkami wybija, czasem weselszymi,
Czasem też z tejże miary; co człowiek z baczeniem
Pierwej, niż przyjdzie, widzi i takim myśleniem
Przeszłych rzeczy nie wściąga, przyszłych upatruje
I serce na oboję fortunę gotuje.
Tego się, synu, trzymaj, a ludzkie przygody
Ludzkie noś; jeden jest Pan smutku i nagrody.""
Tu zniknęła. - Jam się też ocknął. - Aczciem prawie
Niepewien, jeslim przez sen słuchał czy na jawie.

",TREN XIX - ALBO SEN,https://literat.ug.edu.pl/kochan/tren019.htm
"1
Coś ty Atenom zrobił, Sokratesie,
Że ci ze złota statuę1 lud niesie,
Otruwszy pierwéj...

Coś ty Italii zrobił, Alighiery,
Że ci dwa groby2 stawi lud nieszczery,
Wygnawszy pierwéj...

Coś ty, Kolumbie, zrobił Europie,
Że ci trzy groby we trzech miejscach3 kopie,
Okuwszy pierwéj...

Coś ty uczynił swoim, Camoensie,
Że po raz drugi4 grób twój grabarz trzęsie,
Zgłodziwszy pierwé j...

Coś ty, Kościuszko, zawinił na świecie,
Że dwa cię głazy we dwu stronach gniecie,5
Bez miejsca pierwéj....

Coś ty uczynił światu, Napolionie,
Że cię w dwa groby6 zamknięto po zgonie,
Zamknąwszy pierwéj.....

Coś ty uczynił ludziom, Mickiewiczu?...

. . . . . . . . . . . . . . . . . . . . . . . . . . . . . .
. . . . . . . . . . . . . . . . . . .

2
Więc mniejsza o to, w jakiej spoczniesz urnie,
Gdzie? kiedy? w jakim sensie i obliczu?
Bo grób twój jeszcze odemkną powtórnie,
Inaczej będą głosić twe zasługi
I łez wylanych dziś będą się wstydzić,
A lać ci będą łzy potęgi drugiej
Ci, co człowiekiem nie mogli cię widziéć...

3
Każdego z takich, jak ty, świat nie może
Od razu przyjąć na spokojne łoże,
I nie przyjmował nigdy, jak wiek wiekiem,
Bo glina w glinę wtapia się bez przerwy,
Gdy sprzeczne ciała zbija się aż ćwiekiem
Później... lub pierwej...
Napoleona drugi pogrzeb niedawny.

",[COŚ TY ATENOM ZROBIŁ, SOKRATESIE...],https://literat.ug.edu.pl/cnwybor/037.htm
"Pracować musisz" - głos ogromny woła,
Nie z potem dłoni twej, lub twego grzbietu,
(Bo prac początek, doprawdy, jest nie tu):
"Pracować musisz z potem twego CZOŁA!"
" - Bądź sobie, jak tam chcesz, realnym człekiem,
Nic nie poradzisz! - twoje każde dzieło,
Choćby się z trudów Herkulejskich wszczęło,
Niedopełnionem będzie i kalekiem;
Pokąd pojęcie pracy, korzeń jeden,
Nie trwa, dopóty wszystkie tracą zgoła;
Głos brzmi w twej piersi: "Postradałem Eden!"
Głos brzmi nad tobą: "Pracuj z potem czoła."
- Ekonomistów zbierz wszystkich i nagle
Spytaj ich, co jest pracy abecadłem?
Zacząć mam z czego ? gdy na skałę wpadłem,
Lub wiatr mię zdradził, zerwawszy pierw żagle;
Od czegóż zacząć? czy od dłoni potu?
Od ramion potu?... gdy brak i narzędzi!...
Gdy otchłań wkoło, a ty - na krawędzi...
. . . . . . . . . . . . . . . . . . . . . . . . . . . . . . . . . . . . .

Zacznij... by w głowie nie było zawrotu,
Więc głos ogromny znów jak pierwej woła:
"Pracować musisz z potem twego CZOŁA!"
 

II

Najprostszy cieśla, co robi toporem,
Choćby on nie wiem jak był pracowity,
Chociażby cieśli tyryjskich był wzorem,
Jeżeli w duszy smutek ma ukryty,
Lub trumnę robi, gdy dławi go żałość,
Łzy własne widząc w żelaza połysku,
Wyrobić musi pierw umysłu stałość,
Bez której nie ma siły - - nawet zysku!
Więc prac początek, prac pierwsza litera,
Nie to, co wasza dziś realna szkoła
Uczy - zarówno płytka, jak nieszczera.
"Pracować musisz zawsze z potem CZOŁA!
- Spustoszonemu mów ty narodowi,
Niech się wzbogaci jak można najprędzej,
A mając posag resztę postanowi,
Do-rychtowawszy do onych pieniędzy:
Naucz, by jednym krokiem się przerzucał
Z historii-jatek krwawych do warsztatów,
Nauczysz, by się tak śmiał, jak zasmucał,
Wybawisz naród... lecz automatów!
- Będą tam, zamiast rozwinięcia rzeczy,
Takie, owakie, fazy gorączkowe -
Po tej, co twierdzi, ta druga, co przeczy:
Obiedwie warte tyle, ile nowe!
I wszystkie razem w tym tylko zdradliwe,
Że każdej naprzód zmierzona jest trwałość,
I wszystkie zawsze w końcu nieszczęśliwe:
. . . . . . . . . . . . . . . . . . . . . . . . . . . . . . . . . . . .

Nie!.- pracą pierwszą jest: umysłu-stałość!


III

Widziałem Indian dzikich w Ameryce
I wiem, w ojczyźnie własnej wyszli na co?
Gdy pogardzili rzemiosłem i pracą
Na łowy jeżdżąc lub malując lice-
Językiem mówiąc pokoleń nieżywych
Mową, co w własnej się spętała dumie,
Podstępnie milcząc o prawdach drażliwych,
Dlatego że ich wyrażać nie umie.
Wiem, czemu język stracili i czemu
Rzucają włócznie do chmur ci - nikczemni,
Ci - heroiczni, a służący złemu,
Życiem obmierźli, uśmiechem przyjemni - -
Widziałem mężów z piórami na głowie,
Noszących tarcze ze skóry żubrowéj,
I wiem, że po nich nie spalą się wdowy,
Że marnie zginą ci wielko-ludowie -
Zupełni pychą, energią i ciałem...
- Lecz nie tu koniec tego, co widziałem!


IV
Jest tam i plemię, co inaczej żyło:
Porozkiełznanych spuścizną warsztatów,
Które się więcej niż kto zbogaciło (!),
Najrealniejszych pełne demokratów -
Ideałowi niepodległe w niczem -
Wolne jak pieniądz, co się toczy krągło;
I wiem, że smaga je tatarskim biczem,
Losów, darzący pierwej ciszą ciągłą...
Wiem, że już milion blisko w pień wycięto
Tych zbogaconych i tych zapłaconych,
Doganiających się ofiarą świętą,
A kapitałów żądzą wyścignionych:
Ci - z Indian śmieją się... lecz ci, i owi,
Na pastwę idą historii-orłowi,
Co, nad ludzkością przelatując, woła:
"Pracować będziesz z potem twego CZOŁA!

",PRACA,https://literat.ug.edu.pl/cnwybor/062.htm
"La musique est une chose étrange!
    Byron
    L'art?... c'est l'art - et puis, voila tout.
    Béranger

 

    I

    Byłem u Ciebie w te dni przedostatnie

    Nie docieczonego wątku

    Pełne, jak Mit,

    Blade - jak świt...

    - Gdy życia koniec szepce do początku:

    "Nie stargam Cię ja - nie! - Ja... u-wydatnię!..."

     

    II

    Byłem u Ciebie w dni te, przedostatnie,

    Gdy podobniałeś... co chwila - co chwila -

    Do upuszczonej przez Orfeja liry,

    W której się rzutu-moc z pieśnią przesila,

    I rozmawiają z sobą struny cztéry,

    Trącając się,

    Po dwie - po dwie -

    I szemrząc z cicha:

    "Zacząłże on

    Uderzać w ton?...

    Czy taki Mistrz!... że gra... choć - odpycha?"

     

    III

    Byłem u Ciebie w te dni, Fryderyku!

    Którego ręka - dla swojej białości

    Alabastrowej... i wzięcia, i szyku,

    I chwiejnych dotknięć - jak strusiowe pióro -

    Mięszała mi się w oczach z klawiaturą

    Z słoniowej kości...

    I byłeś jako owa postać - którą

    Z marmurów łona,

    Niżli je kuto,

    Odejma dłuto -

    Geniuszu... wiecznego Pigmaliona!

     

    IV

    A w tym...coś grał - i co? zmówił ton - i co? powié -

    Choć inaczej się echa ustroją,

    Niż gdy błogosławiłeś sam ręką Swoją

    Wszelkiemu akordowi -

    A w tym... coś grał - taka była prostota

    Doskonałości Peryklejskiéj,

    Jakby starożytna która Cnota

    W dom modrzewiowy wiejski

    Wchodząc, rzekła do siebie:

    "Odrodziłam się w Niebie

    I stały mi się Arfą - wrota,

    Wstęgą - ścieżka...

    Hostię - przez blade widzę zboże...

    Emanuel już mieszka

    Na Taborze!"

     

    V

    I była w tym Polska - od zenitu

    Wszechdoskonałości dziejów

    Wzięta tęczą zachwytu -

    - Polska - przemienionych kołodziejów!

    Taż sama - zgoła

    Złoto-pszczoła...

    (Poznał-ci-że-bym ją - na krańcach bytu!...)

     

    VI

    I - oto - pieśń skończyłeś - - i już więcéj

    Nie oglądam Cię - - jedno - słyszę:

    Coś?... jakby spór dziecięcy -

    - A to jeszcze kłócą się klawisze

    O nie dośpiewaną chęć:

    I trącając się z cicha

    Po ośm - po pięć -

    Szemrzą: "począłże grać? czy nas odpycha??..."

     

    VII

    O Ty! - co jesteś Miłości-profilem,

    Któremu na imię Dopełnienie;

    Te - co w sztuce mianują Stylem,

    Iż przenika pieśń, kształci kamienie...

    O! Ty - co się w dziejach zowiesz Erą,

    Gdzie zaś ani historii zenit jest,

    Zwiesz się razem: Duchem i Literą,

    I consummatum est...

    O! Ty... Doskonałe-wypełnienie,

    Jakikolwiek jest Twój i gdzie?... znak...

    Czy w Fidiasu? Dawidzie? czy w Szopenie?

    Czy w Eschylesowej scenie?...

    Zawsze - zemści się na tobie... Brak

    - Piętnem globu tego - niedostatek:

    Dopełnienie?... go boli!...

    On - rozpoczynać woli

    I woli wyrzucać wciąż przed się - zadatek!

    - Kłos?... gdy dojrzał - jak złoty kometa -

    Ledwo że go wié w ruszy -

    Dészcz pszenicznych ziarn prószy,

    Sama go doskonałość rozmieta...

     

    VIII

    Oto patrz - Frydryku!... to - Warszawa:

    Pod rozpłomienioną gwiazdą

    Dziwnie jaskrawa - -

    - Patrz, organy u Fary; patrz! Twoje gniazdo -

    Owdzie - patrycjalne domy stare,

    Jak Pospolita-rzecz,

    Bruki placów głuche i szare

    I Zygmuntowy w chmurze miecz.

     

    IX

    Patrz!... z zaułków w zaułki

    Kaukaskie się konie rwą -

    Jak przed burzą jaskółki,

    Wyśmigając przed pułki:

    Po sto - po sto - -

    - Gmach - zajął się ogniem, przygasł znów,

    Zapłonął znów - - i oto - pod ścianę -

    Widzę czoła ożałobionych wdów

    Kolbami pchane - -

    I znów widzę, acz dymem oślepian,

    Jak przez ganku kolumny

    Sprzęt podobny do trumny

    Wydźwigają... runął... runął - Twój fortepian!

     

    X

    Ten!... co Polskę głosił - od zenitu

    Wszechdoskonałości dziejów

    Wziętą hymnem zachwytu -

    Polskę - przemienionych kołodziejów:

    Ten sam - runął - na bruki - z granitu!

    I oto - jak zacna myśl człowieka -

    Potérany jest gniéwami ludzi;

    Lub - jak od wieka

    Wieków - wszystko, co zbudzi!

    I oto - jak ciało Orfeja -

    Tysiąc pasji rozdziera go w części;

    A każda wyje: "nie ja!..."

    "Nie ja!" - zębami chrzęści -

     

    *

    Lecz Ty? - lecz ja? - uderzmy w sądne pienie,

    Nawołując: "Ciesz się późny wnuku!...

    Jękły głuche kamienie -

    Ideał sięgnął bruku - - "



",FORTEPIAN SZOPENA,https://literat.ug.edu.pl/cnwybor/098.htm
"W południe więzień zasnąłem ubogi,
Aż mi sen wdzięczny tę przysługę sprawił,
Żem swą dziewczynę całował bez trwogi
I w jej gładkości myśli moje bawił,
I obłapiając depozyt tak drogi,
Wszytkie-m na stronę frasunki odprawił,
A zbytnia radość ledwie mi żywota
Nie wzięła, duszy otworzywszy wrota.
Taką uciechą będąc opojony.
Ulałem potem zapalone skronie
I ze wszytkich sił swoich obnażony
Padłem wpółmartwy na jej ślicznym łonie
I widząc, że głos ustawał zemdlony,
Krzyknąłem jak ów, co z przygody tonie:
""Ratuj mię, przebóg, stanie-ć za odpusty,
Gdy zahamujesz duszę w ustach usty!""
Tum zamknął mowę, a ona bez mowy
Widząc mię, bez tchu i bez życia znaku,
Zemdlonej dźwiga i podnosi głowy .
I usty swymi całuje bez braku
W usta i w oczy i wdzięcznymi słowy
Dodaje słodkim pieszczotom przysmaku:
""Jeśliże - mówi - śmierć twoja prawdziwa,
Czemuś ty umarł, czemużem ja żywa?""
I już poczęła myślić, jaką raną
Dać wolną drogę pięknej duszy z ciała,
Kiedy się śmierć jej ruszyła stroskaną
Gładkością i mnie żyć znowu kazała:
A ona z twarzą łzami sfarbowaną:
""Żyj śmiele - rzekła - abym zawsze miała
Zwycięstwa mego ten znak niewątpliwy,
Że kto tak kona, dłużej będzie żywy.

",SEN,https://literat.ug.edu.pl/morsztyn/024.htm
"Przez Oceanu ruchome płaszczyzny
Pieśń Ci, jak mewę, posyłam, o! Janie...
Ta lecieć długo będzie do ojczyzny
Wolnych - bo wątpi już: czy ją zastanie?...
- Czy też, jak promień Twej zacnej siwizny,
Biała - na puste zleci rusztowanie :
By kata Twego syn rączką dziecinną
Kamienie ciskał na mewę gościnną!
Więc, niźli szyję Twoją obnażoną
Spróbują sznury, jak jest nieugiętą;
Więc, niźli ziemi szukać poczniesz piętą,
By precz odkopnąć planetę spodloną -
A ziemia spod stóp Twych, jak płaz zlękniony,
Pierzchnie -
więc, niźli rzekną: ""Powieszony..."" -
Rzekną i pojrzą po sobie, czy kłamią? - -
Więc, nim kapelusz na twarz Ci załamią,
By Ameryka, odpoznawszy syna,
Nie zakrzyknęła na gwiazd swych dwanaście:
""Korony mojej sztuczne ognie zgaście,
Noc idzie - czarna noc z twarzą Murzyna!""
*
Więc, nim Kościuszki cień i Waszyngtona
Zadrży -
początek pieśni
przyjm, o! Janie...
Bo pieśń nim dojrzy, człowiek nieraz skona,
A niźli skona pieśń, naród pierw wstanie.

",DO OBYWATELA JOHNA BROWN,https://literat.ug.edu.pl/cnwybor/043.htm
"Dobranoc! już dziś więcej nie będziem bawili,
Niech snu anioł modrymi skrzydły cię otoczy,
Dobranoc, niech odpoczną po łzach twoje oczy,
Dobranoc, niech się serce pokojem zasili.
Dobranoc, z każdej ze mną przemówionej chwili
Niech zostanie dźwięk jakiś cichy i uroczy,
Niechaj gra w twoim uchu; a gdy myśl zamroczy,
Niech się mój obraz sennym źrenicom przymili.
Dobranoc, obróć jeszcze raz na mnie oczęta,
Pozwól lica. - Dobranoc - chcesz na sługi klasnąć?
Daj mi pierś ucałować. - Dobranoc, zapięta.
- Dobranoc, już uciekłaś i drzwi chcesz zatrzasnąć.
Dobranoc ci przez klamkę - niestety! zamknięta!
Powtarzając: dobranoc, nie dałbym ci zasnąć.

",DOBRANOC,https://literat.ug.edu.pl/amwiersz/0029.htm
"...Iusiurandum patri datum
usque ad hanc-diem ita servavi...
Annibal
I
Czemu, Cieniu, odjeżdżasz, ręce zł
amawszy na pancerz,
Przy pochodniach, co skrami grają około twych kolan? --
Miecz wawrzynem zielony i gromnic płakaniem dziś polan;
Rwie się sokół i koń twój podrywa stopę jak tancerz.
-- Wieją, wieją proporce i zawiewają na siebie,
Jak namioty ruchome wojsk
koczujących po niebie.
Trąby długie we łkaniu aż się zanoszą i znaki
Pokłaniają się z góry opuszczonymi skrzydłami
Jak włóczniami przebite smoki, jaszczury i ptaki...
Jako wiele pomysłów, któreś dościgał włóczniami...
II
Idą panny żałobne: jedne, podnoszą
c ramiona
Ze snopami wonnymi, które wiatr w górze rozrywa,
Drugie, w konchy zbierając łzę, co się z twarzy odrywa,
Inne, drogi szukając, choć przed wiekami zrobiona...
Inne, tłukąc o ziemię wielkie gliniane naczynia,
Czego klekot w pękaniu jeszcze smętnośc
i przyczynia.
III
Chłopcy biją w topory pobłękitniałe od nieba,
W tarcze rude od świateł biją pachołki służebne;
Przeogromna chorągiew, co się wśród dymów koleba,
Włóczni ostrzem o łuki, rzekłbyś, oparta pod-niebne...
IV
Wchodzą w wąwóz i toną... wychodzą w światło księżyca
I czernieją na niebie, a blask ich zimny omusnął,
I po ostrzach, jak gwi
azda spaść nie mogąca, prześwié
ca,
Chorał ucichł był nagle i znów jak fala wyplusnął...
V
Dalej -- dalej -- aż kiedyś stoczyć się przyjdzie do grobu
I czeluście zobaczym czarne, co czyha za drogą,
Które aby przesadzić, Ludzkość nie znajdzie sposobu,
Włócznią twego rumaka zeprzem jak starą ostrogą...
VI
I powleczem korowód, smęcąc ujęte snem grody,
W bramy bijąc urnami, gwizdając w szczerby toporów,
Aż się mury Jerycha porozwalają jak kłody,
Serca zmdlałe ocucą -- pleśń z oczu zgarną narody...
. . . . . . . . . . . . . . . . . . . . . . . . . . . . .
Dalej -- dalej -- --

",BEMA PAMIĘCI ŻAŁOBNY-RAPSOD,https://literat.ug.edu.pl/cnwiersz/bema.htm
"POL. - I'll speak to him again.
What do you read, my lord?...
HAM. - Words, words, words!
Shakespeare
Źle, źle zawsze i wszędzie
Ta nić czarna się przędzie:
Ona za mną, przede mną i przy mnie,
Ona w każdym oddechu,
Ona w każdym uśmiechu,
Ona we łzie, w modlitwie i w hymnie...
*
Nie rozerwę, bo silna,
Może święta, choć mylna,
Może nie chcę rozerwać tej wstążki;
Ale wszędzie - o! wszędzie,
Gdzie ja będę, ta będzie:
Tu w otwarte zakłada się książki,
Tam u kwiatów zawiązką,
Owdzie stoczy się wąsko
By jesienne na łąkach przędziwo:
I rozmdleje stopniowo,
By ujednić na nowo,
I na nowo się zrośnie w ogniwo.
*
Lecz, nie kwiląc jak dziecię,
Raz wywalczę się przecie.
Niech mi puchar podadzą i wieniec!...
I włożyłem na czoło,
I wypiłem, a wkoło
Jeden mówi drugiemu: ""Szaleniec!!""
*
Więc do serca, o radę,
Dłoń poniosłem i kładę,
Alić nagle zastygnie prawica:
Głośno śmieli się oni,
Jam pozostał bez dłoni,
Dłoń mi czarna obwiła pętlica.
*
Źle, źle zawsze i wszędzie
Ta nić czarna się przędzie:
Ona za mną, przede mną i przy mnie,
Ona w każdym oddechu,
Ona w każdym uśmiechu,
Ona we łzie, w modlitwie i w hymnie.
*
Lecz, nie kwiląc jak dziecię,
Raz wywalczę się przecie;
Złotostruna nie opuść mię lutni!
Czarnoleskiej ja rzeczy
Chcę - ta serce uleczy!
I zagrałem...
...i jeszcze mi smutniéj.

",MOJA PIOSNKA,https://literat.ug.edu.pl/cnwybor/008.htm
"I
Nad Kapuletich i Montekich domem,
Spłukane deszczem, poruszone gromem,
Łagodne oko błękitu.
II
Patrzy na gruzy nieprzyjaznych grodów,
Na rozwalone bramy do ogrodów --
I gwiazdę zrzuca ze szczytu;
III
Cyprysy mówią, że to dla Julietty,
Że dla Romea -- ta łza znad planety
Spada... i groby przecieka;
IV
A ludzie mówią, i mówią uczenie,
Że to nie łzy są, ale że kamienie,
I -- że nikt na nie... nie czeka!

",W WERONIE,https://literat.ug.edu.pl/cnwybor/069.htm
"spojrzeniem obłoki przebrał trójkąt mądre oko boże
księżyc kroplą ze srebra ciężył o tej porze
smolny swąd z czarnych lasów się dźwigał
nad miastami czerwono i dym i gaz
niebo chodziło kołem jak śmiga
zataczał się bo noc głucha czas
zwykłe słowa
mówi się zawsze zwykłym słowem
o inaczej zaczynać na nowo
otrząsnąć z gwiazd głowę
noc gwiazdy bulwary drzewa
wiatr nie tak szarpie mi kurtę jak niegdyś szarpał
sukienkę
przedwiośnie nawet nie śpiewa
przerwało piosenkę
ciszą ty chcesz mnie przebić
w milczeniu słychać twe wieki
groźbą wołasz do siebie
boże daleki
szuka oko bystre
znalazłeś wstrzymałem oddech
wznoszą się ręce przeczyste
czekają kiedy się poddam
o daleki
słyszysz te wiersze
o daleki
nie będę twoim świerszczem
wzdychają miłością piersi
nie doczekasz się niebo przemian
niech się wiersz łamie jak pierścień
przybywaj ziemio
ziemia skała glina
a ja to mięśnie i kościec
kończy się co się zaczyna
nie może być jaśniej i prościej

",LEGENDA,https://literat.ug.edu.pl/czchwcz/035.htm
"Przeszły dżdże wiosny, zbiegło skwarne lato
I przykre miastu jesienne potopy,
Już bruk ziębiącą obleczony szatą,
Od stalnej Fryzów nie krzesany stopy.
Więzieni słotą w domowej katuszy,
Dziś na swobodne gdy wyjrzem powietrze,
Londyński pojazd tarkotem nie głuszy
Ani nas kręgi zbrojnymi rozetrze.
Witaj! narodom miejskim pora błoga,
Już i Niemeńców, i sąsiednich Lechów
Tu szuka ciżba, tysiącami mnoga,
Zbiegłych Dryjadom i Faunom uśmiechów.
Tu wszystko czerstwi, weseli, zachwyca,
Czy ciągnę tchnienie, co się zimnem czyści,
Czy na niebieskie zmysł podniosę lica,
Czyli się śnieżnej przypatruję kiści;
Jedna z nich pływa w niepewnym żywiole,
Druga ciężarem sporsza już osiadła;
Tą wiatr poleciał stwardniałe kryć role
Albo pobielić Wiliji źwierciadła.
Lecz kogo sioło dzisiejsze uwięzi.
Zmuszony widzieć łyse gór wiszary,
Grunt dziki, knieję nagimi gałęzi
Niesilną zimne podźwignąć ciężary -
Taki, gdy smutna ciągnie się minuta,
Wreszcie zmieniony kraj porzuca z żalem
I dając chętnie Cererę za Pluta,
Pędzi wóz ku nam ciężarny metalem.
Tu go przyjmują gościnne podwoje,
Rzeźbą i farbą odziany przybytek,
Tutaj rolnicze przepomina znoje
W pieszczonym gronie czarownych Charytek.
Na wsi, zaledwie czarna noc rozrzednie,
Każe wraz Ceres wczesny witać ranek,
Tu, chociaż słońce zajmie nieba średnie,
Śpię atłasowym pod cieniem firanek.
Lekkie nareszcie oblókłszy nankiny,
Modnej młodzieży przywoływam koło;
Strojem poranne zbywamy godziny
Albo rozmową bawim się wesołą.
Ten, w śniący kryształ włożywszy oblicze,
Wschodnim balsamem złoty kędzior pieści,
Drugi stambulskie oddycha gorycze
Lub pije z chińskich ziół ciągnione treści.
A kiedy chwila dwunasta nadbieży,
Wraz do śliskiego wstępuję powozu,
Sobol lub rosmak moje barki jeży
I suto zdobiąc nie dopuszcza mrozu.
Na sali, orszak przywitam wybrany,
Wszyscy siadają za biesiadnym stołem,
W kolej szlą pełne smaków porcelany
I sztucznym morzą apetyt żywiołem.
Pijemy węgrzyn, mocny setnym latem,
Wrą po kryształach koniaki i pącze,
Płci piękna gasi pragnienie muszkatem,
Co dając rzeźwość, myśli nie zaplącze.
A gdy się trunkiem zaiskrzą źrenice,
Dowcipne, czułe wszystkim płyną słowa,
Niejeden uwdzięk zarumieni lice,
Niejedna wzrokiem zapala się głowa.
Nareszcie słońce zniżone zagasło,
Rozsiewa mroki dobroczynna zima,
Boginie dają do rozjazdu hasło,
Zagrzmiały schody i już gości nié ma.
Którzy są z szczęściem poufali ślepem,
Pod twój znak idą, królu Faraonie.
Lub zręczni lekkim wykręcać oszczepem,
Pędzą po suknach wytoczone słonie.
A gdy noc ciemne rozepnie zasłony
I szklannym światłem błysną kamienice,
Młodzież, dzień kończąc wesoło spędzony,
Tysiączną sanią szlifuje ulice.

",ZIMA MIEJSKA,https://literat.ug.edu.pl/amwiersz/0001.htm
"Bije raz, dwa, trzy... już północna pora,
Głuche wokoło zacisze,
Wiatr tylko szumi po murach klasztora
I psów szczekanie gdzieś słyszę.
Świeca w lichtarzu dopala się na dnie,
Raz w głębi tłumi ogniska,
Znowu się wzmoże i znowu opadnie,
Błyska, zagasa i błyska.
Straszno! - nie była straszną ta godzina,
Gdy były nieba łaskawsze:
Ileż mi słodkich chwilek przypomina!
Precz... to już znikło na zawsze.
Teraz ja szczęścia szukam, ot w tej księdze,
Księga znudziła, porzucam;
Znowu ku lubym przedmiotom myśl pędzę,
To marzę, to się ocucam.
Czasem, gdy słodkie złudzi zachwycenie,
Kochankę widzę lub braci;
Zrywam się, patrzę, aż tylko po ścienie
Biega cień własnej postaci.
Ot, lepiej pióro wezmę i śród ciszy,
Gdy się bez ładu myśl plącze,
Zacznę coś pisać dla mych towarzyszy,
Zacznę, bo nie wiem, czy skończę.
Może też pamięć o minionej wiośnie
Zimowy wierszyk umili;
Chcę coś okropnie, coś pisać miłośnie,
O strachach i o Maryli.
Kto pragnie pędzlem swe rozsławić imię,
Niech jej maluje portrety,
Wieszcz w nieśmiertelnym niech opiewa rymie
Serca, rozumu zalety.
Mnie choć to wszystko w umyśle przytomne,
Pociechy szukam, nie sławy;
Lepiej wam powiem, jeżeli przypomnę,
Jakie z nią miałem zabawy.
Maryla słodkie miłości wyrazy
Dzieliła skąpo w rachubie;
Choć jej kto kocham mówił po sto razy,
Nie rzekła nawet i lubię.
Za to więc w Rucie pod północną chwilę,
Kiedy się wszyscy spać kładą,
Ja na dobranoc żegnając Marylę,
Taką straszyłem balladą:

",DO PRZYJACIÓŁ,https://literat.ug.edu.pl/amwiersz/0014.htm
"Spójrzyj, Marylo, gdzie się kończą gaje,
W prawo łóz gęsty zarostek,
W lewo się piękna dolina podaje,
Przodem rzeczułka i mostek.
Tuż stara cerkiew, w niej puszczyk i sowy,
Obok dzwonnicy zrąb zgniły,
A za dzwonnicą chrośniak malinowy,
A w tym chrośniaku mogiły.
Czy tam bies siedział, czy dusza zaklęta,
Że o północnej godzinie
Nikt, jak najstarszy człowiek zapamięta,
Miejsc tych bez trwogi nie minie.
Bo skoro północ nawlecze zasłony,
Cerkiew się z trzaskiem odmyka,
W pustej zrąbnicy dzwonią same dzwony,
W chrustach coś huczy i ksyka.
Czasami płomyk okaże się blady,
Czasem grom trzaska po gromie,
Same się z mogił ruszają pokłady
I larwy stają widomie.
Raz trup po drodze bez głowy się toczy,
To znowu głowa bez ciała;
Roztwiera gębę i wytrzyszcza oczy,
W gębie i w oczach żar pała,
Albo wilk bieży; pragniesz go odegnać,
Aż orlim skrzydłem wilk macha,
Dość ""Zgiń, przepadnij"" wyrzec i przeżegnać,
Wilk zniknie wrzeszcząc:"" cha cha cha"".
Każdy podróżny oglądał te zgrozy
I każdy musiał kląć drogę;
Ten złamał dyszel, ten wywrócił wozy,
Innemu zwichnął koń nogę.
Ja, chociaż, pomnę, nieraz Andrzej stary
Zaklinał, nieraz przestrzegał,
Śmiałem się z diabłów, nie wierzyłem w czary,
Tamtędym jeździł i biegał.
Raz, gdy do Ruty jadę w czas noclegu,
Na moście z końmi wóz staje,
Próżno woźnica przynagla do biegu,
""Hej!"" - krzyczy, biczem zadaje.
Stoją, a potem skoczą z całej mocy,
Dyszel przy samej pękł szrubie;
Zostać na polu samemu i w nocy,
""
To lubię
- rzekłem -
to lubię
!""
Ledwiem dokończył, aż straszna martwica
Wypływa z bliskich wód toni;
Białe jej szaty, jak śnieg białe lica,
Ognisty wieniec na skroni.
Chciałem uciekać, padłem zalękniony,
Włos dębem stanął na głowie;
Krzyknę; ""Niech będzie Chrystus pochwalony!""
""Na wieki wieków"" - odpowie.
""Ktokolwiek jesteś, poczciwy człowieku,
Coś mię zachował od męki,
Dożyj ty szczęścia i późnego wieku,
I pokój tobie, i dzięki.
Widzisz przed sobą obraz grzesznej duszy,
Wkrótce się niebem pochlubię;
Boś ty czyscowej zbawił mię katuszy
Tym jednym słówkiem;
To lubię
.
Dopóki gwiazdy zejdą i dopóki
We wsi kur pierwszy zapieje,
Opowiem tobie, a ty dla nauki
Opowiedz innym me dzieje.
Onego czasu żyłam ja na świecie,
Marylą zwana przed laty;
Ojciec mój, pierwszy urzędnik w powiecie,
Możny, poczciwy, bogaty.
Za życia pragnął sprawić mi wesele,
A żem dostatnia i młoda,
Zbiegło się zewsząd zalotników wiele,
Posag wabił i uroda.
Mnóstwo ich marnej pochlebiało dumie,
I to mi było do smaku,
Że kiedy w licznym kłaniano się tłumie,
Tłumem gardziłam bez braku.
Przybył i Józio; dwudziestą miał wiosnę,
Młody, cnotliwy, nieśmiały;
Obce dla niego wyrazy miłośne,
Choć czuł miłośne zapały.
""Lecz próżno nędzny w oczach prawie znika
Próżno i dzień, i noc płacze;
W boleściach jego dla mnie radość dzika,
Śmiech obudzały rozpacze.
""Ja pójdę! mówił ze łzami. ""Idź sobie!""
Poszedł i umarł z miłości;
Tu nad rzeczułką, w tym zielonym grobie
Złożone jego są kości.
""Odtąd mi życie stało się nielube,
Późne uczułam wyrzuty;
Lecz ani sposób wynagrodzić zgubę,
Ani czas został pokuty.
Raz, gdy się w północ z rodzicami bawię,
Wzmaga się hałas, szum, świsty,
Przyleciał Józio w straszliwej postawie,
Jak potępieniec ognisty.
Porwał, udusił gęszczą dymnych kłębów,
W czyscowe rzucił potoki,
Gdzie pośród jęku i zgrzytania zębów
Takie słyszałam wyroki:
""Wiedziałaś, że się spodobało Panu
Z męża ród tworzyć niewieści,
Na osłodzenie mężom złego stanu,
Na rozkosz, nie na boleści.
Ty jakbyś w piersiach miała serce z głazu,
Ani cię jęki ubodły.
Nikt nie uprosił słodkiego wyrazu
Przez łzy, cierpienia i modły.
Za taką srogość, długie, długie lata
Dręcz się w czyscowej zagubie,
Póki mąż jaki z tamecznego świata
Nie powie na cię choć:
lubię
.
Prosił i Józio niegdyś o to słowo,
Gorzkie łzy lał nieszczęśliwy;
Prośże ty teraz; nie łzą, nie namową,
Ale przez strachy i dziwy"".
Rzekł, mnie natychmiast porwały złe duchy.
Odtąd już setny rok minie,
W dzień męczą, a noc zdejmują łańcuchy,
Rzucam ogniste głębinie;
I w cerkwi albo na Józia mogile,
Niebu i ziemi obrzydła,
Muszę podróżnych trwożyć w nocne chwile,
Różne udając straszydła.
Idących w błota zawiode lub w gaje,
Jadącym konia uskubię;
A każdy naklnie, nafuka, nałaje,
Tyś pierwszy wyrzekł:
to lubię
.
Za to ci spadnie wyroków zasłona,
Przyszłość spod ciemnych wskażę chmur:
Ach! i ty poznasz Marylę; lecz ona...""
Wtem na nieszczęście zapiał kur.
Skinęła tylko, widać radośc z oczek,
Mieni się w parę cieniuchną,
Ginie, jak ginie bladawy obloczek,
Kiedy zefiry nań dmuchną.
Patrzę, aż cały wóz stoi na łące,
Siadam, powoli strach mija;
Proszę za dusze w czyscu bolejące
Zmówić trzy Zdrowaś Maryja.

",TO LUBIĘ,https://literat.ug.edu.pl/amwiersz/0015.htm
"Chcąc być widzem dzikich bojów,
Już u zwierzyńca podwojów
Król zasiada.
Przy nim książęta i panowie Rada,
A gdzie wzniosły krążył ganek,
Rycerze obok kochanek.
Król skinął palcem, zaczęto igrzysko,
Spadły wrzeciądze; ogromne lwisko
Zwolna się toczy,
Podnosi czoło,
Milczkiem obraca oczy
Wokoło,
I ziewy rozdarł straszliwie,
I kudły zatrząsł na grzywie,
I wyciągnął cielska brzemię,
I obalił się na ziemię.
Król skinął znowu,
Znowu przemknie się krata,
Szybkimi skoki, chciwy połowu,
Tygrys wylata.
Spoziera z dala
I kłami błyska,
Język wywala,
Ogonem ciska
I lwa dokoła obiega.
Topiąc wzrok jaszczurczy
Wyje i burczy;
Burcząc na stronie przylega.
Król skinął znowu,
Znowu podwój otwarty,
I z jednego zachowu
Dwa wyskakują lamparty.
Łakoma boju, para zajadła
Już tygrysa opadła,
Już się tygrys z nimi drapie,
Już obudwu trzyma w łapie;
Wtem lew podniósł łeb do góry,
Zagrzmiał - i znowu cisze -
A dzicz z krwawymi pazury
Obiega... za mordem dysze.
Dysząc na stronie przylega.
Wtem leci rękawiczka z krużganków pałacu,
Z rączek nadobnej Marty,
Pada między tygrysa i między lamparty,
Na środek placu.
Marta z uśmiechem rzecze do Emroda:
""Kto mię tak kocha, jak po tysiąc razy
Czułymi przysiągł wyrazy,
Niechaj mi teraz rękawiczkę poda"".
Emrod przeskoczył zapory,
Idzie pomiędzy potwory,
Śmiało rękawiczkę bierze.
Dziwią się panie, dziwią się rycerze.
A on w zwycięskiej chwale
Wstępuje na krużganki.
Tam od radośnej witany kochanki,
Rycerz jej w oczy rękawiczkę rzucił,
""Pani, twych dzięków nie trzeba mi wcale"".
To rzekł i poszedł, i więcej nie wrócił.

",RĘKAWICZKA,https://literat.ug.edu.pl/amwiersz/0016.htm
"Nieznajomej, dalekiej - nieznany, daleki,
Kiedy nas jeszcze dalej wyrok chce rozegnać,
Posyłam, by cię razem poznać i pożegnać,
Dwa wyrazy; ""Witam cię!"", ""Bądź zdrowa na wieki!""
Tak przechodzeń zbłąkany w alpejskim parowie,
Pieśnią chce nudnej drodze przyczynić wesela;
A kiedy nie ma komu śpiewac serce wdowie,
Śpiewa piosnkę kochance swego przyjaciela;
Lecz nim piosnkę przypędzą echo ku jej stronie,
Może już podróżnego wieczny śnieg pochłonie.


",[NIEZNAJOMEJ, DALEKIEJ - NIEZNANY, DALEKI],https://literat.ug.edu.pl/amwiersz/0021.htm
"Pewny rabin w Talmudzie kąpiąc się po uszy,
Cierpiąc, że go pchła gryzła; w końcu się obruszy:
Dalej czatować, złowił. Siedzi przyciśnięta,
Kręci się, wyciągając główkę i nożęta:
""Daruj, Rabi, mądremu nie godzi się gniewać:
Potomkowi Lewitów możnaż krew przelewać?""
""Krew za krew! - wrzasnął Rabin - Belijala płodzie!
Filistynko, na cudzej wytuczona szkodzie!
Mrówki snują szpichlerze; pracowite roje
Znoszą miody i woski, a trucień napoje:
Ty się jedna śród ludzi z liwarem uwijasz,
Pijaczko tym szkodliwsza, iż cudze wypijasz"".
Zakończył, i gdy więźnia bez litości dłabi,
Pchła konając pisnęła: A czym żyje rabi?

",PCHŁA I RABIN,https://literat.ug.edu.pl/amwiersz/0022.htm
"Nie masz teraz prawdziwej przyjaźni na świecie;
Ostatni znam jej przykład w oszmiańskim powiecie.
Tam żył Mieszek, kum Leszka, i kum Mieszka Leszek.
Z tych, co to: gdzie ty, tam ja, - co moje, to twoje.
Mówiono o nich. że gdy znaleźli orzeszek,
Ziarnko dzielili na dwoje;
Słowem, tacy przyjaciele,
Jakich i wtenczas liczono niewiele.
Rzekłbyś; dwójduch w jednym ciele.
O tej swojej przyjazni raz w cieniu dąbrowy
Kiedy gadali, łącząc swojo czułe mowy
Do kukań zozul i krakań gawronich,
Alić ryknęło raptem coś koło nich.
Leszek na dąb; nuż po pniu skakać jak dzięciołek.
Mieszek tej sztuki nie umie,
Tylko wyciąga z dołu ręce: ""Kumie!""
Kum już wylazł na wierzchołek.
Ledwie Mieszkowi był czas zmrużyć oczy,
Zbladnąć, paść na twarz: a już niedźwiedź kroczy.
Trafia na ciało, maca: jak trup leży;
Wącha: a z tego zapachu,
Który mógł być skutkiem strachu.
Wnosi, że to nieboszczyk i że już nieświeży.
Więc mruknąwszy ze wzgardą odwraca się w knieję,
Bo niedźwiedź Litwin miąs nieświeżych nie je.
Dopieroż Mieszek odżył... ""Było z tobą krucho! -
Woła kum, - szczęście, Mieszku, że cię nie zadrapał!
Ale co on tak długo tam nad tobą sapał.
Jak gdyby coś miał powiadać na ucho?""
""Powiedział mi - rzekł Mieszek - przysłowie niedźwiedzie:
Że prawdziwych przyjaciół poznajemy w biedzie.

",PRZYJACIELE,https://literat.ug.edu.pl/amwiersz/0023.htm
"Szarak, co nieraz bywał w kłopotach i trwogach,
Nie tracąc serca, póki czuł się rączy,
Teraz podupadł na nogach.
Poczuł, że się źle z nim skończy.
Więc jęknął z głębi serca: ""Ach, nie masz pod słońcem
Lichszego powołania jak zostać zającem!
Co mię w dzień pies, lis, kruk, kania i wrona,
Nawet i ona,
Jak chce, tak gania.
A w noc gdy drzemię, oko się nie zmruża,
Bo lada komar bzyknie przez siatki pajęcze,
Wnet drży me serce zajęcze,
Tchórząc tchórzliwiej od tchórza.
Zbrzydło mi życie, co jest wiecznym niepokojem,
Postanowiłem dziś je skończyć samobojem.
Żegnaj więc, miedzo, lat mych wiośnianych kolebko!
Wy kochanki młodości, kapusto i rzepko,
Pożegnalnymi łzami dozwólcie się skropić!
Oznajmuję wszem wobec, że idę się topić!""
Tak z płaczem gdy do stawu zwraca skoki słabe,
Po drodze stąpił na żabę.
Ta mu, jak raca, drgnąwszy spod nóg szusła
I z góry na łeb w staw plusła.
A zając rzekł do siebie: ""Niech nikt nie narzeka,
Że jest tchórzem, bo cały świat na tchórzu stoi;
Każdy ma swoją żabę, co przed nim ucieka,
I swojego zająca, którego się boi"".

",ZAJĄC I ŻABA,https://literat.ug.edu.pl/amwiersz/0024.htm
"Dzieńdobry! nie śmiem budzić, o wdzięczny widoku!
Jej duch na poły w rajskie wzleciał okolice,
Na poły został, boskie ożywiając lice,
Jak słońce na pół w niebie, pół w srebrnym obłoku.
Dzieńdobry! już westchnęła, błysnął promyk w oku,
Dzieńdobry! już obraża światłość twe źrenice,
Naprzykrzają się ustom muchy swawolnice,
Dzieńdobry! słońce w oknach, ja przy twoim boku.
Niosłem słodszy dzień dobry, lecz twe senne wdzięki
Odebrały mi śmiałość; niech się wprzódy dowiem;
Z łaskawym wstajesz sercem? z orzeżwionym zdrowiem?
Dzieńdobry! nie pozwalasz ucałować ręki?
Każesz odejść, odchodzę: oto masz sukienki,
Ubierz się i wyjdź prędko - dzieńdobry ci powiem.

",Adam Mickiewicz: Dzieńdobry,https://literat.ug.edu.pl/amwiersz/0028.htm
"Nuciłem o miłostkach w rówienników tłumie;
Jedni mię pochwalili, a drudzy szeptali:
""Ten wieszcz kocha się tylko, męczy się i żali,
Nic innego nie czuje lub śpiewać nie umie.
W dojrzalsze wchodząc lata, przy starszym rozumie,
Czemu serce płomykiem tak dziecinnym pali?
Czyliż mu na to wieszczy głos bogowie dali,
Aby o sobie tylko w każdej nucił dumie?""
Wielkomyślna przestroga! - wnet z górnymi duchy
Alcejski chwytam bardon, i strojem Ursyna
Ledwiem zaczął przegrywać, aż cała drużyna
Rozpierzchła się, unosząc zadziwione słuchy;
Zrywam struny i w Letę ciskam bardon głuchy.
Taki wieszcz jaki słuchacz.

",EKSKUZA,https://literat.ug.edu.pl/amwiersz/0031.htm
"Na wysokości Tarkankut.
Już wstążkę pawilonu wiatr zaledwie muśnie,
Cichymi gra piersiami rozjaśniona woda;
Jak marząca o szczęściu narzeczona młoda
Zbudzi się, aby westchnąć, i wnet znowu uśnie.
Żagle, na kształt chorągwi gdy wojnę skończono,
Drzemią na masztach nagich; okręt lekkim ruchem
Kołysa się, jak gdyby przykuty łańcuchem;
Majtek wytchnął, podróżne rozśmiało się grono.
O morze! pośród twoich wesołych żyjątek
Jest polip, co śpi na dnie, gdy się niebo chmurzy,
A na ciszę długimi wywija ramiony.
O myśli! w twojej głębi jest hydra pamiątek,
Co śpi wpośród złych losów i namiętnej burzy;
A gdy serce spokojne, zatapia w nim szpony.

",CISZA MORSKA,https://literat.ug.edu.pl/amwiersz/0033.htm
"Zdarto żagle, ster prysnął, ryk wód, szum zawiei,
Głosy trwożnej gromady, pomp złowieszcze jęki,
Ostatnie liny majtkom wyrwały się z ręki,
Słońce krwawo zachodzi, z nim reszta nadziei.
Wicher z tryumfem zawył. a na mokre góry
Wznoszące się piętrami z morskiego odmętu
Wstąpił genijusz śmierci i szedł do okrętu,
Jak żołnierz szturmujący w połamane mury.
Ci leżą na pół martwi, ów załamał dłonie,
Ten w objęcia przyjaciół żegnając się pada,
Ci modlą się przed śmiercią, aby śmierć odegnać.
Jeden podróżny śledział w milczeniu na stronie
I pomyślił: szczęśliwy, kto siły postrada,
Albo modlić się umie, lub ma z kim się żegnać.

",BURZA,https://literat.ug.edu.pl/amwiersz/0035.htm
"Pielgrzym
Tam?  czy Allach postawił ścianą morze lodu?
Czy aniołom tron odlał z zamrożonej chmury?
Czy Diwy z ćwierci lądu dźwignęli te mury,
Aby gwiazd karawanę nie puszczać ze wschodu?
Na szczycie jaka łuna! pożar Carogrodu!
Czy Allach, gdy noc chylat rozciągnęła bury,
Dla światów żeglujących po morzu natury
Tę latarnię zawiesił śród niebios obwodu?
Mirza
Tam? - Byłem; zima siedzi, tam dzioby potoków
I gardła rzek widziałem pijące z jej gniazda;
Tchnąłem, z ust mych śnieg leciał; pomykałem kroków,
Gdzie orły dróg nie wiedzą, kończy się chmur jazda,
Minąłem grom drzemiący w kolebce z obłoków,
Aż tam, gdzie nad mój turban była tylko gwiazda.
To Czatyrdah!
Pielgrzym
Aa!!

",WIDOK GÓR ZE STEPÓW KOZŁOWA Pielgrzym i mirza,https://literat.ug.edu.pl/amwiersz/0036.htm
"Jeszcze wielka, już pusta Girajów dziedzina.
Zmiatane czołem baszów ganki i przedsienia,
Sofy, trony potęgi, miłości schronienia,
Przeskakuje sarańcza, obwija gadzina.
Skróś okien różnofarbnych powoju roślina,
Wdzierając się na głuche ściany i sklepienia,
Zajmuje dzieło ludzi w imię przyrodzenia
I pisze Balsazara głoskami ""RUINA"".
W środku sali wycięte z marmuru naczynie;
To fontanna haremu, dotąd stoi cało
I perłowe łzy sącząc woła przez pustynie:
""Gdzież jesteś. o miłości, potęgo i chwało!
Wy macie trwać na wieki, źródło szybko płynie,
O hańbo! wyście przeszły, a źródło zostało.

",BAKCZYSARAJ,https://literat.ug.edu.pl/amwiersz/0037.htm
"Rozchodzą się z dżamidów pobożni mieszkańce,
Odgłos izanu w cichym gubi się wieczorze,
Zawstydziło się licem rubinowym zorze,
Srebrny król nocy dąży spocząć przy kochance.
Błyszczą w haremie niebios wieczne gwiazd kagańce,
Śród nich po safirowym żegluje przestworze
Jeden obłok, jak senny łabędź na jeziorze:
Pierś ma białą, a złotem malowane krańce.
Tu cień pada z menaru i wierzchu cyprysa,
Dalej czernią się kołem olbrzymy granitu,
Jak szatany siedzące w dywanie Eblisa
Pod namiotem ciemności; niekiedy z ich szczytu
Budzi się błyskawica i pędem farysa
Przelatuje milczące pustynie błękitu.

",BAKCZYSARAJ W NOCY,https://literat.ug.edu.pl/amwiersz/0038.htm
"W kraju wiosny, pomiędzy rozkosznymi sady,
Uwiędłaś, młoda różo! bo przeszłości chwile,
Ulatując od ciebie jak złote motyle,
Rzuciły w głębi serca pamiątek owady.
Tam na północ ku Polsce świecą gwiazd gromady,
Dlaczegoż na tej drodze błyszczy się ich tyle?
Czy wzrok twój ognia pełen, nim zgasnął w mogile,
Tam wiecznie lecąc jasne powypalał ślady?
Polko, i ja dni skończę w samotnej żałobie;
Tu niech mi garstkę ziemi dłoń przyjazna rzuci.
Podróżni często przy twym rozmawiają grobie,
I mnie wtenczas dźwięk mowy rodzinnej ocuci:
I wieszcz, samotną piosnkę dumając o tobie,
Ujrzy bliską mogiłę, i dla mnie zanuci.

",GRÓB POTOCKIEJ,https://literat.ug.edu.pl/amwiersz/0039.htm
"Wypuszczam na wiatr konia i nie szczędzę razów;
Lasy. doliny, głazy, w kolei, w natłoku
U nóg mych płyną, giną, jak fale potoku;
Chcę odurzyć się, upić tym wirem obrazów.
A gdy spieniony rumak nie słucha rozkazów,
Gdy świat kolory traci pod całunem mroku,
Jak w rozbitym źwierciedle, tak w mym spiekłym oku
Snują się mary lasów i dolin, i głazów.
Ziemia śpi, mnie snu nie ma; skaczę w morskie łona,
Czarny, wydęty bałwan z hukiem na brzeg dąży,
Schylam ku niemu czoło, wyciągam ramiona,
Pęka nad głową fala, chaos mię okrąży;
Czekam, aż myśl, jak łódka wirami kręcona,
Zbłąka się i na chwilę w niepamięć pogrąży.

",BAJDARY,https://literat.ug.edu.pl/amwiersz/0041.htm
"Te zamki, połamane w zwaliska bez ładu,
Zdobiły cię i strzegły, o niewdzięczny Krymie!
Dzisiaj sterczą na górach jak czaszki olbrzymie,
W nich gad mieszka lub człowiek podlejszy od gadu.
Szczeblujmy na wieżycę, szukam herbów śladu;
Jest i napis, tu może bohatera imię,
Co było wojsk postrachem, w zapomnieniu drzymie,
Obwinione jak robak liściem winogradu.
Tu Grek dłutował w murach ateńskie ozdoby,
Stąd Italczyk Mongołom narzucał żelaza
I mekkański przybylec nucił pieśń namaza.
Dziś sępy czarnym skrzydłem oblatują groby,
Jak w mieście, które całkiem wybije zaraza,
Wiecznie z baszt powiewają chorągwie żałoby.

",RUINY ZAMKU W BAŁAKŁAWIE,https://literat.ug.edu.pl/amwiersz/0045.htm
"Lubię poglądać wsparty na Judahu skale,
Jak spienione bałwany to w czarne szeregi
Ścisnąwszy się buchają, to jak srebrne śniegi
W milijonowych tęczach kołują wspaniale.

Trącą się o mieliznę, rozbiją na fale,
Jak wojsko wielorybów zalegając brzegi,
Zdobędą ląd w tryumfie i, na powrót zbiegi,
Miecą za sobą muszle, perły i korale.

Podobnie na twe serce, o poeto młody!
Namiętność często groźne wzburza niepogody;
Lecz gdy podniesiesz bardon, ona bez twej szkody

Ucieka w zapomnienia pogrążyć się toni
I nieśmiertelne pieśni za sobą uroni,
Z których wieki uplotą ozdobę twych skroni.

",AJUDAH,https://literat.ug.edu.pl/amwiersz/0046.htm
"Dante z Wergiliuszem zstępują do piekła. Przeszedłszy
jego różne oddziały i przypatrzywszy się rozmaitym karom, spotykają Ugolina; ten
zapytany od Dantego opowiada mu, jak był z dziećmi głodem zamorzony.
Z PIEŚNI III
Przeze mnie droga w miasto utrapienia;
Przeze mnie droga w wiekuiste męki;
Przeze mnie droga w naród zatracenia;
Jam dzieło wielkiej, sprawiedliwej ręki.
Wzniosła mię z gruntu potęga wszechwłodna,
Mądrość najwyższa, miłość pierworodna:
Kto wchodzi do mnie, żegna się z nadzieją.
Te słowa ryte na bramie czernieją,
Ich treść, o! Mistrzu, jest dla mnie tajemną,
On głosem zwykłym świadomej osobie:
""Tu - rzecze - z marnych wyzuj się przestrachów,
Wszystko, co podłe, niechaj zamrze w tobie;
Spuścić się mamy do wieczności gmachów
I napotkamy tłumy niezliczone,
Wiekuistego światła pozbawione"".
Rzekł, przyjacielską rękę mi podaje,
Dobrotliwymi zachęca uśmiechy.
Uczułem w sercu wzruszenie pociechy
I wszedłem śmiało w tajemnicze kraje.
Stamtąd wzdychania, żale i okrzyki
Szumią śród nocy bez gwiazd i księżyca:
Słucham, i łzami nabiegła źrenica.
Okropny hałas, tysiączne języki,
Wybuchy gniewu, szlochania boleści,
I wycie mężów, i lament niewieści!
Zgiełk przeraźliwy tak rozlicznych wrzasków
To wre na przemian, to się społem zetrze:
Jako tumany afrykańskich piasków,
Kiedy się zerwą i zmącą powietrze.
Z PIEŚNI XXXII  KONIEC
Gdy z miejsc okropnych szukamy przechodu,
Dwóch potępieńców ujrzałem w parowie:
Wyższy niższemu głową legł na głowie;
A jak łakomie szarpiemy chleb z głodu,
Tak on zatopiłkły w ciało sąsiada,
Tam, kędy czaszka do barków przypada.
Nie z takim gniewem Tydej zemstą ślepy
Menalipowej głowy gryzł czerepy,
Jak on swą zdobycz żuje i wysysa.
""Człowieku - rzekłem - co paszczą tygrysa
Mścisz się nad wroga nienawistną głową,
Powiedz mi, jakie masz zemsty powody,
A ja ci moją odpłacę wymową
Kiedyś pomiędzy ziemskimi narody,
Jeśli mię Pan Bóg żywcem stąd wydźwignie,
A język w ustach moich nie zastygnie"".
PIEŚŃ XXXIII
Od strawy dzikiej oderwał paszczękę
Ów potępieniec, i krew z ust ocierał
Włosami czaszki, której mózg pożerał,
I mówi: ""Srogą chcesz odnawiać mękę;
Serce mi pęka, nim usta otwieram.
Lecz gdy ze słów mych, jak z nasion, dojrzeje
Hańba dla zdrajcy, którego pożeram,
Słuchaj, wypowiem, wypłaczę me dzieje.
Nie wiem, kto jesteś, przez jaki cud nowy
Zaszedłeś do nas, lecz po dźwięku mowy
Poznaję w tobie Włocha, Florentina:
Widzisz przed sobą hrabię Ugolina;
A ten, co teraz jest mej zemsty łupem,
Zwał się Rudżiery, był arcybiskupem.
Jak mię w zdradzieckie usidlono słowa,
Jak nieostrożnie wpadłem w jego ręce.
Nie warto mówić, bo rzecz nie jest nowa,
Lecz o mym zgonie, o mej strasznej męce.
Jeśli nikt wieścią uszu twych nie skaził,
Słuchaj i osądż, - czy on mnie obraził?
Jest w głębi wieży podziemna pieczara,
Sławna mym zgonem; dziś może w niej jęczy
Na nowo jaka niewinna ofiara.
Tam oknem, witym z żelaznych obręczy,
Widziałem mnogich księżyców oblicze,
Aż mnie raz we śnie przywidziana mara
Zdarła przyszłości chmury tajemnicze.
Przyśniło mi się, że biskup zawzięty
Polował wilka z małymi wilczęty,
Na owej górze, co wzniosłymi szranki
Z pizańską ziemią i Luką graniczy.
Już chudą psiarnię zemkniono ze smyczy;
Hrabia Gwalandi, Sismondi, Lafranki
Szczują na czele, zdobycz będzie łatwa:
Już wilk znużone zatrzymuje kroki,
Upada wreszcie i ojciec, i dziatwa;
I widzę kłami rozprute ich boki.
Budzę się! jeszcze noc nie zeszła z nieba,
Już moje dziatki, wspólniki niewoli,
Szlochają przez sen i wołają: chleba!
O, jeśli dotąd serce ci nie boli.
Kiedy pomyślisz, co się we mnie działo
I co me serce nadal przeczuwało,
Jeśli nie płaczesz, któż ci łzy wyciśnie?
Budzą się dzieci; wkrótce chwila błyśnie,
W której nam zwykle udzielano strawy;
Lecz na sen pomnąc truchlałem z obawy,
Wtem z bram więzienia łoskot mię doleci -
Zamurowano! - Spojrzałem na dzieci,
Spojrzałem z niemej wyrazem rozpaczy;
A w głębi serca czułem mróz jak w grobie.
Gwido mój mały wołał: ""Co to znaczy?
Tak dziko patrzysz? ojcze mój, co tobie?""
Nie mogłem mówić ni łzy z oczu dostać;
Milczałem - długo - aż do nocy końca.
Nazajutrz do nas zbłądził promyk słońca
I w twarzach dzieci ujrzałem mą postać;
Natenczas z bolu gryzłem obie ręce.
Synowie myśląc, że mię głód tak pali.
Łamiąc rączęta, ze łzami wołali:
""Ojcze kochany, ulżyj twojej męce,
Zjedz twoje dzieci, tyś nas ubrał w ciało.
Tobie nas biednych rozebrać przystało"".
Musiałem milczeć i ból w sobie morzyć,
Wkrótce i mowa w ustach nam zamarła!
Jęczyć nie śmiałem, by dzieci nie trwożyć.
O! ziemio, czemuś ty nas nie pożarła!
Weszło czwartego dnia światło zabojcze,
Anzelmek mały przywlekł się pod nogi
I rozciągniony wołał: ""Ojcze drogi!
Ach, czemu ty nas nie ratujesz, ojcze?""
Wołał i skonał! - Jak mnie tu widzicie,
Tak ja widziałem wszystkie dzieci moje,
Jedno po drugim, - wszystkich było troje,
Wszystkie u nóg mych zakończyły życie.
Od zwłok jednego do drugiego biegłem,
Ślepy na trupach potknąwszy się ległem,
Dzień jeszcze siódmy do słońca zachodu
Krzyczałem z żalu, a na koniec - z głodu,
Bo głód był jeszcze sroższy od żałości"".
Skończył i dziko wywróciwszy oczy,
Na nowo usta w krwawą czaszkę broczy,
I jak pies, zębem zgrzytając, rwie kości.

",UGOLINO,https://literat.ug.edu.pl/amwiersz/0048.htm
"Stary Budrys trzech synów, tęgich jak sam Litwinów,
Na dziedziniec przyzywa i rzecze:
""Wyprowadźcie rumaki i narządźcie kulbaki,
A wyostrzcie i groty, i miecze.
Bo mówiono mi w Wilnie, że otrąbią niemylnie
Trzy wyprawy na świata trzy strony:
Olgierd ruskie posady, Skirgiełł Lachy sąsiady,
A ksiądz Kiejstut napadnie Teutony.
Wyście krzepcy i zdrowi, jedzcie służyć krajowi,
Niech litewskie prowadzą was Bogi;
Tego roku nie jadę, lecz jadącym dam radę:
Trzej jesteście i macie trzy drogi.
Jeden z waszych biec musi za Olgierdem ku Rusi,
Ponad Ilmen, pod mur Nowogrodu;
Tam sobole ogony i srebrzyste zasłony,
I u kupców tam dziengi jak lodu.
Niech zaciągnie się drugi w księdza Kiejstuta cugi,
Niechaj tępi Krzyżaki psubraty;
Tam bursztynów jak piasku, sukna cudnego blasku
I kapłańskie w brylantach ornaty.
Za Skirgiełłem niech trzeci poza Niemen przeleci;
Nędzne znajdzie tam sprzęty domowe,
Ale za to wybierze dobre szable, puklerze
I innie stamtąd przywiezie synowę.
Bo nad wszystkich ziem branki milsze Laszki kochanki,
Wesolutkie jak młode koteczki,
Lice bielsze od mleka, z czarną rzęsą powieka,
Oczy błyszczą się jak dwie gwiazdeczki.
Stamtąd ja przed półwiekiem, gdym był młodym człowiekiem,
Laszkę sobie przywiozłem za żonę;
A choć ona już w grobie, jeszcze dotąd ją sobie
Przypominam, gdy spojrzę w tę stronę.
Taką dawszy przestrogę, błogosławił na drogę;
Oni wsiedli, broń wzięli, pobiegli.
Idzie jesień i zima, synów nié ma i nié ma,
Budrys myślał, że w boju polegli.
Po śnieżystej zamieci do wsi zbrojny mąż leci,
A pod burką wielkiego coś chowa.
""Ej, to kubeł, w tym kuble nowogrodzkie są ruble?""
- ""Nie, mój ojcze, to Laszka synowa"".
Po śnieżystej zamieci do wsi zbrojny mąż leci,
A pod burką wielkiego coś chowa.
""Pewnie z Niemiec, mój synu, wieziesz kubeł bursztynu?""
- ""Nie, mój ojcze, to Laszka synowa"".
Po śnieżystej zamieci do wsi jedzie mąż trzeci,
Burka pełna, zdobyczy tam wiele,
Lecz nim zdobycz pokazał, stary Budrys już kazał
Prosić gości na trzecie wesele.

",TRZECH BUDRYSÓW,https://literat.ug.edu.pl/amwiersz/0051.htm
"Bracia moi! postawcie wielbłądy na nogi,
Dzisiaj Szanfary od was jedzie między wrogi;
Gotowe juki rzemień do garbów przycisnął:
Dalej w drogę, noc ciepła i księżyc zabłysnął.
Dalej! - jeśli przed skwarem na ziemi są cienie,
Dla mężnego przed hańbą znajdzie się schronienie;
I nie będzie mu ciasno, jeśli przy rozumie
Gonić rozkosz a zgubie wymykać się umie.
Znajdę ja druhów, których przyjaźń więcej warta;
Znajdę płowego wilka i pstrego lamparta,
Hyjenę, zdobycz kroki pędzącą chromymi.
To moi przyjaciele, - nie masz między nimi
Półgłówka, co mu tajnia w ustach nie doleży,
Co brata błądzącego z szyderstwem odbieży.
U nich na krzywdę zemsta, na gwałt moc gwałtowna.
Waleczni, ale w męstwie żaden mi nie zrówna.
Nieprzyjaciołom pierwszy ja skaczę do oczu,
A gdy przyjdzie łup dzielić, stoję na uboczu.
W dziale łupów łakomstwo chyżością zwycięża,
Ja czynię obyczajem dostatniego męża;
Nikt wielkością umysłu nie zdoła mi sprostać,
A kto czuje swą wyższość, godzien przy niej zostać.
Porzucam was i tęsknić nie będę za wami,
Których nie przyciągnąłem dobrodziejstw więzami
I do których nie lgnęł nigdy serce moje.
Dosyć mam towarzystwa, gdy zostało troje:
Serce waleczne, szabla, z której ognie biją,
I łuk żółty wielblądzią krzywiący się szyją;
Przy którym pas bogaty, suta frędzla pływa,
Majdan gładko ciosany i tęga cięciwa,
Co tak żałośnie jęczy, gdy z niej grot wyleci,
Jako matka wydarte ścigająca dzieci.
Jam nie sługa pragnienia, co się w noc zaczaja
I odstraszywszy żrebce, sam klacze wydaja;
Jam nie tchórz ni za dziewic ogonem włócęga,
Co w każdej drobnej sprawie rady ich zasięga.
Nie strusie serce moje; choć strach zakołata,
Nierównym pędem w piersiach jak wróbel nie lata.
Kto mię widział od rana do nocy śród gachów,
Brew malować, włos trefić w kąpieli zapachów?
Czy mię kiedy noc zbłąka, choć piaszczysta fala
Tumanami okręci i żwirem zawala?
Lecę na mej wielblądce, wrą u nóg ukropy,
Krzemienie iskry sypiąc pryskają spod stopy.
O głodzie, choć najdłuższym, w wielkomyślnej dumie
Nigdy wspomnieć nie raczę, i tak go zatłumię.
Karmię się prochem ziemi, a głód nadaremnie
Pasując się wyznaje, że słabszy ode mnie.
Gdybym został w obozie, gdzież więcej napitków,
Więcej jadła niż u mnie do potrzeb i zbytków?
Ale mam duszę gorzką. co się z hańbą kłóci,
I jeśli was nie rzucę, dusza mię porzuci.
Teraz pragnienie skręca wnętrzności w mym łonie,
Jak nić różnie targaną na prządki wrzecionie.
Z rana wybiegam na czczo podobny wilkowi,
Co wygłodniały hasa i wiatr paszczą łowi,
I z pustyni w pustynie, w wąwozów rękawy,
Przeciska się włócęga czatujący strawy;
A gdy na długich czatach darmo się utrudzi,
Wyje, wtórują wyciem towarzysze chudzi.
Jako z łonem niepełnym wschodni księżyc cieńki,
Tak zapadłe ich boki, wychudłe paszczęki.
Zęby dzwonią jak strzały we wróżka prawicy
Albo jak roje pszczelne, gdy wkoło rodzicy
Szumiącą polatują na pagórek rzeszą,
Gdzie drabinki bartnika gronami obwieszą.
Paszcza ich wychudzona. ponura i gniewna,
Gardziel rozdarta na kształt rozkłutego drewna.
Zawył; i oni wyją biegąc na pagórki,
Jak płaczące farysa małżonki lub córki.
Umilknął; oni milczą. Wycie mu ulżyło,
I dla nich słyszeć równie wyjącego miło.
Zda się. że spólność głodu wnętrzności uciszy;
Znowu skarży się, znowu skarżących się słyszy,
Umilkł w końcu, umilkła wrzaskliwa gromada.
Lepiej w milczeniu cierpieć, gdy wrzask nic nie nada.
Jeśli do studni jadę, lecący pułk strusi
Daremnie grzmi skrzydłami, męty spijać musi.
Nie zgonił mej wielblądki bystry ich wódz stada;
Ja dojeżdżam, spragniona zostaje gromada.
Jużem odjechał. - Ptastwo runęło na męty,
Wola ich rozciągnione, dziób ku studni zgięty
Jest posłem dobrych wieści; wre ciżba hałasem
Jak obóz karawany siedząceJ popasem.
Znowu śmignęły w górę, znowu w studnie wpadły,
Ścisnęły się na koniec i zręby obsiadły,
I ryczałtem wypiwszy, rozwinęły loty,
Jak runące z oazy Beduinów roty.
Ziemia twarda mnie drużka, nieraz do jej łona
Tuliłem kark mój suchy i chude ramiona,
Których stawy sterczące tak policzyć snadno,
Jak kostki, co zrąk gracza na ławę wypadną.
Jeżeli wojna tęskni za Szanfarym sługą,
Toć Szanfary jej służył i wiernie, i długo,
Dziś nieszczęście w mą duszę jak w piłkę zagrało,
Boleści podzieliły losem moje ciało.
Każda bieda najpierwej na mój kark się wsuwa.
Kiedy zasypiam, bieda u głów moich czuwa
I wytrzeszczywszy oczy patrzy, skąd ugodzić.
Troski koleją febry zwykły do mnie chodzić,
Ale od febry gorzej nie dają pokoju,
Lecą do mnie jak ptaki spragnione do zdroJu;
Sto razy je odpędzisz, i setnymi chmury
Znowu uderzą z boku i z dołu, i z góry.
Wiecie, jak w upał boso lecę przez pustynie,
Podobny córce piasku, błyszczącej gadzinie.
Choć miękko wychowany i z przodków bogaty,
Alem syn Cierpliwości: włożyłem jej szaty
Na pierś, w której hyjeny przemieszkiwa Śmiałość.
Za obuwie na nogi włożyłem Wytrwałość.
Na stepach bez namiotu, w skwary bez pokrycia,
Jam wesół i bogaty, bo nie szczędzę życia.
W dniach szczęścia dostatkami nie byłem odęty,
Głupie lenistwo dla mnie nie miało ponęty.
Czylim z nadstawnym uchem za plotkami latał?
Czylim na cudzą sławę potwarze wymiatał?
Pamiętacie noc klęski! tę noc niepogodną,
Noc tak straszliwie ciemną, tak okropnie chłodną,
Że Arab grzał się paląc własny łuk i groty.
Ja wybiegłem na boje śród mroku i słoty;
Przewodniczką mi była błyskawic pożoga,
Towarzyszami piorun, okropność i trwoga.
Osierociłem dzieci, owdowiłem żony,
Wróciłem, jakem wyszedł, nocą otoczony.
Nazajutrz, gdym spokojnie w Gumaiza leżał,
Mówiono o mnie w stepach, którem w noc przebieżał.
Zeszła się nieprzyjaciół dwoista gromada,
Jedna z nich zapytuje, druga odpowiada.
Słyszano, mówią, wczora nocne psów warczenie,
Zdało się, że wilk przebiegł lub hyjeny szczenię,
Albo ptak przebudzony skrzydłami gdzie musnął;
Bo pies zawarczał tylko i po chwili usnął.
Może to Diw przechodząc tyle szkody zrobił?
Może człowiek? - Nie, człowiek tylu by nie pobił.
Ja w dzień, gdy niebo wrzało ogniami letniemi,
Tak że zmije od skwaru skakały po ziemi,
W dziurawym płaszczu padłem na żwiry kipiące
I zdjąwszy turban, głową wyzywałem słońce,
A włos mój brudu pełny, nie znający woni,
Kołtunami przylegał do niemytej skroni.
Łono pustyni, co się bez końca rozszerza,
Tak twarde i tak nagie jako grzbiet puklerza,
Nieraz całe bosymi przemierzyłem stopy;
Gdy ujrzałem nad głową skał podniebne stropy,
Na klęczkach pnąc się, jak pies, wlazłem im na czoło.
Tam dzikie antelopy biegały wokoło,
Białonogie i wełną odziane bogatą,
Jak nadobne dziewice wlekącą się szatą;
I w oczy mi bez trwogi patrzyła gromada,
Bo myślały, że jestem kozieł, wódz ich stada,
Co mu rogi w tak długie piątrzą się ramiona,
Że wznosząc łeb, rogami dostaje ogona,
Albo nimi do skały przyczepia się szczytu
I wisi jako ptaszek w otchłani błękitu. -

",SZANFARY,https://literat.ug.edu.pl/amwiersz/0052.htm
"Jak łódź wesoła, gdy uciekłszy z ziemi
Znowu po modrym zwija się krysztale,
I pierś morza objąwszy wiosły lubieżnemi
Szyją łabędzią buja ponad fale:
Tak Arab, kiedy rumaka z opoki
Na obszar pustyni strąca,
Gdy kopyta utoną w piaszczyste potoki
Z głuchym szumem, jak w nurtach wody stal gorąca.
Już płynie w suchym morzu koń mój i rozcina
Sypkie bałwany piersiami delfina.
Coraz chyżej. coraz chyżej,
Już po wierzchu żwir zamiata;
Coraz wyżej, coraz wyżej,
Już nad kłąb kurzu wylata.
Czarny mój rumak jak burzliwa chmura,
Gwiazda na czole jego jak jutrzeńka błyska,
Na wolę wiatrów puścił strusiej grzywy pióra,
A nóg białych polotem błyskawice ciska.
Pędź, latawcze białonogi!
Góry z drogi, lasy z drogi!
Daremnie palma zielona
Z cieniem i owocem czeka:
Ja się wydzieram z jej łona;
Palma ze wstydem ucieka,
Kryje się w głębi oazy
I szmerem liści z mojej dumy się uśmiecha.
Ówdzie granic pustyni pilnujące głazy
Dziką na Beduina poglądają twarzą,
Kopyt końskich ostatnie podrzeźniając echa,
Taką za mną groźbą gwarzą:
""O szalony! gdzie on goni,
Tam od ostrych słońca grotów
Głowy jego nie ochroni
Ni palma zielonowłosa,
Ni białe łono namiotów,
Tam jeden namiot - niebiosa.
Tylko skały tam nocują,
Tylko gwiazdy tam koczują"".
Daremnie grożą, daremnie!
Pędzę i podwajam razy.
Spojrzałem, aż dumne głazy
Zostały z dala ode mnie,
Uciekają rzędem długim,
Kryją się jeden za drugim.
Sęp usłyszał ich groźbę i ślepo uwierzył,
Że Beduina weźmie na pustyni jeńcem,
I w pogoń za mną skrzydłami uderzył,
Trzykroć czarnym obwinął głowę moję wieńcem.
""Czuję - krakał - zapach trupi,
Jeździec głupi, rumak głupi.
Jeździec w piaskach szuka drogi,
Szuka paszy białonogi.
Jeźdcze, koniu, pusta praca,
Kto tu zaszedł, nie powraca.
Po tych drogach wiatr się błąka
Unosząc z sobą swe ślady;
Nie dla koni jest ta łąka,
Ona tylko pasie gady.
Tylko trupy tu nocują,
Tylko sępy tu koczują"". -
Kracząc, lśniącymi szpony w oczy mi urągał,
I spójrzeliśmy sobie trzykroć oko w oko.
Któż się uląkł? - Sęp uląkł i uciekł wysoko.
Kiedym go chciał ukarać i majdan naciągał,
I gdym sępa oczyma poza sobą tropił,
Już on wisiał w powietrzu, jako plamka szara,
Wielkości wróbla - motyla - komara -
Potem się całkiem w błękicie roztopił.
Pędź, latawcze białonogi!
Skały z drogi, sępy z drogi!
Wtenczas obłok zachodni wyrwał się spod słońca,
Gonił mię białym skrzydłem po błękitnym sklepie;
On w niebie za takiego chciał uchodzić gońca,
Jakim ja byłem na stepie.
Nad głową moją zawisnął,
Taką groźbę za mną świsnął:
""O szalony! gdzie on goni,
Tam pragnienie piersi stopi,
Obłok deszczem nie odkropi
Osypanej kurzem skroni;
Strumień na błoniu jałowem
Nie ozwie się srebrnym słowem;
Rosa nim na ziemię spadnie,
Wiatr ją głodny w lot rozkradnie"".
Daremnie grozi! Pędzę i podwajam razy;
Obłok strudzony zaczął po niebie się słaniać,
Coraz niżej głowę skłaniać;
Potem oparł się na głazy.
A gdym oczy raz jeszcze ze wzgardą obrócił,
Jużem o całe niebo w tyle go porzucił.
Widziałem z twarzy, co on w sercu knował:
Zaczerwienił się od złości,
Oblał się żółcią zazdrości,
Na koniec jak trup sczemiał i w górach się schował.
Pędź, latawcze białonogi,
Sępy z drogi, chmury z drogi!
Teraz oczy kręgiem słońca
Okręciłem koło siebie;
I na ziemi, i na niebie
Już nie było za mną gońca.
Tu natura snem ujęta
Nigdy ludzkich stóp nie słyszy;
Tu żywioły drzemią w ciszy,
Jak niepłoszone zwierzęta,
Których stado nie ucieka
Widząc pierwszą twarz człowieka. -
Przebóg! ja tu nie pierwszy! śród piaszczystej kępy
Oszańcowane świecą się zastępy.
Czy błądzą, czy z zasadzki czatują na łupy?
Jeźdce w bieli i konie straszliwej białości!
Przybiegam - stoją; wołam - milczą; to są trupy!
Starożytna karawana,
Wiatrem z piasku wygrzebana!
Na skieletach wielblądów siedzą jezdców kości.
Przez jamy, gdzie były oczy,
Przez odarte z ciała szczęki
Piasek strumieniem się toczy
I złowrogie szemrze jęki:
""Beduinie opętany!
Gdzie lecisz? tam huragany!""
Ja pędzę, ja nie znam trwogi.
Pędź, latawcze białonogi!
Trupy, huragany z drogi!
Huragan, z afrykańskich pierwszy wichrzycieli,
Przechadzał się samotny po żwiru topieli.
Obaczył mię z daleka, wstrzymał się i zdumiał,
I kręcąc się na miejscu tak do siebie szumiał:
""Co tam za jeden z wichrów, moich młodszych braci,
Tak poziomego lotu, nikczemnej postaci,
Śmie deptać lądy, którem w dziedzictwie osiągnął?""
Ryknął i ku mnie w kształcie piramidy ciągnął.
Widząc, żem był śmiertelny i nieustraszony,
Ze złości ląd nogą trącił,
Całą Arabiją zmącił
I jak gryf ptaka porwał mię w swe szpony.
Oddechem ognistym palił,
Skrzydłami kurzawy walił,
Ciskał w górę, bił o ziemię,
Nasypywał żwiru brzemię,
Ja zrywam się, walczę śmiało,
Targam jego członków kłęby,
Ćwiertuję piaszczyste ciało,
Gryzę go wściekłymi zęby. -
Huragan chciał z mych ramion w niebo uciec słupem:
Nie wydarł się; w pół ciała zerwał się i runął,
Deszczem piasku z góry lunął
I legł u nóg mych długim jak wał miejski trupem.
Odetchnąłem! ku gwiazdom spoglądałem dumnie;
I wszystkie gwiazdy oczyma złotemi,
Wszystkie poglądały ku mnie:
Bo oprócz mnie nie było nikogo na ziemi.
Jak tu mile oddychać piersiami całemi!
Oddycham pełno! szeroko!
Całe powietrze w Arabistanie
Ledwie mi na oddech stanie.
Jak tu mile poglądać oczyma całemi!
Wytężyło się me oko
Tak daleko! tak szeroko!
Że więcej świata zasięga,
Niż jest w kole widnokręga.
Jak miło się wyciągnąć ramiony całemi!
Wyciągnąłem ku światu ramiona uprzejme,
Zda się, że go ze wschodu na zachód obejmę.
Myśl moja ostrzem leci w otchłanie błękitu,
Wyżej, wyżej i wyżej, aż do niebios szczytu.
Jak pszczoła topiąc żądło i serce z nim grzebie,
Tak ja za myślą duszę utopiłem w niebie!

",FARYS,https://literat.ug.edu.pl/amwiersz/0053.htm
"Z Tobą ja gadam, co królujesz w niebie,
A razem gościsz w domku mego ducha;
Gdy północ wszystko w ciemnościach zagrzebie
I czuwa tylko zgryzota i skrucha,
Z Tobą ja gadam! słów nie mam dla Ciebie:
Myśl Twoja każdej myśli mej wysłucha;
Najdalej władasz i służysz w pobliżu.
Król na niebiosach, w sercu mym na krzyżu.
I każda dobra myśl, jak promień, wraca
Znowu do Ciebie, do źródła, do słońca,
I nazad płynąc, znowu mię ozłaca,
Śle blask, blask biorę i blask mam za gońca.
I każda dobra chęć Ciebie wzbogaca,
I znowu za nię płacisz mi bez końca.
Jak Ty na niebie, Twój sługa, Twe dziecię
Niech się tak cieszy, tak błyszczy na świecie.
Tyś król, o cuda! i Tyś mój poddany!
Każda myśl podła, jako włócznia nowa,
Otwiera Twoje nie zgojone rany,
I każda chęć zła jest gąbka octowa,
Którą do ust Twych zbliżam zagniewany.
Póki Cię moja złość w grobie nie schowa,
Cierpisz, jak sługa panu zaprzedany.
Jak Ty na krzyżu, Twój pan, Twoje dziecię
Niechaj tak cierpi i kocha na świecie.
Kiedym bliźniemu odsłonił myśl chorą
I wątpliwości raka, co ją toczy,
Zły wnet ucieczką ratował się skorą,
Dobry zapłakał, lecz odwracał oczy.
Lekarzu wielki! Ty najlepiej widzisz
Chorobę moją, a mną się nie brzydzisz!
Gdym wobec bliźnich dobył z głębi duszy
Głos przeraźliwszy niżli jęk cierpienia,
Głos wiecznie grzmiący w piekielnej katuszy,
Cichy na ziemi - głos złego sumnienia!
Sędzio straszliwy! Tyś ognie rozdmuchał
Sumnieniu złemu - a Tyś mnie wysłuchał.
Gdy mię spokojnym zowią dzieci świata,
Burzliwą duszę kryję przed ich okiem,
I obojętna duma, jak mgły szata,
Wnętrzne pioruny pozłaca obłokiem;
I tylko w nocy - cicho - na Twe łono
Wylewam burzę, we łzy roztopioną.

",ROZMOWA WIECZORNA,https://literat.ug.edu.pl/amwiersz/0056.htm
"Kiedy rozumne, gromowładne czoło
Zgiąłem przed Panem jak chmurę przed słońcem:
Pan je wzniósł w niebo, jako tęczy koło,
I umalował promieni tysiącem.
I będzie błyszczyć na świadectwo wierze,
Gdy luną klęski z niebieskiego stropu:
I gdy mój naród zlęknie się potopu,
Spojrzy na tęczę i wspomni przymierze.
Panie! mą pychę duch pokory wzniecił;
Choć górnie błyszczę na niebios błękicie,
Panie! jam blaskiem nie swoim zaświecił,
Mój blask jest słabe twych ogniów odbicie!
Przejrzałem niskie ludzkości obszary
Z różnych jej mniemań i barwą, i szumem:
Wielkie i mętne, gdym patrzył rozumem,
Małe i jasne przed oczyma wiary.
I was dostrzegłem, o dumni badacze,
Gdy wami burza jak śmieciem pomiata,
Zamknięci w sobie, jak w konchy ślimacze,
Chcieliście, mali, obejrzeć krąg świata.
Konieczność - rzekli - wedle ślepej woli
Panuje światu, jako księżyc morzu.
A drudzy rzekli: Przypadek swawoli
W ludziach, jak wiatry w nadziemskim przestworzu.
Jest Pan, co objął oceanu fale
I ziemię wiecznia kazał mu zamącać;
Ale granicę wykował na skale,
O którą wiecznie będzie się roztrącać.
Darmo chce powstać z ziemnego pogrzebu;
Ruchomy wiecznie, ruchem swym nie władnie:
Im wyżej buchnął, tym głębiej upadnie,
Wznosząc się wiecznie, nie wzniesie ku niebu.
A promień światła, który słońce rzuci,
Na szumnej morza igrając topieli
Nie tonie, tylko w tęczę się rozdzieli
I znowu w niebo, skąd wyszedł, powróci.
Rozumie ludzki! tyś mały przed Panem,
Tyś kroplą w Jego wszechmogącej dłoni;
Świat cię niezmiernym zowie oceanem
I chce ku niebu na twej wzlecieć toni.
Zdajesz się tykać brzegów widnokręga;
Daremnie z żaglem nawa leci chyża:
Opływa ziemię, niebios nie dosięga;
Twa fala nigdy ku niebu nie zbliża.
Wzdymasz się, płaszczysz, czernisz się i błyskasz,
Otchłanie ryjesz i w górę się ciskasz,
Powietrze ciemnisz chmurami mokremi
I spadasz z gradem - tyś zawsze na ziemi!
A promień Wiary, którą Niebo wznieca,
Topi twe krople, zapala twe gromy
I twe pogodne zwierciadła oświeca;
Ach! ty bez Wiary byłbyś niewidomy.

",ROZUM I WIARA,https://literat.ug.edu.pl/amwiersz/0057.htm
"Już był w ogródku, już witał się z gąską;
Kiedy skok robiąc wpadł w beczkę wkopaną,
Gdzie wodę zbierano;
Ani pomyślić o wyskoczeniu.
Chociaż wody nie było i nawet nie grząsko:
Studnia na półczwarta łokcia,
Za wysokie progi
Na lisie nogi;
Zrąb tak gładki, że nigdzie nie wścibić paznokcia.
Postaw sięż teraz w tego lisa położeniu!
Inny zwierz pewno załamałby łapy
I bił się w chrapy,
Wołając gromu, ażeby go dobił:
Nasz lis takich głupstw nie robił;
Wie, że rozpaczać jest to zło przydawać do zła.
Zawsze maca wkoło zębem,
A patrzy w górę; jakoż wkrótce ujrzał kozła,
Stojącego tuż nad zrębem
I patrzącego z ciekawością w studnię.
Lis wnet spuścił pysk na dno, udając, że pije;
Cmoka mocno, głośno chłepce
I tak sam do siebie szepce:
""Oto mi woda, takiej nie piłem, jak żyję!
Smak lodu, a czysta cudnie.
Chce ini się całemu spłukać,
Ale mi ją szkoda zbrukać,
Szkoda!
Bo co też to za woda!""
Kozioł, który tam właśnie przyszedł wody szukać:
""Ej! - krzyknął z góry - Ej, ty ryży kudła,
Wara od źródła!""
I hop w dół. Lis mu na kark, a z karku na rogi,
A z rogów na zrąb i w nogi

",LIS I KOZIOŁ,https://literat.ug.edu.pl/amwiersz/0065.htm
"""Śpiewaj, Kasiu!..."" I mgłą się powleką
Dwie źrenice, te żywe dwie wróżki.
I ""Kaj wiodą cię, Jasiu, te dróżki?
Na wojenkę, na wojnę daleką!""
Albo: ""Ciągną żurawie nad rzeką,
W rzece pierze Jagusia pieluszki,
Zimna woda oblewa jej nóżki,
A po liczku łzy cieką, ej! cieką...""
I piosenka jak płynie, tak płynie,
Aż się oczy załzawią dziewczynie,
Aż na piersi opadnie jej głowa.
A babusia zasypia spokojna
I coś szepce: ""Ej! wojna! ta wojna!
Ej! ta woda, ta woda lodowa

",VII,https://literat.ug.edu.pl/kasprow/007.htm
"""Słuchaj, Milciu!... to chłopak jest sprytny,
A nam wołu nauki nie zjedzą...
Trza oświaty... a przy tym powiedzą:
Patriota... filantrop... duch szczytny...""
I tak w szkoły szedł Wicuś Pochwytny,
I aż do dna upajał się wiedzą,
A dwór płacił... Lecz rychło coś cedzą:
""Grosz rzucony... chłop krnąbrny, ambitny...""
Trzeba zbadać... I dzwoni uprzężą,
Rżą cugowce... kocz drogę zamiata...
A pod wieczór powróci z mieściny:
""Masz tu chamów! padalce! gadziny!
Wychowałem u piersi swej węża,
To heretyk, to zbój - demokrata!... 

",XXXIV,https://literat.ug.edu.pl/kasprow/034.htm
"Nie mają takiej andaluskie stada,
Byłaby takiej Asturyja rada,
Nie pasie takiej napolska murawa,
Jaka się klaczą przechwala Warszawa.
Hiszpańska-ć wprawdzie chodem i nazwiskiem,
Ale się w kraju rodziła nam bliskiem
I słusznie Polska będzie tym chełpliwa,
Że jej córką jest klacz tak urodziwa.
Znaczne w niej kształtu wizerunki wszelkie:
Głowa niewielka i uszy niewielkie,
Oczy wypukłe, wesołe pojrzenie,
I kłus wspaniały, i żywe chodzenie,
Pierś - ach, pierś! - piękna i zupełna w mierze,
Zad jak ulany i gibkie pacierze,
Tusz do popręgu i kark niezbyt chudy,
Nóżka subtelna, podkasałe udy,
A kosa jasna i obfita grzywa
Blaski złotego przenosi przędziwa.
O, jak to piękna, kiedy wzniósszy głowę
I złotą grzywy puściwszy osnowę,
Buja i między zazdrosnymi stady
Swych rówienniczek zawstydza gromady!
Godna zaiste ciągnąć i wóz słońca,
I stać w królewskiej stajni nie od końca;
Godna, żeby jej sam wystrzygał uszy
I róg wybierał koronny koniuszy.
Teraz niech Neptun kształt na się przybierze
Gładkiego konia, jak gwoli Cererze;
Teraz niech Jowisz, zalotów niesyty,
Końskimi stan swój okryje kopyty,
A więcej wskóra, niż gdy boskie stopy
Bawolim rogiem okrył dla Europy.
A gdy ją będą w bieg różnie ćwiczony
Koniuszy z Litwy i drugi z Korony
Kawałkowali - o, jakie korbety,
Jakie pasady, jakie wężokręty,
Jakie odmiany ręki będą w kole,
Jakie pod rzutnym grzbietem kapryjole!
Bujaj, o cudna klaczo, bujaj sobie,
Rozmnażaj stado, które tak po tobie
Pokupne będzie, że o twe źrebięta
Z sobą się będą rozpierać książęta!
Szczęsny masztalerz, który cię fartuje,
Co cię nakrywa i co cię dekuje;
Szczęśliwe łąki. co pasą klacz gładką;
Szczęśliwszy stadnik, co cię sprawi matką,
A pewnie Pegaz stąd między planety
Przeniesie z tobą spłodzone dzianety.

",NA KLACZ HISZPAŃSKĄ,https://literat.ug.edu.pl/morsztyn/021.htm
"Gwiazd jasne niebo, piasku morskie brzegi,
Kropel spory deszcz, spłachcia gęste śniegi,
Nie tyle mają i jeziora trzciny,
Jak ja mam bólów dla mej Katarzyny.
Tobie, mój Janie, tobie przed wszytkimi
Wiersz się mój kłania i między pańskimi
Ścianami, gdzie cię służba twa zawiera,
Ciebie się Muza nawiedzić napiera.
Drwa-ć to do łasa i do Aten sowy
Słać ci wiersz, który u ciebie gotowy;
Ale-ć i bogom, chociaż też niegłodni,
Choć ich wiatr smrodem nie zaleci spodni,
Przecie im kurzą, przecie z uniżenia
Chleby im kładą i całopalenia.
Kiedy cię niebo tak udarowało.
Że-ć aż do zbytku nie dostaje mało,
Jeśli odrzucisz to, czego masz dosyć,
Cóż ci przyjaciel ma w dary przynosić?
Choć ja nie za dar te-ć posyłam wiersze,
Ale abyś je. niż się puszczą w szersze
Granice i na wyższe wstąpią szczeble,
Sam przegręplował i puścił po grzebie;
Bo jeśli twoje odniosę w tym zdanie
(A bez pochlebstwa), że też i mnie stanie
Wątku do piórka i tchu do tej sprawy -
Nie dbam o cudze przegryzki, poprawy,
Dosyć mi na twym rozsądku i śmiele
Pić- z hipokreńskiej już będę kąpiele.
Tyś u mnie pierwszy i tobie przyznawam,
Że w polskim wierszu za tobą zostawam
I tak leniwo w trop za tobą jadę,
Jak też po sobie pozad drugich kładę.
Miejże się dobrze; odpisz na znak, że ty
Nie skąpisz dla mnie choć droższej monety;
A przy tym - chociaż nie cale znajoma,
Ale życzliwa i bardzo łakoma
Przyjść do lepszego z siostrzyczką poznania -
Moja się Jaga twojej Zozie kłania.

","DO JANA GROTKOWSKIEGO. PISARZA POKOJOWEGO JEGO KRÓLEWSKIEJ MOŚCI",https://literat.ug.edu.pl/morsztyn/019.htm
"Żart to i fraszka przeciw Bogumile,
Coście widziały, oczy, do tej chwile,
Choć wam gładkości włoskie nie nowina,
I które nosi francuska kraina,
Co ich angielska wystawia korona,
Malta wojenna i hiszpańska strona,
Co Wenecyja pokrywa w zapusty,
Co ma Niderland do wdzięcznej rozpusty.
Wszytkoście, oczy wędrowne, widziały,
A wżdyście oków na się nie przybrały;
A teraz w Polszcze. w domu. szwankujecie
I przepłynąwszy, u brzegu toniecie.
Widzę, że trudna wtenczas bywa rada,
Gdy w domu złodziej, ogień u sąsiada,
A im się kto mniej spodziewa i strzeże,
Tym bliższy szwanku i kajdan, i wieże;
I wy chcecie-li ujść a znacznej szkody,
Strzeżcie się, radzę, domowej urody!
Nie w czas przestrzegam, boście wy łakome
I już w was widzę płomienie kryjome,
Już w słup idziecie i jawnie to czuję,
Że was na próżno gdzie indziej kieruję.
Czy-li-ście twardą zoczyły Gorgone,
Że się nie dacie odwieść w inszą stronę?
Czy-li już wiecie, że już chęć i myśli,
I serce służby odmieniać nie myśli?
Więc się nie dzielmy, boć hołdować musi
Chęć, myśl i serce - to i wy - Bogusi.

",DO OCZU SWOICH,https://literat.ug.edu.pl/morsztyn/029.htm
""Nasz Piotr pan wielki". - "Cóż, ma siła włości
Albo pieniędzy?" - "Jako sadła w kości".
"Czy w wielkim domu i zacnie zrodzony?"
"Ociec szwiec i to nie pilnował żony".
"Czy handel wiedzie?" - "Tym się nie zbogaci".
"Czemuż tedy pan?" - "Nierad długów płaci.

",PROPRIUM PA,https://literat.ug.edu.pl/morsztyn/030.htm
"Bracia, bracia, do koni!
Już flaszka na stole'
Dopadszy szklanej broni,
Wypadajmy w pole!
By zabito żółdową
Wojnę i z jej głodem!
My wkroczmy [w] służbę nową
Z winem albo z miodem!
Chociażby pod Kamieńcem
Chmielnicki był z chanem -
Mnie pod biesiednym wieńcem
Dobra myśl hetmanem.
Niech, kogo świerzbią plecy,
Wsiada na Tatary -
Ja z niego drwię pijęcy
Petercyment stary.
Nie pytam, co król myśli
I co stawa w radzie,
Jeśli Węgrowie przyszli,
Kto pójdzie w zakładzie.
Fraszka Mikiesz, Kemeni!
Za tego węgrzyna
Każdy z nas ich zamieni,
Co ma w krośnie wina.
Nie chcę na straże nocne,
Na szylwacht, na harce.
To kunszt: zmóc trunki mocne
I szykować garce.
Niech mię wódz w podjazd zaśle
(Do beczki, nie dalej),
Pójdę, lecz przy tym haśle:
""Natocz"" albo ,.nalej"".
Niech na mankament prochu
Skarżą się puszkarze:
Byle win stało w lochu,
Sęku na bazarze.
Nie pójdę do potrzeby,
Chociaż trwogę biją,
Ale nadstawię gęby,
Kiedy czop wybiją.
Kiedy żołdu nie płacą
I ćwierci w borg bieżą.
Kiedy i porę tracą,
Zimą nas ciemiężą,
Nalej i daj co trzeba
Sera i gomółki.
Stój! Nie mam do niej chleba
Królewskiego bułki!

",PIEŚŃ W OBOZIE POD ŻWAŃCEM 1653,https://literat.ug.edu.pl/morsztyn/053.htm
"O Boże, jakoż podnieść grzeszne oczy
Tam, gdzie Twoja moc wieczną światłość toczy!
Jam robak ziemny, proch nożny, pies zgniły.
We mnie się wszytkie rynsztoki zrodziły.
Jam jest nieczystej białogłowy szmaty
Kawalec, wywóz miejskich ścierwów, a Ty
Jesteś, któryś jest, wieczny, niepojęty,
Pan Bóg Zastępów, Święty, Święty, Święty!
Tyś szczera czystość, niewinność bez skazy,
Jakoż Ci swoje odkrywać mam zmazy?
Jam zwiedział gmachy śmiertelnego grzechu
Siedmiorakiego i straszny w pośmiechu
Zakon Twój miałem, i Twe przykazanie
Każdem znieważył albo zgwałcił. Panie.
Jam nie jednego, chociaż Twa przestroga
Przeciwna była, miał pana i boga;
Jam swych wymysłów bałwanom ofiary
Oddawał, niosąc namiętności w dary.
Brzuch był mój bogiem i tak bogów wiele
Miałem, jako mam zmysłów w własnym ciele,
Bo jak mię który zwyciężył nałogiem,
Zbyteczność panią, a zwyczaj był bogiem.
Częstom człowieka tak spodobał sobie.
Żem w nim kładł większą nadzieję niż w Tobie,
Często godności i dobrego mienia
Chciwość tak wodze ujęła sumnienia,
Żem ich posadził, jakoby tam Ciebie
Nie było nigdy, za bogi na niebie.
Jam brał na darmo i z lekką uwagą
Imię Twe, ciężką karmiąc Cię zniewagą;
Mieć na bluźnierstwa obrzydłe otwarty
Język za dworstwo miałem i za żarty.
Zakazanymi częstom się krępował
Klątwami, których skutek nie zdejmował;
Krzywoprzysięstwem żem zgrzeszył, mój Boże,
Któż nad Cię lepiej przeświadczyć mię może,
Kiedym Ci w całej został obietnicy,
Którąm uczynił przy świętej chrzcielnicy.
Jam tak siódmy dzień święcił i niedziele,
Żem rzadko bywał i w te dni w kościele;
Poprzestałem-ci powszedniej roboty,
Alem się puścił na większe niecnoty:
Wtenczas i tańce, i tłustsze obiady
Odprawowałem, zbytki i biesiady,
Jakby ten dzień był od roboty pusty
Dlatego, abym miał czas do rozpusty.
Jam i rodzicom nie tak był powolny,
Żeby im miał być żywot mój swawolny
Zawsze do smaku, jednak wiesz, o Panie,
Że szanować ich pilne-m miał staranie;
Ale starszego, któregoś czcić kazał,
Nie zawszem sobie jak trzeba poważał,
I gdy napomniał, mimo uszy bardzie
Puszczałem, wieku siwemu ku wzgardzie.
Ja, lubom we krwi z łaski Twej nie zmoczył
Ręki, lecz gniewem często-m tak wykroczył,
Żebym był oraz wszytko na to łożył,
Abym był swego winowajcę pożył;
Więc i to było, żem z lekkiej przyczynki
Na zakazane wstawał pojedynki,
Tak chęci dosyć do zabójstwa było,
Twe miłosierdzie skutku zabroniło.
Jam wszeteczeństwa wszelkiego świadomy
I obywatel bezbożnej Sodomy;
Rzadki dzień minął, rzekę, i godzina,
Żeby nie przybył świeży grzech i wina:
To myśl pragnęła, pożądało oko,
To serce ognia zawzięło głęboko:
Tyś badacz nerek i najskrytszych złości,
Cóż Ci mam swoje wyliczać sprosności?
Jam nie kradł ani idąc za pożytkiem
Zmazałem duszę występkiem tak brzydkiem;
Czylim też i kradł, gdym ludziom poczciwym
Sławy uwłaczał językiem pierzchliwym;
Mogłem też podczas odkryć złe zawody
I tym bliźniego zachować od szkody,
Więc te. którymi łowią więc nieuki,
Dworskie wykręty i zdradliwe sztuki,
Że się ustawnie wkoło mnie bawiły.
Snadź i mnie na swe kopyto zrobiły.
Jam fałszywego nie jest wolen słowa.
Często się z myślą nie zgadzała mowa,
Serce daleko było od tej rzeczy.
Którą się język widział mieć na pieczy,
I żeby dyskurs nieco tym osłodzić,
Śmiałem zmyślone powieści przywodzić.
Jam w swym umyśle zapisał gospodę
Pożądliwości i za własną szkodę
Sadziłem, że się nie mnie to dostało,
Co już, za wolą Twoją, pana miało:
Żyźniejsze było u sąsiada żniwo
W oczach mych, tłustsze obory i żywo
Zazdrość mię piekła, kiedyś, Panie, komu
Większą pokazał łaskę niż mnie w domu.
Tom ja tak Twego Zakonu szanował.
Takem dróg, któreś ustawił, pilnował!
Cóż chcesz? Jam w białym pokarmie przeklęty
Grzech ssał od matki, jam w grzechu poczęty:
Jakom począł być, jakom się w żywocie
Ruszył, tak w grzesznym jestem zaraz błocie.
I jakoż tedy mam zacząć swą mowę
I, tak niegodny, wniść z Tobą w rozmowę?
Nie śmiem, choć mię gwałt prawdziwej potrzeby
Przyciska, przerzec i otworzyć gęby:
Ale śmiem, Panie, bo wiem, że część ciała
Mojego w niebie chwały Twej dostała.
Wiem i tak wierzę, że nie po próżnicy
Pan mój pokrewny po Twej siadł prawicy:
Ma tedy pewnie, choć niedobra, sprawa
Moja jurystę u Twojego prawa.
A czy podobna, aby moja głowa
Za członkiem swoim nie miała rzec słowa?
W tę tedy dufność. w dufność obietnice.
Którąś Ty dusze zwykł cieszyć grzesznice.
Przemowie, Panie, ale Ty od ducha
Ukorzonego nie odwracaj ucha!
Zmiłuj się. Boże. a podług litości
Boskiej, nie ludzkiej, odpuść moje złości.
Odkryłem Ci grzech, odkrył swoje rany.
Wieczny Medyku, a Ty, ubłagany.
Przemyj je winem, miej o nich staranie,
O, lutościwy mój Samarytanie!
Jam wyznał, a Ty odpuść - inszej sprawy
Nie masz: jam grzeszny, a Ty bądź łaskawy.
Nie wchodź z sługą Twym w sąd, bo żaden żywy
Nie ostoi-ć się na sąd sprawiedliwy:
Jeśli, jak słuszna, zechcesz karać złości.
A któż wytrzyma Twojej surowości?
I ze mną jeśli chcesz wstąpić w rachubę.
Już widzę swój dług, i gotową zgubę.
Jeśli do prawa pociągniesz człowieka,
Po próżnicyś go utworzył od wieka;
Na tysiąc słów Twych jednego nie powie.
Jak się o wiecznej śmierci milczkiem dowie.
Cóż Ci ma człowiek odpowiedzieć śmiele.
Kiedyś nieprawość znalazł i w aniele?
Raczej na łaski Twoje, Panie, wspomni,
Które tak dawno świat, jak stoi, pomni.
Wszak nie na wieki gniew Twój będzie trwożył
Ani się będziesz wieczną groźbą srożył;
Wszak nie chcesz śmierci grzesznych, owszem, wrota
Otwierasz chcącym szczerze do żywota.
Jako daleko na dół ziemia spadła
Od górnej sfery i jak się odsiadła
Strona zachodnia od tej, kędy wschodzi
Słońce - tak litość Twoja nas rozwodzi
Z popełnionymi upornie złościami
I tak granice sypie między nami.
Twoja, o Panie, miłość nieba wyższa
I macierzyńskie afekty przewyższa,
Bo choćby matka swoje własne dzieci
Opuścić chciała i mieć w niepamięci,
Ty nie zapomnisz o nas w każdej toni,
Boś nas na własnej wyrysował dłoni.
Raczże i teraz prośby me przypuścić,
Łaskę pokazać, przestępstwo odpuścić,
Zmazać me długi i rządem łaskawem,
Miłosierdziem mię sądzić, a nie prawem.
A jeśli Bóg swej zapomni dobroty
I tak się uprze karać me niecnoty,
Wstań Ty, o Jezu, dosyć urzędowi
Swojemu czyniąc, co Pośrednikowi
Należy, i wstąp między Ojca Twego,
Między mnie, między grzech mój i gniew Jego.
Ukaż Mu w rękach dwie i w nogach rany
Od gwoździ i bok nieuszanowany,
Głowę pokłutą cierniem i z obliczem,
Zsiniałe ciało poszarpane biczsm,
I pot Twój krwawy, i przewrotną radę,
Policzki częste i uczniową zdradę,
Ukaż (że w jednym słowie wszytko rzekę)
Nędzę, głód, hańbę, krew i krzyż, i mękę,
I rzecz, że jeden Twego poniżenia
Powód, żebym ja dostąpił zbawienia,
Żeś dlatego krwie lał nieprzepłacony
Strumień, abym żył i mógł być zbawiony,
Żeś tym okupem najdroższej zasługi
Za swoje sługi powypłacał długi:
Niechże ta męka i ta dobroć wieczna
Będzie grzesznemu teraz pożyteczna,
Niech moc Twej śmierci, wymowa przyczyny
Przed Ojcem Twoim skryje moje winy.
A sam, o Jezu. wspomnij, jako-ć było
Około zdrowia dusz pracować miło,
Jakoś z grzeszniki, którymi się brzydzi
Zakon, obcował, choć wołali Żydzi.
I jaką łaskę odnosił, kto tyle
Miał się do Ciebie i ufał Twej sile.
Tyś Magdalenie, chociaż miasta całe
Na jej swawolą zdały się być małe,
Tyś celnikowi, który grzeszył jawnie
I odprawował urząd swój nieprawnie.
Tyś i uczniowi, co z poprzysiężeniem
Zaprzał się Ciebie przed wtórym zapieniem,
I tym, którzy Cię na krzyżu rozbili,
Wszytko odpuścił, choć Cię nie prosili.
Ażeby Twojej łaskawej prawicy
Ufali ludzie już na szubienicy.
Gotującemu już ostatnie tchnienie
Dałeś łotrowi i raj, i zbawienie.
Ta tedy litość, którąś w ludziach wielu
Pokazał, w własnym i nieprzyjacielu.
Czemuż mię nie ma ratować i czemu
Ma być skurczona przeciw mnie samemu?
Lepiej ja sobie, i tym cieszę duszę,
Znając Twe skłonne przyrodzenie, tuszę.
Wielką-ć, zaprawdę, krzywdę. Boże, czyni,
Kto Cię o srogość i surowość wini:
Chromy jest Twój gniew, karanie leniwe
I kiedy się w wór oblecze Niniwe.
Skłama i Jonasz, a piorun rzucony
W biegu odwraca skrucha w insze strony.
Twoja to rozkosz i pocieszne dzieła
Odpuszczać siła. gdzie zgrzeszono siła:
Odpuśćże i mnie i racz, przejednany,
Wygasić ogień upartej kwartany,
Ale najprzedniej przez moc Twojej ręki
Zachowaj wiecznie pałającej męki
I daj się przez dar prawdziwej pokuty
Schronić gorączki piekielnej i huty.
Ty rad odpuszczasz, a mnie tego trzeba,
Ty nas chcesz zbawić, i ja chcę do nieba:
Bądź tedy łaskaw, a tak w jednej dobie
Wygodzisz i mnie naprzód, lecz i sobie.

",POKUTA W KWARTANIE,https://literat.ug.edu.pl/morsztyn/049.htm
"Obłoki, co z ziemi wstają
I płyną w słońca blask złoty,
Ach, one mi się być zdają
Skrzydłami mojej tęsknoty.
Te białe skrzydła powiewne
Często nad ziemią obwisną,
Łzy po nich spływają rzewne,
Czasem i tęczą zabłysną.
Gwiazdy, co krążą w przestrzeniach
Po drogach nieskończoności,
Są one dla mnie w marzeniach
Oczami mojej miłości.
Patrzą się w ciemne odmęty
Te wielkie ruchome słońca...
I ja miłością przejęty,
Patrzę i tęsknię bez końca.

",Tęsknota,https://literat.ug.edu.pl/asnyk/012.htm
"Przekleństwa synu! co Kaina piętnem
Straszysz w dzień biały Chrystusową trzodę,
Przybywaj do mnie! w uciśnieniu smętnem
Znajdziesz dla siebie gorycz i ochłodę.
Znanyś mi z dawna, gdy życiem namiętnem
Przyniosłeś duszy swojej wieczną szkodę,
Rzuciwszy cnoty gościniec utarty
I do bram niebios biegnąc, i odparty.
Lepiej ci było wraz z bracią Ablową
Przeżuwać życie na pokory zębie,
Kochać na rozkaz i wierzyć na słowo,
Paląc na stosie ofiarnym gołębie;
Niźli do boju stanąwszy z Jehową,
Przeglądać bytu i nicestwa głębie.
Nie byłbyś nosił fatalnej pieczęci,
Na którą z wstrętem patrzą wniebowzięci!
Lecz tym, czym jesteś, skazany na piekło!
Tym cię mieć pragnę! gościu mój posępny!
Bo jakieś echo podziemne mi rzekło:
Że los nasz jeden, że i ja występny,
Czemu tym bardziej wierzyć teraz muszę,
Gdy jasne niebo z piersi mej uciekło,
I sam zostałem, nieprzystępny skrusze,
A tylko jednej rozpaczy przystępny.
Razem więc z tobą, synu potępienia,
Nad Babilonu wodami usiędziem,
A nieśmiertelni wielkością zwątpienia,
Z swej piersi głosu strasznego dobędziem;
Z Prometeuszów wiecznością cierpienia
I z sępem żądzy, męczarni narzędziem,
W własnej niemocy skowani łańcuchy,
Zostaniem bratnie dwa stracone duchy!
Lecz nim utoniem w niepamięci fali
Przed okiem ludzi skryci w obłok czarny,
Niech ich pieśń nasza gromem wstydu spali:
Że w nikczemności pędząc żywot marny,
Płazowe szczęście, nie wielkość obrali;
Niech ich ród szczęsny, cierpliwy i karny
Z pokorą znosi losów wyrok twardy,
My im zapłaćmy jałmużną pogardy...

",Do...,https://literat.ug.edu.pl/asnyk/025.htm
"Hej, radością oczy błysną
I wieniec czoła okrasi.
I wszyscy się mile ścisną:
To wszyscy bracia! To nasi!
Pochlebstwo. chytrość i zbytek
Niech każdy przed progiem miota,
Bo tu wieczny ma przybytek
Ojczyzna, nauka, cnota.
Braterstwa ogniwem spięci,
Zdejmijmy z serca zasłonę,
Otwórzmy czucia i chęci.
Święte, co tu objawione!
Tu wspólne koją cierpienia:
Przyjaźń, wesołość i pienia.
Ale kto w naszym jest gronie,
Śród pracy czy śród zabawy,
Czy przy pługu, czy w koronie,
Niechaj pomni na Ustawy!

Pomni na przysięgę swoją
I w każdej chwili żywota
Niechaj mu na myśli stoją:
Ojczyzna, nauka, cnota.

Dojdziemy, choć przykrą drogą,
Gdy brat bratu rękę poda,
Bo nam i nieba pomogą,
I męstwo, praca i zgoda
!",[Hej, radością oczy błysną...]
",https://literat.ug.edu.pl/amwiersz/0002.htm
